#-----------------------------------------------------------
# Vivado v2019.2 (64-bit)
# SW Build 2708876 on Wed Nov  6 21:40:23 MST 2019
# IP Build 2700528 on Thu Nov  7 00:09:20 MST 2019
# Start of session at: Wed Dec 25 09:49:53 2024
# Process ID: 12748
# Current directory: C:/XJTU COMPARCH/project_5
# Command line: vivado.exe -gui_launcher_event rodinguilauncherevent23436 C:\XJTU COMPARCH\project_5\project_5.xpr
# Log file: C:/XJTU COMPARCH/project_5/vivado.log
# Journal file: C:/XJTU COMPARCH/project_5\vivado.jou
#-----------------------------------------------------------
start_gui
open_project {C:/XJTU COMPARCH/project_5/project_5.xpr}
Scanning sources...
Finished scanning sources
INFO: [IP_Flow 19-234] Refreshing IP repositories
INFO: [IP_Flow 19-1704] No user IP repositories specified
INFO: [IP_Flow 19-2313] Loaded Vivado IP repository 'C:/Xilinx2019/Vivado/2019.2/data/ip'.
open_project: Time (s): cpu = 00:00:05 ; elapsed = 00:00:07 . Memory (MB): peak = 754.551 ; gain = 70.051
update_compile_order -fileset sources_1
synth_design -rtl -name rtl_1
Command: synth_design -rtl -name rtl_1
Starting synth_design
Using part: xc7vx485tffg1157-1
Top: DMem
INFO: [Device 21-403] Loading part xc7vx485tffg1157-1
---------------------------------------------------------------------------------
Starting RTL Elaboration : Time (s): cpu = 00:00:04 ; elapsed = 00:00:06 . Memory (MB): peak = 1386.391 ; gain = 229.836
---------------------------------------------------------------------------------
INFO: [Synth 8-6157] synthesizing module 'DMem' [C:/XJTU COMPARCH/project_5/project_5.srcs/sources_1/new/DMem.v:23]
INFO: [Synth 8-6157] synthesizing module 'FourWaySACache' [C:/XJTU COMPARCH/project_5/project_5.srcs/sources_1/new/FourWaySACache.v:29]
	Parameter NUM_SETS bound to: 16 - type: integer 
	Parameter NUM_WAYS bound to: 4 - type: integer 
ERROR: [Synth 8-3380] loop condition does not converge after 2000 iterations [C:/XJTU COMPARCH/project_5/project_5.srcs/sources_1/new/FourWaySACache.v:100]
ERROR: [Synth 8-6156] failed synthesizing module 'FourWaySACache' [C:/XJTU COMPARCH/project_5/project_5.srcs/sources_1/new/FourWaySACache.v:29]
ERROR: [Synth 8-6156] failed synthesizing module 'DMem' [C:/XJTU COMPARCH/project_5/project_5.srcs/sources_1/new/DMem.v:23]
---------------------------------------------------------------------------------
Finished RTL Elaboration : Time (s): cpu = 00:02:25 ; elapsed = 00:04:28 . Memory (MB): peak = 12551.316 ; gain = 11394.762
---------------------------------------------------------------------------------
RTL Elaboration failed
3 Infos, 0 Warnings, 0 Critical Warnings and 4 Errors encountered.
synth_design failed
ERROR: [Vivado_Tcl 4-5] Elaboration failed - please see the console for details
synth_design -rtl -name rtl_1
Command: synth_design -rtl -name rtl_1
Starting synth_design
Using part: xc7vx485tffg1157-1
Top: DMem
---------------------------------------------------------------------------------
Starting RTL Elaboration : Time (s): cpu = 00:00:01 ; elapsed = 00:00:03 . Memory (MB): peak = 12551.316 ; gain = 0.000
---------------------------------------------------------------------------------
INFO: [Synth 8-6157] synthesizing module 'DMem' [C:/XJTU COMPARCH/project_5/project_5.srcs/sources_1/new/DMem.v:23]
INFO: [Synth 8-6157] synthesizing module 'FourWaySACache' [C:/XJTU COMPARCH/project_5/project_5.srcs/sources_1/new/FourWaySACache.v:29]
	Parameter NUM_SETS bound to: 16 - type: integer 
	Parameter NUM_WAYS bound to: 4 - type: integer 
ERROR: [Synth 8-3380] loop condition does not converge after 2000 iterations [C:/XJTU COMPARCH/project_5/project_5.srcs/sources_1/new/FourWaySACache.v:100]
INFO: [Common 17-41] Interrupt caught. Command should exit soon.
ERROR: [Synth 8-6156] failed synthesizing module 'FourWaySACache' [C:/XJTU COMPARCH/project_5/project_5.srcs/sources_1/new/FourWaySACache.v:29]
ERROR: [Synth 8-6156] failed synthesizing module 'DMem' [C:/XJTU COMPARCH/project_5/project_5.srcs/sources_1/new/DMem.v:23]
INFO: [Common 17-344] 'source' was cancelled
4 Infos, 0 Warnings, 0 Critical Warnings and 3 Errors encountered.
synth_design completed successfully
synth_design: Time (s): cpu = 00:02:00 ; elapsed = 00:03:49 . Memory (MB): peak = 12655.309 ; gain = 103.992
INFO: [Common 17-344] 'synth_design' was cancelled
synth_design -rtl -name rtl_1
Command: synth_design -rtl -name rtl_1
Starting synth_design
Using part: xc7vx485tffg1157-1
Top: DMem
---------------------------------------------------------------------------------
Starting RTL Elaboration : Time (s): cpu = 00:00:01 ; elapsed = 00:00:03 . Memory (MB): peak = 12655.309 ; gain = 0.000
---------------------------------------------------------------------------------
INFO: [Synth 8-6157] synthesizing module 'DMem' [C:/XJTU COMPARCH/project_5/project_5.srcs/sources_1/new/DMem.v:23]
INFO: [Synth 8-6157] synthesizing module 'FourWaySACache' [C:/XJTU COMPARCH/project_5/project_5.srcs/sources_1/new/FourWaySACache.v:29]
	Parameter NUM_SETS bound to: 16 - type: integer 
	Parameter NUM_WAYS bound to: 4 - type: integer 
ERROR: [Synth 8-3380] loop condition does not converge after 2000 iterations [C:/XJTU COMPARCH/project_5/project_5.srcs/sources_1/new/FourWaySACache.v:104]
ERROR: [Synth 8-6156] failed synthesizing module 'FourWaySACache' [C:/XJTU COMPARCH/project_5/project_5.srcs/sources_1/new/FourWaySACache.v:29]
ERROR: [Synth 8-6156] failed synthesizing module 'DMem' [C:/XJTU COMPARCH/project_5/project_5.srcs/sources_1/new/DMem.v:23]
---------------------------------------------------------------------------------
Finished RTL Elaboration : Time (s): cpu = 00:03:09 ; elapsed = 00:06:26 . Memory (MB): peak = 12716.434 ; gain = 61.125
---------------------------------------------------------------------------------
RTL Elaboration failed
2 Infos, 0 Warnings, 0 Critical Warnings and 4 Errors encountered.
synth_design failed
ERROR: [Vivado_Tcl 4-5] Elaboration failed - please see the console for details
launch_simulation
Command: launch_simulation 
INFO: [Vivado 12-5682] Launching behavioral simulation in 'C:/XJTU COMPARCH/project_5/project_5.sim/sim_1/behav/xsim'
INFO: [SIM-utils-51] Simulation object is 'sim_1'
INFO: [SIM-utils-54] Inspecting design source files for 'CPU_sim' in fileset 'sim_1'...
INFO: [USF-XSim-97] Finding global include files...
INFO: [USF-XSim-98] Fetching design files from 'sim_1'...
INFO: [USF-XSim-2] XSim::Compile design
INFO: [USF-XSim-61] Executing 'COMPILE and ANALYZE' step in 'C:/XJTU COMPARCH/project_5/project_5.sim/sim_1/behav/xsim'
"xvlog --incr --relax -prj CPU_sim_vlog.prj"
INFO: [VRFC 10-2263] Analyzing Verilog file "C:/XJTU COMPARCH/project_5/project_5.srcs/sources_1/new/ALU.v" into library xil_defaultlib
INFO: [VRFC 10-311] analyzing module ALU
INFO: [VRFC 10-2263] Analyzing Verilog file "C:/XJTU COMPARCH/project_5/project_5.srcs/sources_1/new/BranchComp.v" into library xil_defaultlib
INFO: [VRFC 10-311] analyzing module BranchComp
INFO: [VRFC 10-2263] Analyzing Verilog file "C:/XJTU COMPARCH/project_5/project_5.srcs/sources_1/new/CPU_Datapath.v" into library xil_defaultlib
INFO: [VRFC 10-311] analyzing module CPU_Datapath
INFO: [VRFC 10-2263] Analyzing Verilog file "C:/XJTU COMPARCH/project_5/project_5.srcs/sources_1/new/ControlLogic_EX.v" into library xil_defaultlib
INFO: [VRFC 10-311] analyzing module ControlLogic_EX
INFO: [VRFC 10-2263] Analyzing Verilog file "C:/XJTU COMPARCH/project_5/project_5.srcs/sources_1/new/ControlLogic_ID.v" into library xil_defaultlib
INFO: [VRFC 10-311] analyzing module ControlLogic_ID
INFO: [VRFC 10-2263] Analyzing Verilog file "C:/XJTU COMPARCH/project_5/project_5.srcs/sources_1/new/DMem.v" into library xil_defaultlib
INFO: [VRFC 10-311] analyzing module DMem
INFO: [VRFC 10-2263] Analyzing Verilog file "C:/XJTU COMPARCH/project_5/project_5.srcs/sources_1/new/FourWaySACache.v" into library xil_defaultlib
INFO: [VRFC 10-311] analyzing module FourWaySACache
INFO: [VRFC 10-2263] Analyzing Verilog file "C:/XJTU COMPARCH/project_5/project_5.srcs/sources_1/new/IMem.v" into library xil_defaultlib
INFO: [VRFC 10-311] analyzing module IMem
INFO: [VRFC 10-2263] Analyzing Verilog file "C:/XJTU COMPARCH/project_5/project_5.srcs/sources_1/new/ImmGen.v" into library xil_defaultlib
INFO: [VRFC 10-311] analyzing module ImmGen
INFO: [VRFC 10-2263] Analyzing Verilog file "C:/XJTU COMPARCH/project_5/project_5.srcs/sources_1/new/MainDsc.v" into library xil_defaultlib
INFO: [VRFC 10-311] analyzing module MainDsc
INFO: [VRFC 10-2263] Analyzing Verilog file "C:/XJTU COMPARCH/project_5/project_5.srcs/sources_1/new/MainDsc_EX.v" into library xil_defaultlib
INFO: [VRFC 10-311] analyzing module MainDsc_EX
INFO: [VRFC 10-2263] Analyzing Verilog file "C:/XJTU COMPARCH/project_5/project_5.srcs/sources_1/new/RAM_4Kx32.v" into library xil_defaultlib
INFO: [VRFC 10-311] analyzing module RAM_4Kx32
INFO: [VRFC 10-2263] Analyzing Verilog file "C:/XJTU COMPARCH/project_5/project_5.srcs/sources_1/new/RegFile.v" into library xil_defaultlib
INFO: [VRFC 10-311] analyzing module RegFile
INFO: [VRFC 10-2263] Analyzing Verilog file "C:/XJTU COMPARCH/project_5/project_5.srcs/sources_1/new/Register.v" into library xil_defaultlib
INFO: [VRFC 10-311] analyzing module Register
INFO: [VRFC 10-2263] Analyzing Verilog file "C:/XJTU COMPARCH/project_5/project_5.srcs/sim_1/new/CPU_sim.v" into library xil_defaultlib
INFO: [VRFC 10-311] analyzing module CPU_sim
INFO: [USF-XSim-69] 'compile' step finished in '2' seconds
INFO: [USF-XSim-3] XSim::Elaborate design
INFO: [USF-XSim-61] Executing 'ELABORATE' step in 'C:/XJTU COMPARCH/project_5/project_5.sim/sim_1/behav/xsim'
"xelab -wto f1795959e9ee4683ab0147d6093c81ff --incr --debug typical --relax --mt 2 -L xil_defaultlib -L unisims_ver -L unimacro_ver -L secureip --snapshot CPU_sim_behav xil_defaultlib.CPU_sim xil_defaultlib.glbl -log elaborate.log"
Vivado Simulator 2019.2
Copyright 1986-1999, 2001-2019 Xilinx, Inc. All Rights Reserved.
Running: C:/Xilinx2019/Vivado/2019.2/bin/unwrapped/win64.o/xelab.exe -wto f1795959e9ee4683ab0147d6093c81ff --incr --debug typical --relax --mt 2 -L xil_defaultlib -L unisims_ver -L unimacro_ver -L secureip --snapshot CPU_sim_behav xil_defaultlib.CPU_sim xil_defaultlib.glbl -log elaborate.log 
Using 2 slave threads.
Starting static elaboration
Pass Through NonSizing Optimizer
WARNING: [VRFC 10-3091] actual bit length 1 differs from formal bit length 32 for port 'Q' [C:/XJTU COMPARCH/project_5/project_5.srcs/sources_1/new/CPU_Datapath.v:165]
WARNING: [VRFC 10-3091] actual bit length 3 differs from formal bit length 32 for port 'Q' [C:/XJTU COMPARCH/project_5/project_5.srcs/sources_1/new/CPU_Datapath.v:166]
WARNING: [VRFC 10-3091] actual bit length 1 differs from formal bit length 32 for port 'Q' [C:/XJTU COMPARCH/project_5/project_5.srcs/sources_1/new/CPU_Datapath.v:167]
WARNING: [VRFC 10-3091] actual bit length 1 differs from formal bit length 32 for port 'Q' [C:/XJTU COMPARCH/project_5/project_5.srcs/sources_1/new/CPU_Datapath.v:168]
WARNING: [VRFC 10-3091] actual bit length 1 differs from formal bit length 32 for port 'Q' [C:/XJTU COMPARCH/project_5/project_5.srcs/sources_1/new/CPU_Datapath.v:169]
WARNING: [VRFC 10-3091] actual bit length 4 differs from formal bit length 32 for port 'Q' [C:/XJTU COMPARCH/project_5/project_5.srcs/sources_1/new/CPU_Datapath.v:170]
WARNING: [VRFC 10-3091] actual bit length 1 differs from formal bit length 32 for port 'Q' [C:/XJTU COMPARCH/project_5/project_5.srcs/sources_1/new/CPU_Datapath.v:171]
WARNING: [VRFC 10-3091] actual bit length 2 differs from formal bit length 32 for port 'Q' [C:/XJTU COMPARCH/project_5/project_5.srcs/sources_1/new/CPU_Datapath.v:172]
WARNING: [VRFC 10-3091] actual bit length 1 differs from formal bit length 32 for port 'Q' [C:/XJTU COMPARCH/project_5/project_5.srcs/sources_1/new/CPU_Datapath.v:224]
WARNING: [VRFC 10-3091] actual bit length 1 differs from formal bit length 32 for port 'Q' [C:/XJTU COMPARCH/project_5/project_5.srcs/sources_1/new/CPU_Datapath.v:225]
WARNING: [VRFC 10-3091] actual bit length 2 differs from formal bit length 32 for port 'Q' [C:/XJTU COMPARCH/project_5/project_5.srcs/sources_1/new/CPU_Datapath.v:226]
WARNING: [VRFC 10-3091] actual bit length 1 differs from formal bit length 32 for port 'Q' [C:/XJTU COMPARCH/project_5/project_5.srcs/sources_1/new/CPU_Datapath.v:242]
WARNING: [VRFC 10-3091] actual bit length 2 differs from formal bit length 32 for port 'Q' [C:/XJTU COMPARCH/project_5/project_5.srcs/sources_1/new/CPU_Datapath.v:243]
Completed static elaboration
Starting simulation data flow analysis
Completed simulation data flow analysis
Time Resolution for simulation is 1ps
Compiling module xil_defaultlib.IMem
Compiling module xil_defaultlib.Register
Compiling module xil_defaultlib.MainDsc
Compiling module xil_defaultlib.ControlLogic_ID
Compiling module xil_defaultlib.RegFile
Compiling module xil_defaultlib.ImmGen
Compiling module xil_defaultlib.ALU
Compiling module xil_defaultlib.MainDsc_EX
Compiling module xil_defaultlib.ControlLogic_EX
Compiling module xil_defaultlib.BranchComp
Compiling module xil_defaultlib.FourWaySACache
Compiling module xil_defaultlib.RAM_4Kx32_default
Compiling module xil_defaultlib.DMem
Compiling module xil_defaultlib.CPU_Datapath
Compiling module xil_defaultlib.CPU_sim
Compiling module xil_defaultlib.glbl
Built simulation snapshot CPU_sim_behav

****** Webtalk v2019.2 (64-bit)
  **** SW Build 2708876 on Wed Nov  6 21:40:23 MST 2019
  **** IP Build 2700528 on Thu Nov  7 00:09:20 MST 2019
    ** Copyright 1986-2019 Xilinx, Inc. All Rights Reserved.

source C:/XJTU -notrace
couldn't read file "C:/XJTU": permission denied
INFO: [Common 17-206] Exiting Webtalk at Wed Dec 25 10:35:39 2024...
run_program: Time (s): cpu = 00:00:00 ; elapsed = 00:00:07 . Memory (MB): peak = 12716.434 ; gain = 0.000
INFO: [USF-XSim-69] 'elaborate' step finished in '7' seconds
INFO: [USF-XSim-4] XSim::Simulate design
INFO: [USF-XSim-61] Executing 'SIMULATE' step in 'C:/XJTU COMPARCH/project_5/project_5.sim/sim_1/behav/xsim'
INFO: [USF-XSim-98] *** Running xsim
   with args "CPU_sim_behav -key {Behavioral:sim_1:Functional:CPU_sim} -tclbatch {CPU_sim.tcl} -view {{C:/XJTU COMPARCH/project_5/CPU_sim_behav.wcfg}} -log {simulate.log}"
INFO: [USF-XSim-8] Loading simulator feature
Vivado Simulator 2019.2
Time resolution is 1 ps
open_wave_config {C:/XJTU COMPARCH/project_5/CPU_sim_behav.wcfg}
source CPU_sim.tcl
# set curr_wave [current_wave_config]
# if { [string length $curr_wave] == 0 } {
#   if { [llength [get_objects]] > 0} {
#     add_wave /
#     set_property needs_save false [current_wave_config]
#   } else {
#      send_msg_id Add_Wave-1 WARNING "No top level signals found. Simulator will start without a wave window. If you want to open a wave window go to 'File->New Waveform Configuration' or type 'create_wave_config' in the TCL console."
#   }
# }
# run 1000ns
INFO: [USF-XSim-96] XSim completed. Design snapshot 'CPU_sim_behav' loaded.
INFO: [USF-XSim-97] XSim simulation ran for 1000ns
launch_simulation: Time (s): cpu = 00:00:02 ; elapsed = 00:00:15 . Memory (MB): peak = 12716.434 ; gain = 0.000
close_sim
INFO: [Simtcl 6-16] Simulation closed
synth_design -rtl -name rtl_1
Command: synth_design -rtl -name rtl_1
Starting synth_design
Using part: xc7vx485tffg1157-1
Top: DMem
---------------------------------------------------------------------------------
Starting RTL Elaboration : Time (s): cpu = 00:00:02 ; elapsed = 00:00:04 . Memory (MB): peak = 12716.434 ; gain = 0.000
---------------------------------------------------------------------------------
INFO: [Synth 8-6157] synthesizing module 'DMem' [C:/XJTU COMPARCH/project_5/project_5.srcs/sources_1/new/DMem.v:23]
INFO: [Synth 8-6157] synthesizing module 'FourWaySACache' [C:/XJTU COMPARCH/project_5/project_5.srcs/sources_1/new/FourWaySACache.v:29]
	Parameter NUM_SETS bound to: 16 - type: integer 
	Parameter NUM_WAYS bound to: 4 - type: integer 
WARNING: [Synth 8-5856] 3D RAM lru_reg  for this pattern/configuration is not supported. This will most likely be implemented in registers
WARNING: [Synth 8-5856] 3D RAM data_reg  for this pattern/configuration is not supported. This will most likely be implemented in registers
WARNING: [Synth 8-5856] 3D RAM tags_reg  for this pattern/configuration is not supported. This will most likely be implemented in registers
WARNING: [Synth 8-5856] 3D RAM valid_reg  for this pattern/configuration is not supported. This will most likely be implemented in registers
WARNING: [Synth 8-5856] 3D RAM dirty_reg  for this pattern/configuration is not supported. This will most likely be implemented in registers
WARNING: [Synth 8-6014] Unused sequential element replace_way_reg was removed.  [C:/XJTU COMPARCH/project_5/project_5.srcs/sources_1/new/FourWaySACache.v:83]
INFO: [Synth 8-6155] done synthesizing module 'FourWaySACache' (1#1) [C:/XJTU COMPARCH/project_5/project_5.srcs/sources_1/new/FourWaySACache.v:29]
WARNING: [Synth 8-7023] instance 'Cache_1' of module 'FourWaySACache' has 10 connections declared, but only 9 given [C:/XJTU COMPARCH/project_5/project_5.srcs/sources_1/new/DMem.v:37]
INFO: [Synth 8-6157] synthesizing module 'RAM_4Kx32' [C:/XJTU COMPARCH/project_5/project_5.srcs/sources_1/new/RAM_4Kx32.v:23]
	Parameter Addr_Width bound to: 12 - type: integer 
	Parameter Data_Width bound to: 32 - type: integer 
	Parameter SIZE bound to: 4096 - type: integer 
INFO: [Common 17-41] Interrupt caught. Command should exit soon.
INFO: [Synth 8-6155] done synthesizing module 'RAM_4Kx32' (2#1) [C:/XJTU COMPARCH/project_5/project_5.srcs/sources_1/new/RAM_4Kx32.v:23]
INFO: [Common 17-344] 'source' was cancelled
7 Infos, 7 Warnings, 0 Critical Warnings and 0 Errors encountered.
synth_design completed successfully
synth_design: Time (s): cpu = 00:04:35 ; elapsed = 00:07:29 . Memory (MB): peak = 12716.434 ; gain = 0.000
INFO: [Common 17-344] 'synth_design' was cancelled
synth_design -rtl -name rtl_1
Command: synth_design -rtl -name rtl_1
Starting synth_design
Using part: xc7vx485tffg1157-1
Top: DMem
INFO: [Common 17-41] Interrupt caught. Command should exit soon.
INFO: [Common 17-344] 'source' was cancelled
2 Infos, 0 Warnings, 0 Critical Warnings and 0 Errors encountered.
synth_design completed successfully
INFO: [Common 17-344] 'synth_design' was cancelled
set_property top Register [current_fileset]
update_compile_order -fileset sources_1
synth_design -rtl -name rtl_1
Command: synth_design -rtl -name rtl_1
Starting synth_design
Using part: xc7vx485tffg1157-1
Top: Register
---------------------------------------------------------------------------------
Starting RTL Elaboration : Time (s): cpu = 00:00:02 ; elapsed = 00:00:03 . Memory (MB): peak = 12716.434 ; gain = 0.000
---------------------------------------------------------------------------------
INFO: [Synth 8-6157] synthesizing module 'Register' [C:/XJTU COMPARCH/project_5/project_5.srcs/sources_1/new/Register.v:23]
	Parameter N bound to: 32 - type: integer 
INFO: [Synth 8-6155] done synthesizing module 'Register' (1#1) [C:/XJTU COMPARCH/project_5/project_5.srcs/sources_1/new/Register.v:23]
---------------------------------------------------------------------------------
Finished RTL Elaboration : Time (s): cpu = 00:00:03 ; elapsed = 00:00:05 . Memory (MB): peak = 12716.434 ; gain = 0.000
---------------------------------------------------------------------------------

Report Check Netlist: 
+------+------------------+-------+---------+-------+------------------+
|      |Item              |Errors |Warnings |Status |Description       |
+------+------------------+-------+---------+-------+------------------+
|1     |multi_driven_nets |      0|        0|Passed |Multi driven nets |
+------+------------------+-------+---------+-------+------------------+
---------------------------------------------------------------------------------
Start Handling Custom Attributes
---------------------------------------------------------------------------------
---------------------------------------------------------------------------------
Finished Handling Custom Attributes : Time (s): cpu = 00:00:03 ; elapsed = 00:00:06 . Memory (MB): peak = 12716.434 ; gain = 0.000
---------------------------------------------------------------------------------
---------------------------------------------------------------------------------
Finished RTL Optimization Phase 1 : Time (s): cpu = 00:00:03 ; elapsed = 00:00:06 . Memory (MB): peak = 12716.434 ; gain = 0.000
---------------------------------------------------------------------------------
Netlist sorting complete. Time (s): cpu = 00:00:00 ; elapsed = 00:00:00.002 . Memory (MB): peak = 12716.434 ; gain = 0.000
INFO: [Project 1-570] Preparing netlist for logic optimization

Processing XDC Constraints
Initializing timing engine
Completed Processing XDC Constraints

INFO: [Opt 31-138] Pushed 0 inverter(s) to 0 load pin(s).
Netlist sorting complete. Time (s): cpu = 00:00:00 ; elapsed = 00:00:00 . Memory (MB): peak = 12716.434 ; gain = 0.000
INFO: [Project 1-111] Unisim Transformation Summary:
No Unisim elements were transformed.

RTL Elaboration Complete:  : Time (s): cpu = 00:00:07 ; elapsed = 00:00:12 . Memory (MB): peak = 12716.434 ; gain = 0.000
5 Infos, 0 Warnings, 0 Critical Warnings and 0 Errors encountered.
synth_design completed successfully
synth_design: Time (s): cpu = 00:00:07 ; elapsed = 00:00:12 . Memory (MB): peak = 12716.434 ; gain = 0.000
close_design
set_property top FourWaySACache [current_fileset]
update_compile_order -fileset sources_1
synth_design -rtl -name rtl_1
Command: synth_design -rtl -name rtl_1
Starting synth_design
Using part: xc7vx485tffg1157-1
Top: FourWaySACache
---------------------------------------------------------------------------------
Starting RTL Elaboration : Time (s): cpu = 00:00:03 ; elapsed = 00:00:04 . Memory (MB): peak = 12716.434 ; gain = 0.000
---------------------------------------------------------------------------------
INFO: [Synth 8-6157] synthesizing module 'FourWaySACache' [C:/XJTU COMPARCH/project_5/project_5.srcs/sources_1/new/FourWaySACache.v:29]
	Parameter NUM_SETS bound to: 16 - type: integer 
	Parameter NUM_WAYS bound to: 4 - type: integer 
WARNING: [Synth 8-5856] 3D RAM lru_reg  for this pattern/configuration is not supported. This will most likely be implemented in registers
WARNING: [Synth 8-5856] 3D RAM data_reg  for this pattern/configuration is not supported. This will most likely be implemented in registers
WARNING: [Synth 8-5856] 3D RAM tags_reg  for this pattern/configuration is not supported. This will most likely be implemented in registers
WARNING: [Synth 8-5856] 3D RAM valid_reg  for this pattern/configuration is not supported. This will most likely be implemented in registers
WARNING: [Synth 8-5856] 3D RAM dirty_reg  for this pattern/configuration is not supported. This will most likely be implemented in registers
WARNING: [Synth 8-6014] Unused sequential element replace_way_reg was removed.  [C:/XJTU COMPARCH/project_5/project_5.srcs/sources_1/new/FourWaySACache.v:83]
INFO: [Synth 8-6155] done synthesizing module 'FourWaySACache' (1#1) [C:/XJTU COMPARCH/project_5/project_5.srcs/sources_1/new/FourWaySACache.v:29]
WARNING: [Synth 8-3331] design FourWaySACache has unconnected port address[11]
WARNING: [Synth 8-3331] design FourWaySACache has unconnected port address[10]
WARNING: [Synth 8-3331] design FourWaySACache has unconnected port address[9]
WARNING: [Synth 8-3331] design FourWaySACache has unconnected port address[7]
WARNING: [Synth 8-3331] design FourWaySACache has unconnected port address[6]
WARNING: [Synth 8-3331] design FourWaySACache has unconnected port address[5]
WARNING: [Synth 8-3331] design FourWaySACache has unconnected port address[3]
WARNING: [Synth 8-3331] design FourWaySACache has unconnected port address[2]
WARNING: [Synth 8-3331] design FourWaySACache has unconnected port address[1]
---------------------------------------------------------------------------------
Finished RTL Elaboration : Time (s): cpu = 00:00:03 ; elapsed = 00:00:05 . Memory (MB): peak = 12716.434 ; gain = 0.000
---------------------------------------------------------------------------------

Report Check Netlist: 
+------+------------------+-------+---------+-------+------------------+
|      |Item              |Errors |Warnings |Status |Description       |
+------+------------------+-------+---------+-------+------------------+
|1     |multi_driven_nets |      0|        0|Passed |Multi driven nets |
+------+------------------+-------+---------+-------+------------------+
---------------------------------------------------------------------------------
Start Handling Custom Attributes
---------------------------------------------------------------------------------
---------------------------------------------------------------------------------
Finished Handling Custom Attributes : Time (s): cpu = 00:00:03 ; elapsed = 00:00:05 . Memory (MB): peak = 12716.434 ; gain = 0.000
---------------------------------------------------------------------------------
---------------------------------------------------------------------------------
Finished RTL Optimization Phase 1 : Time (s): cpu = 00:00:03 ; elapsed = 00:00:05 . Memory (MB): peak = 12716.434 ; gain = 0.000
---------------------------------------------------------------------------------
Netlist sorting complete. Time (s): cpu = 00:00:01 ; elapsed = 00:00:00.050 . Memory (MB): peak = 12716.434 ; gain = 0.000
INFO: [Project 1-570] Preparing netlist for logic optimization

Processing XDC Constraints
Initializing timing engine
Completed Processing XDC Constraints

INFO: [Opt 31-138] Pushed 0 inverter(s) to 0 load pin(s).
Netlist sorting complete. Time (s): cpu = 00:00:00 ; elapsed = 00:00:00 . Memory (MB): peak = 12716.434 ; gain = 0.000
INFO: [Project 1-111] Unisim Transformation Summary:
No Unisim elements were transformed.

RTL Elaboration Complete:  : Time (s): cpu = 00:00:06 ; elapsed = 00:00:09 . Memory (MB): peak = 12716.434 ; gain = 0.000
5 Infos, 15 Warnings, 0 Critical Warnings and 0 Errors encountered.
synth_design completed successfully
synth_design: Time (s): cpu = 00:00:06 ; elapsed = 00:00:09 . Memory (MB): peak = 12716.434 ; gain = 0.000
close_design
set_property top DMem [current_fileset]
update_compile_order -fileset sources_1
synth_design -rtl -name rtl_1
Command: synth_design -rtl -name rtl_1
Starting synth_design
Using part: xc7vx485tffg1157-1
Top: DMem
---------------------------------------------------------------------------------
Starting RTL Elaboration : Time (s): cpu = 00:00:02 ; elapsed = 00:00:03 . Memory (MB): peak = 12716.434 ; gain = 0.000
---------------------------------------------------------------------------------
INFO: [Synth 8-6157] synthesizing module 'DMem' [C:/XJTU COMPARCH/project_5/project_5.srcs/sources_1/new/DMem.v:23]
INFO: [Synth 8-6157] synthesizing module 'FourWaySACache' [C:/XJTU COMPARCH/project_5/project_5.srcs/sources_1/new/FourWaySACache.v:29]
	Parameter NUM_SETS bound to: 16 - type: integer 
	Parameter NUM_WAYS bound to: 4 - type: integer 
WARNING: [Synth 8-5856] 3D RAM lru_reg  for this pattern/configuration is not supported. This will most likely be implemented in registers
WARNING: [Synth 8-5856] 3D RAM data_reg  for this pattern/configuration is not supported. This will most likely be implemented in registers
WARNING: [Synth 8-5856] 3D RAM tags_reg  for this pattern/configuration is not supported. This will most likely be implemented in registers
WARNING: [Synth 8-5856] 3D RAM valid_reg  for this pattern/configuration is not supported. This will most likely be implemented in registers
WARNING: [Synth 8-5856] 3D RAM dirty_reg  for this pattern/configuration is not supported. This will most likely be implemented in registers
WARNING: [Synth 8-6014] Unused sequential element replace_way_reg was removed.  [C:/XJTU COMPARCH/project_5/project_5.srcs/sources_1/new/FourWaySACache.v:83]
INFO: [Synth 8-6155] done synthesizing module 'FourWaySACache' (1#1) [C:/XJTU COMPARCH/project_5/project_5.srcs/sources_1/new/FourWaySACache.v:29]
WARNING: [Synth 8-7023] instance 'Cache_1' of module 'FourWaySACache' has 10 connections declared, but only 9 given [C:/XJTU COMPARCH/project_5/project_5.srcs/sources_1/new/DMem.v:37]
INFO: [Synth 8-6157] synthesizing module 'RAM_4Kx32' [C:/XJTU COMPARCH/project_5/project_5.srcs/sources_1/new/RAM_4Kx32.v:23]
	Parameter Addr_Width bound to: 12 - type: integer 
	Parameter Data_Width bound to: 32 - type: integer 
	Parameter SIZE bound to: 4096 - type: integer 
INFO: [Common 17-41] Interrupt caught. Command should exit soon.
INFO: [Synth 8-6155] done synthesizing module 'RAM_4Kx32' (2#1) [C:/XJTU COMPARCH/project_5/project_5.srcs/sources_1/new/RAM_4Kx32.v:23]
INFO: [Common 17-344] 'source' was cancelled
7 Infos, 7 Warnings, 0 Critical Warnings and 0 Errors encountered.
synth_design completed successfully
synth_design: Time (s): cpu = 00:04:06 ; elapsed = 00:06:47 . Memory (MB): peak = 12716.434 ; gain = 0.000
INFO: [Common 17-344] 'synth_design' was cancelled
synth_design -rtl -name rtl_1
Command: synth_design -rtl -name rtl_1
Starting synth_design
Using part: xc7vx485tffg1157-1
Top: DMem
---------------------------------------------------------------------------------
Starting RTL Elaboration : Time (s): cpu = 00:00:02 ; elapsed = 00:00:04 . Memory (MB): peak = 12716.434 ; gain = 0.000
---------------------------------------------------------------------------------
INFO: [Synth 8-6157] synthesizing module 'DMem' [C:/XJTU COMPARCH/project_5/project_5.srcs/sources_1/new/DMem.v:23]
INFO: [Synth 8-6157] synthesizing module 'FourWaySACache' [C:/XJTU COMPARCH/project_5/project_5.srcs/sources_1/new/FourWaySACache.v:29]
	Parameter NUM_SETS bound to: 16 - type: integer 
	Parameter NUM_WAYS bound to: 4 - type: integer 
WARNING: [Synth 8-5856] 3D RAM lru_reg  for this pattern/configuration is not supported. This will most likely be implemented in registers
WARNING: [Synth 8-5856] 3D RAM data_reg  for this pattern/configuration is not supported. This will most likely be implemented in registers
WARNING: [Synth 8-5856] 3D RAM tags_reg  for this pattern/configuration is not supported. This will most likely be implemented in registers
WARNING: [Synth 8-5856] 3D RAM valid_reg  for this pattern/configuration is not supported. This will most likely be implemented in registers
WARNING: [Synth 8-5856] 3D RAM dirty_reg  for this pattern/configuration is not supported. This will most likely be implemented in registers
WARNING: [Synth 8-6014] Unused sequential element replace_way_reg was removed.  [C:/XJTU COMPARCH/project_5/project_5.srcs/sources_1/new/FourWaySACache.v:83]
INFO: [Synth 8-6155] done synthesizing module 'FourWaySACache' (1#1) [C:/XJTU COMPARCH/project_5/project_5.srcs/sources_1/new/FourWaySACache.v:29]
INFO: [Synth 8-6157] synthesizing module 'RAM_4Kx32' [C:/XJTU COMPARCH/project_5/project_5.srcs/sources_1/new/RAM_4Kx32.v:23]
	Parameter Addr_Width bound to: 12 - type: integer 
	Parameter Data_Width bound to: 32 - type: integer 
	Parameter SIZE bound to: 4096 - type: integer 
INFO: [Synth 8-6155] done synthesizing module 'RAM_4Kx32' (2#1) [C:/XJTU COMPARCH/project_5/project_5.srcs/sources_1/new/RAM_4Kx32.v:23]
INFO: [Synth 8-6155] done synthesizing module 'DMem' (3#1) [C:/XJTU COMPARCH/project_5/project_5.srcs/sources_1/new/DMem.v:23]
WARNING: [Synth 8-3331] design RAM_4Kx32 has unconnected port CLK
WARNING: [Synth 8-3331] design FourWaySACache has unconnected port address[11]
WARNING: [Synth 8-3331] design FourWaySACache has unconnected port address[10]
WARNING: [Synth 8-3331] design FourWaySACache has unconnected port address[9]
WARNING: [Synth 8-3331] design FourWaySACache has unconnected port address[7]
WARNING: [Synth 8-3331] design FourWaySACache has unconnected port address[6]
WARNING: [Synth 8-3331] design FourWaySACache has unconnected port address[5]
WARNING: [Synth 8-3331] design FourWaySACache has unconnected port address[3]
WARNING: [Synth 8-3331] design FourWaySACache has unconnected port address[2]
WARNING: [Synth 8-3331] design FourWaySACache has unconnected port address[1]
---------------------------------------------------------------------------------
Finished RTL Elaboration : Time (s): cpu = 00:04:32 ; elapsed = 00:07:22 . Memory (MB): peak = 12716.434 ; gain = 0.000
---------------------------------------------------------------------------------

Report Check Netlist: 
+------+------------------+-------+---------+-------+------------------+
|      |Item              |Errors |Warnings |Status |Description       |
+------+------------------+-------+---------+-------+------------------+
|1     |multi_driven_nets |      0|        0|Passed |Multi driven nets |
+------+------------------+-------+---------+-------+------------------+
---------------------------------------------------------------------------------
Start Handling Custom Attributes
---------------------------------------------------------------------------------
---------------------------------------------------------------------------------
Finished Handling Custom Attributes : Time (s): cpu = 00:04:54 ; elapsed = 00:07:58 . Memory (MB): peak = 12716.434 ; gain = 0.000
---------------------------------------------------------------------------------
---------------------------------------------------------------------------------
Finished RTL Optimization Phase 1 : Time (s): cpu = 00:04:54 ; elapsed = 00:07:58 . Memory (MB): peak = 12716.434 ; gain = 0.000
---------------------------------------------------------------------------------
Netlist sorting complete. Time (s): cpu = 00:00:11 ; elapsed = 00:00:16 . Memory (MB): peak = 12716.434 ; gain = 0.000
INFO: [Project 1-570] Preparing netlist for logic optimization

Processing XDC Constraints
Initializing timing engine
Completed Processing XDC Constraints

INFO: [Opt 31-138] Pushed 0 inverter(s) to 0 load pin(s).
Netlist sorting complete. Time (s): cpu = 00:00:00 ; elapsed = 00:00:00.030 . Memory (MB): peak = 12716.434 ; gain = 0.000
INFO: [Project 1-111] Unisim Transformation Summary:
No Unisim elements were transformed.

RTL Elaboration Complete:  : Time (s): cpu = 00:06:48 ; elapsed = 00:10:25 . Memory (MB): peak = 12716.434 ; gain = 0.000
9 Infos, 16 Warnings, 0 Critical Warnings and 0 Errors encountered.
synth_design completed successfully
synth_design: Time (s): cpu = 00:06:48 ; elapsed = 00:10:25 . Memory (MB): peak = 12716.434 ; gain = 0.000
close_design
set_property top CPU_Datapath [current_fileset]
update_compile_order -fileset sources_1
launch_simulation
Command: launch_simulation 
INFO: [Vivado 12-5682] Launching behavioral simulation in 'C:/XJTU COMPARCH/project_5/project_5.sim/sim_1/behav/xsim'
INFO: [SIM-utils-51] Simulation object is 'sim_1'
INFO: [SIM-utils-54] Inspecting design source files for 'CPU_sim' in fileset 'sim_1'...
INFO: [USF-XSim-97] Finding global include files...
INFO: [USF-XSim-98] Fetching design files from 'sim_1'...
INFO: [USF-XSim-2] XSim::Compile design
INFO: [USF-XSim-61] Executing 'COMPILE and ANALYZE' step in 'C:/XJTU COMPARCH/project_5/project_5.sim/sim_1/behav/xsim'
"xvlog --incr --relax -prj CPU_sim_vlog.prj"
INFO: [VRFC 10-2263] Analyzing Verilog file "C:/XJTU COMPARCH/project_5/project_5.srcs/sources_1/new/ALU.v" into library xil_defaultlib
INFO: [VRFC 10-311] analyzing module ALU
INFO: [VRFC 10-2263] Analyzing Verilog file "C:/XJTU COMPARCH/project_5/project_5.srcs/sources_1/new/BranchComp.v" into library xil_defaultlib
INFO: [VRFC 10-311] analyzing module BranchComp
INFO: [VRFC 10-2263] Analyzing Verilog file "C:/XJTU COMPARCH/project_5/project_5.srcs/sources_1/new/CPU_Datapath.v" into library xil_defaultlib
INFO: [VRFC 10-311] analyzing module CPU_Datapath
INFO: [VRFC 10-2263] Analyzing Verilog file "C:/XJTU COMPARCH/project_5/project_5.srcs/sources_1/new/ControlLogic_EX.v" into library xil_defaultlib
INFO: [VRFC 10-311] analyzing module ControlLogic_EX
INFO: [VRFC 10-2263] Analyzing Verilog file "C:/XJTU COMPARCH/project_5/project_5.srcs/sources_1/new/ControlLogic_ID.v" into library xil_defaultlib
INFO: [VRFC 10-311] analyzing module ControlLogic_ID
INFO: [VRFC 10-2263] Analyzing Verilog file "C:/XJTU COMPARCH/project_5/project_5.srcs/sources_1/new/DMem.v" into library xil_defaultlib
INFO: [VRFC 10-311] analyzing module DMem
INFO: [VRFC 10-2263] Analyzing Verilog file "C:/XJTU COMPARCH/project_5/project_5.srcs/sources_1/new/FourWaySACache.v" into library xil_defaultlib
INFO: [VRFC 10-311] analyzing module FourWaySACache
INFO: [VRFC 10-2263] Analyzing Verilog file "C:/XJTU COMPARCH/project_5/project_5.srcs/sources_1/new/IMem.v" into library xil_defaultlib
INFO: [VRFC 10-311] analyzing module IMem
INFO: [VRFC 10-2263] Analyzing Verilog file "C:/XJTU COMPARCH/project_5/project_5.srcs/sources_1/new/ImmGen.v" into library xil_defaultlib
INFO: [VRFC 10-311] analyzing module ImmGen
INFO: [VRFC 10-2263] Analyzing Verilog file "C:/XJTU COMPARCH/project_5/project_5.srcs/sources_1/new/MainDsc.v" into library xil_defaultlib
INFO: [VRFC 10-311] analyzing module MainDsc
INFO: [VRFC 10-2263] Analyzing Verilog file "C:/XJTU COMPARCH/project_5/project_5.srcs/sources_1/new/MainDsc_EX.v" into library xil_defaultlib
INFO: [VRFC 10-311] analyzing module MainDsc_EX
INFO: [VRFC 10-2263] Analyzing Verilog file "C:/XJTU COMPARCH/project_5/project_5.srcs/sources_1/new/RAM_4Kx32.v" into library xil_defaultlib
INFO: [VRFC 10-311] analyzing module RAM_4Kx32
INFO: [VRFC 10-2263] Analyzing Verilog file "C:/XJTU COMPARCH/project_5/project_5.srcs/sources_1/new/RegFile.v" into library xil_defaultlib
INFO: [VRFC 10-311] analyzing module RegFile
INFO: [VRFC 10-2263] Analyzing Verilog file "C:/XJTU COMPARCH/project_5/project_5.srcs/sources_1/new/Register.v" into library xil_defaultlib
INFO: [VRFC 10-311] analyzing module Register
INFO: [VRFC 10-2263] Analyzing Verilog file "C:/XJTU COMPARCH/project_5/project_5.srcs/sim_1/new/CPU_sim.v" into library xil_defaultlib
INFO: [VRFC 10-311] analyzing module CPU_sim
INFO: [USF-XSim-69] 'compile' step finished in '1' seconds
INFO: [USF-XSim-3] XSim::Elaborate design
INFO: [USF-XSim-61] Executing 'ELABORATE' step in 'C:/XJTU COMPARCH/project_5/project_5.sim/sim_1/behav/xsim'
"xelab -wto f1795959e9ee4683ab0147d6093c81ff --incr --debug typical --relax --mt 2 -L xil_defaultlib -L unisims_ver -L unimacro_ver -L secureip --snapshot CPU_sim_behav xil_defaultlib.CPU_sim xil_defaultlib.glbl -log elaborate.log"
Vivado Simulator 2019.2
Copyright 1986-1999, 2001-2019 Xilinx, Inc. All Rights Reserved.
Running: C:/Xilinx2019/Vivado/2019.2/bin/unwrapped/win64.o/xelab.exe -wto f1795959e9ee4683ab0147d6093c81ff --incr --debug typical --relax --mt 2 -L xil_defaultlib -L unisims_ver -L unimacro_ver -L secureip --snapshot CPU_sim_behav xil_defaultlib.CPU_sim xil_defaultlib.glbl -log elaborate.log 
Using 2 slave threads.
Starting static elaboration
Pass Through NonSizing Optimizer
WARNING: [VRFC 10-3091] actual bit length 1 differs from formal bit length 32 for port 'Q' [C:/XJTU COMPARCH/project_5/project_5.srcs/sources_1/new/CPU_Datapath.v:165]
WARNING: [VRFC 10-3091] actual bit length 3 differs from formal bit length 32 for port 'Q' [C:/XJTU COMPARCH/project_5/project_5.srcs/sources_1/new/CPU_Datapath.v:166]
WARNING: [VRFC 10-3091] actual bit length 1 differs from formal bit length 32 for port 'Q' [C:/XJTU COMPARCH/project_5/project_5.srcs/sources_1/new/CPU_Datapath.v:167]
WARNING: [VRFC 10-3091] actual bit length 1 differs from formal bit length 32 for port 'Q' [C:/XJTU COMPARCH/project_5/project_5.srcs/sources_1/new/CPU_Datapath.v:168]
WARNING: [VRFC 10-3091] actual bit length 1 differs from formal bit length 32 for port 'Q' [C:/XJTU COMPARCH/project_5/project_5.srcs/sources_1/new/CPU_Datapath.v:169]
WARNING: [VRFC 10-3091] actual bit length 4 differs from formal bit length 32 for port 'Q' [C:/XJTU COMPARCH/project_5/project_5.srcs/sources_1/new/CPU_Datapath.v:170]
WARNING: [VRFC 10-3091] actual bit length 1 differs from formal bit length 32 for port 'Q' [C:/XJTU COMPARCH/project_5/project_5.srcs/sources_1/new/CPU_Datapath.v:171]
WARNING: [VRFC 10-3091] actual bit length 2 differs from formal bit length 32 for port 'Q' [C:/XJTU COMPARCH/project_5/project_5.srcs/sources_1/new/CPU_Datapath.v:172]
WARNING: [VRFC 10-3091] actual bit length 1 differs from formal bit length 32 for port 'Q' [C:/XJTU COMPARCH/project_5/project_5.srcs/sources_1/new/CPU_Datapath.v:224]
WARNING: [VRFC 10-3091] actual bit length 1 differs from formal bit length 32 for port 'Q' [C:/XJTU COMPARCH/project_5/project_5.srcs/sources_1/new/CPU_Datapath.v:225]
WARNING: [VRFC 10-3091] actual bit length 2 differs from formal bit length 32 for port 'Q' [C:/XJTU COMPARCH/project_5/project_5.srcs/sources_1/new/CPU_Datapath.v:226]
WARNING: [VRFC 10-3091] actual bit length 1 differs from formal bit length 32 for port 'Q' [C:/XJTU COMPARCH/project_5/project_5.srcs/sources_1/new/CPU_Datapath.v:242]
WARNING: [VRFC 10-3091] actual bit length 2 differs from formal bit length 32 for port 'Q' [C:/XJTU COMPARCH/project_5/project_5.srcs/sources_1/new/CPU_Datapath.v:243]
Completed static elaboration
Starting simulation data flow analysis
Completed simulation data flow analysis
Time Resolution for simulation is 1ps
Compiling module xil_defaultlib.IMem
Compiling module xil_defaultlib.Register
Compiling module xil_defaultlib.MainDsc
Compiling module xil_defaultlib.ControlLogic_ID
Compiling module xil_defaultlib.RegFile
Compiling module xil_defaultlib.ImmGen
Compiling module xil_defaultlib.ALU
Compiling module xil_defaultlib.MainDsc_EX
Compiling module xil_defaultlib.ControlLogic_EX
Compiling module xil_defaultlib.BranchComp
Compiling module xil_defaultlib.FourWaySACache
Compiling module xil_defaultlib.RAM_4Kx32_default
Compiling module xil_defaultlib.DMem
Compiling module xil_defaultlib.CPU_Datapath
Compiling module xil_defaultlib.CPU_sim
Compiling module xil_defaultlib.glbl
Built simulation snapshot CPU_sim_behav
INFO: [USF-XSim-69] 'elaborate' step finished in '2' seconds
INFO: [USF-XSim-4] XSim::Simulate design
INFO: [USF-XSim-61] Executing 'SIMULATE' step in 'C:/XJTU COMPARCH/project_5/project_5.sim/sim_1/behav/xsim'
INFO: [USF-XSim-98] *** Running xsim
   with args "CPU_sim_behav -key {Behavioral:sim_1:Functional:CPU_sim} -tclbatch {CPU_sim.tcl} -view {{C:/XJTU COMPARCH/project_5/CPU_sim_behav.wcfg}} -log {simulate.log}"
INFO: [USF-XSim-8] Loading simulator feature
Vivado Simulator 2019.2
Time resolution is 1 ps
open_wave_config {C:/XJTU COMPARCH/project_5/CPU_sim_behav.wcfg}
source CPU_sim.tcl
# set curr_wave [current_wave_config]
# if { [string length $curr_wave] == 0 } {
#   if { [llength [get_objects]] > 0} {
#     add_wave /
#     set_property needs_save false [current_wave_config]
#   } else {
#      send_msg_id Add_Wave-1 WARNING "No top level signals found. Simulator will start without a wave window. If you want to open a wave window go to 'File->New Waveform Configuration' or type 'create_wave_config' in the TCL console."
#   }
# }
# run 1000ns
INFO: [USF-XSim-96] XSim completed. Design snapshot 'CPU_sim_behav' loaded.
INFO: [USF-XSim-97] XSim simulation ran for 1000ns
launch_simulation: Time (s): cpu = 00:00:01 ; elapsed = 00:00:07 . Memory (MB): peak = 12716.434 ; gain = 0.000
current_wave_config {CPU_sim_behav.wcfg}
CPU_sim_behav.wcfg
add_wave {{/CPU_sim/CPU_1/DMem_1/miss}} 
current_wave_config {CPU_sim_behav.wcfg}
CPU_sim_behav.wcfg
add_wave {{/CPU_sim/CPU_1/DMem_1/mem_data}} 
current_wave_config {CPU_sim_behav.wcfg}
CPU_sim_behav.wcfg
add_wave {{/CPU_sim/CPU_1/DMem_1/cache_data}} 
current_wave_config {CPU_sim_behav.wcfg}
CPU_sim_behav.wcfg
add_wave {{/CPU_sim/CPU_1/DMem_1/Cache_1/way_hit}} 
current_wave_config {CPU_sim_behav.wcfg}
CPU_sim_behav.wcfg
add_wave {{/CPU_sim/CPU_1/DMem_1/Cache_1/replace_way}} 
restart
INFO: [Simtcl 6-17] Simulation restarted
run 10 us
save_wave_config {C:/XJTU COMPARCH/project_5/CPU_sim_behav.wcfg}
close_sim
INFO: [Simtcl 6-16] Simulation closed
launch_simulation
Command: launch_simulation 
INFO: [Vivado 12-5682] Launching behavioral simulation in 'C:/XJTU COMPARCH/project_5/project_5.sim/sim_1/behav/xsim'
INFO: [SIM-utils-51] Simulation object is 'sim_1'
INFO: [SIM-utils-54] Inspecting design source files for 'CPU_sim' in fileset 'sim_1'...
INFO: [USF-XSim-97] Finding global include files...
INFO: [USF-XSim-98] Fetching design files from 'sim_1'...
INFO: [USF-XSim-2] XSim::Compile design
INFO: [USF-XSim-61] Executing 'COMPILE and ANALYZE' step in 'C:/XJTU COMPARCH/project_5/project_5.sim/sim_1/behav/xsim'
"xvlog --incr --relax -prj CPU_sim_vlog.prj"
INFO: [VRFC 10-2263] Analyzing Verilog file "C:/XJTU COMPARCH/project_5/project_5.srcs/sources_1/new/ALU.v" into library xil_defaultlib
INFO: [VRFC 10-311] analyzing module ALU
INFO: [VRFC 10-2263] Analyzing Verilog file "C:/XJTU COMPARCH/project_5/project_5.srcs/sources_1/new/BranchComp.v" into library xil_defaultlib
INFO: [VRFC 10-311] analyzing module BranchComp
INFO: [VRFC 10-2263] Analyzing Verilog file "C:/XJTU COMPARCH/project_5/project_5.srcs/sources_1/new/CPU_Datapath.v" into library xil_defaultlib
INFO: [VRFC 10-311] analyzing module CPU_Datapath
INFO: [VRFC 10-2263] Analyzing Verilog file "C:/XJTU COMPARCH/project_5/project_5.srcs/sources_1/new/ControlLogic_EX.v" into library xil_defaultlib
INFO: [VRFC 10-311] analyzing module ControlLogic_EX
INFO: [VRFC 10-2263] Analyzing Verilog file "C:/XJTU COMPARCH/project_5/project_5.srcs/sources_1/new/ControlLogic_ID.v" into library xil_defaultlib
INFO: [VRFC 10-311] analyzing module ControlLogic_ID
INFO: [VRFC 10-2263] Analyzing Verilog file "C:/XJTU COMPARCH/project_5/project_5.srcs/sources_1/new/DMem.v" into library xil_defaultlib
INFO: [VRFC 10-311] analyzing module DMem
INFO: [VRFC 10-2263] Analyzing Verilog file "C:/XJTU COMPARCH/project_5/project_5.srcs/sources_1/new/FourWaySACache.v" into library xil_defaultlib
INFO: [VRFC 10-311] analyzing module FourWaySACache
INFO: [VRFC 10-2263] Analyzing Verilog file "C:/XJTU COMPARCH/project_5/project_5.srcs/sources_1/new/IMem.v" into library xil_defaultlib
INFO: [VRFC 10-311] analyzing module IMem
INFO: [VRFC 10-2263] Analyzing Verilog file "C:/XJTU COMPARCH/project_5/project_5.srcs/sources_1/new/ImmGen.v" into library xil_defaultlib
INFO: [VRFC 10-311] analyzing module ImmGen
INFO: [VRFC 10-2263] Analyzing Verilog file "C:/XJTU COMPARCH/project_5/project_5.srcs/sources_1/new/MainDsc.v" into library xil_defaultlib
INFO: [VRFC 10-311] analyzing module MainDsc
INFO: [VRFC 10-2263] Analyzing Verilog file "C:/XJTU COMPARCH/project_5/project_5.srcs/sources_1/new/MainDsc_EX.v" into library xil_defaultlib
INFO: [VRFC 10-311] analyzing module MainDsc_EX
INFO: [VRFC 10-2263] Analyzing Verilog file "C:/XJTU COMPARCH/project_5/project_5.srcs/sources_1/new/RAM_4Kx32.v" into library xil_defaultlib
INFO: [VRFC 10-311] analyzing module RAM_4Kx32
INFO: [VRFC 10-2263] Analyzing Verilog file "C:/XJTU COMPARCH/project_5/project_5.srcs/sources_1/new/RegFile.v" into library xil_defaultlib
INFO: [VRFC 10-311] analyzing module RegFile
INFO: [VRFC 10-2263] Analyzing Verilog file "C:/XJTU COMPARCH/project_5/project_5.srcs/sources_1/new/Register.v" into library xil_defaultlib
INFO: [VRFC 10-311] analyzing module Register
INFO: [VRFC 10-2263] Analyzing Verilog file "C:/XJTU COMPARCH/project_5/project_5.srcs/sim_1/new/CPU_sim.v" into library xil_defaultlib
INFO: [VRFC 10-311] analyzing module CPU_sim
INFO: [USF-XSim-69] 'compile' step finished in '1' seconds
INFO: [USF-XSim-3] XSim::Elaborate design
INFO: [USF-XSim-61] Executing 'ELABORATE' step in 'C:/XJTU COMPARCH/project_5/project_5.sim/sim_1/behav/xsim'
"xelab -wto f1795959e9ee4683ab0147d6093c81ff --incr --debug typical --relax --mt 2 -L xil_defaultlib -L unisims_ver -L unimacro_ver -L secureip --snapshot CPU_sim_behav xil_defaultlib.CPU_sim xil_defaultlib.glbl -log elaborate.log"
Vivado Simulator 2019.2
Copyright 1986-1999, 2001-2019 Xilinx, Inc. All Rights Reserved.
Running: C:/Xilinx2019/Vivado/2019.2/bin/unwrapped/win64.o/xelab.exe -wto f1795959e9ee4683ab0147d6093c81ff --incr --debug typical --relax --mt 2 -L xil_defaultlib -L unisims_ver -L unimacro_ver -L secureip --snapshot CPU_sim_behav xil_defaultlib.CPU_sim xil_defaultlib.glbl -log elaborate.log 
Using 2 slave threads.
Starting static elaboration
Pass Through NonSizing Optimizer
WARNING: [VRFC 10-3091] actual bit length 1 differs from formal bit length 32 for port 'Q' [C:/XJTU COMPARCH/project_5/project_5.srcs/sources_1/new/CPU_Datapath.v:165]
WARNING: [VRFC 10-3091] actual bit length 3 differs from formal bit length 32 for port 'Q' [C:/XJTU COMPARCH/project_5/project_5.srcs/sources_1/new/CPU_Datapath.v:166]
WARNING: [VRFC 10-3091] actual bit length 1 differs from formal bit length 32 for port 'Q' [C:/XJTU COMPARCH/project_5/project_5.srcs/sources_1/new/CPU_Datapath.v:167]
WARNING: [VRFC 10-3091] actual bit length 1 differs from formal bit length 32 for port 'Q' [C:/XJTU COMPARCH/project_5/project_5.srcs/sources_1/new/CPU_Datapath.v:168]
WARNING: [VRFC 10-3091] actual bit length 1 differs from formal bit length 32 for port 'Q' [C:/XJTU COMPARCH/project_5/project_5.srcs/sources_1/new/CPU_Datapath.v:169]
WARNING: [VRFC 10-3091] actual bit length 4 differs from formal bit length 32 for port 'Q' [C:/XJTU COMPARCH/project_5/project_5.srcs/sources_1/new/CPU_Datapath.v:170]
WARNING: [VRFC 10-3091] actual bit length 1 differs from formal bit length 32 for port 'Q' [C:/XJTU COMPARCH/project_5/project_5.srcs/sources_1/new/CPU_Datapath.v:171]
WARNING: [VRFC 10-3091] actual bit length 2 differs from formal bit length 32 for port 'Q' [C:/XJTU COMPARCH/project_5/project_5.srcs/sources_1/new/CPU_Datapath.v:172]
WARNING: [VRFC 10-3091] actual bit length 1 differs from formal bit length 32 for port 'Q' [C:/XJTU COMPARCH/project_5/project_5.srcs/sources_1/new/CPU_Datapath.v:224]
WARNING: [VRFC 10-3091] actual bit length 1 differs from formal bit length 32 for port 'Q' [C:/XJTU COMPARCH/project_5/project_5.srcs/sources_1/new/CPU_Datapath.v:225]
WARNING: [VRFC 10-3091] actual bit length 2 differs from formal bit length 32 for port 'Q' [C:/XJTU COMPARCH/project_5/project_5.srcs/sources_1/new/CPU_Datapath.v:226]
WARNING: [VRFC 10-3091] actual bit length 1 differs from formal bit length 32 for port 'Q' [C:/XJTU COMPARCH/project_5/project_5.srcs/sources_1/new/CPU_Datapath.v:242]
WARNING: [VRFC 10-3091] actual bit length 2 differs from formal bit length 32 for port 'Q' [C:/XJTU COMPARCH/project_5/project_5.srcs/sources_1/new/CPU_Datapath.v:243]
Completed static elaboration
Starting simulation data flow analysis
Completed simulation data flow analysis
Time Resolution for simulation is 1ps
Compiling module xil_defaultlib.IMem
Compiling module xil_defaultlib.Register
Compiling module xil_defaultlib.MainDsc
Compiling module xil_defaultlib.ControlLogic_ID
Compiling module xil_defaultlib.RegFile
Compiling module xil_defaultlib.ImmGen
Compiling module xil_defaultlib.ALU
Compiling module xil_defaultlib.MainDsc_EX
Compiling module xil_defaultlib.ControlLogic_EX
Compiling module xil_defaultlib.BranchComp
Compiling module xil_defaultlib.FourWaySACache
Compiling module xil_defaultlib.RAM_4Kx32_default
Compiling module xil_defaultlib.DMem
Compiling module xil_defaultlib.CPU_Datapath
Compiling module xil_defaultlib.CPU_sim
Compiling module xil_defaultlib.glbl
Built simulation snapshot CPU_sim_behav
INFO: [USF-XSim-69] 'elaborate' step finished in '2' seconds
INFO: [USF-XSim-4] XSim::Simulate design
INFO: [USF-XSim-61] Executing 'SIMULATE' step in 'C:/XJTU COMPARCH/project_5/project_5.sim/sim_1/behav/xsim'
INFO: [USF-XSim-98] *** Running xsim
   with args "CPU_sim_behav -key {Behavioral:sim_1:Functional:CPU_sim} -tclbatch {CPU_sim.tcl} -view {{C:/XJTU COMPARCH/project_5/CPU_sim_behav.wcfg}} -log {simulate.log}"
INFO: [USF-XSim-8] Loading simulator feature
Vivado Simulator 2019.2
Time resolution is 1 ps
open_wave_config {C:/XJTU COMPARCH/project_5/CPU_sim_behav.wcfg}
source CPU_sim.tcl
# set curr_wave [current_wave_config]
# if { [string length $curr_wave] == 0 } {
#   if { [llength [get_objects]] > 0} {
#     add_wave /
#     set_property needs_save false [current_wave_config]
#   } else {
#      send_msg_id Add_Wave-1 WARNING "No top level signals found. Simulator will start without a wave window. If you want to open a wave window go to 'File->New Waveform Configuration' or type 'create_wave_config' in the TCL console."
#   }
# }
# run 1000ns
INFO: [USF-XSim-96] XSim completed. Design snapshot 'CPU_sim_behav' loaded.
INFO: [USF-XSim-97] XSim simulation ran for 1000ns
launch_simulation: Time (s): cpu = 00:00:01 ; elapsed = 00:00:07 . Memory (MB): peak = 12716.434 ; gain = 0.000
close_sim
INFO: [Simtcl 6-16] Simulation closed
launch_simulation
Command: launch_simulation 
INFO: [Vivado 12-5682] Launching behavioral simulation in 'C:/XJTU COMPARCH/project_5/project_5.sim/sim_1/behav/xsim'
INFO: [SIM-utils-51] Simulation object is 'sim_1'
INFO: [SIM-utils-54] Inspecting design source files for 'CPU_sim' in fileset 'sim_1'...
INFO: [USF-XSim-97] Finding global include files...
INFO: [USF-XSim-98] Fetching design files from 'sim_1'...
INFO: [USF-XSim-2] XSim::Compile design
INFO: [USF-XSim-61] Executing 'COMPILE and ANALYZE' step in 'C:/XJTU COMPARCH/project_5/project_5.sim/sim_1/behav/xsim'
"xvlog --incr --relax -prj CPU_sim_vlog.prj"
INFO: [VRFC 10-2263] Analyzing Verilog file "C:/XJTU COMPARCH/project_5/project_5.srcs/sources_1/new/ALU.v" into library xil_defaultlib
INFO: [VRFC 10-311] analyzing module ALU
INFO: [VRFC 10-2263] Analyzing Verilog file "C:/XJTU COMPARCH/project_5/project_5.srcs/sources_1/new/BranchComp.v" into library xil_defaultlib
INFO: [VRFC 10-311] analyzing module BranchComp
INFO: [VRFC 10-2263] Analyzing Verilog file "C:/XJTU COMPARCH/project_5/project_5.srcs/sources_1/new/CPU_Datapath.v" into library xil_defaultlib
INFO: [VRFC 10-311] analyzing module CPU_Datapath
INFO: [VRFC 10-2263] Analyzing Verilog file "C:/XJTU COMPARCH/project_5/project_5.srcs/sources_1/new/ControlLogic_EX.v" into library xil_defaultlib
INFO: [VRFC 10-311] analyzing module ControlLogic_EX
INFO: [VRFC 10-2263] Analyzing Verilog file "C:/XJTU COMPARCH/project_5/project_5.srcs/sources_1/new/ControlLogic_ID.v" into library xil_defaultlib
INFO: [VRFC 10-311] analyzing module ControlLogic_ID
INFO: [VRFC 10-2263] Analyzing Verilog file "C:/XJTU COMPARCH/project_5/project_5.srcs/sources_1/new/DMem.v" into library xil_defaultlib
INFO: [VRFC 10-311] analyzing module DMem
INFO: [VRFC 10-2263] Analyzing Verilog file "C:/XJTU COMPARCH/project_5/project_5.srcs/sources_1/new/FourWaySACache.v" into library xil_defaultlib
INFO: [VRFC 10-311] analyzing module FourWaySACache
INFO: [VRFC 10-2263] Analyzing Verilog file "C:/XJTU COMPARCH/project_5/project_5.srcs/sources_1/new/IMem.v" into library xil_defaultlib
INFO: [VRFC 10-311] analyzing module IMem
INFO: [VRFC 10-2263] Analyzing Verilog file "C:/XJTU COMPARCH/project_5/project_5.srcs/sources_1/new/ImmGen.v" into library xil_defaultlib
INFO: [VRFC 10-311] analyzing module ImmGen
INFO: [VRFC 10-2263] Analyzing Verilog file "C:/XJTU COMPARCH/project_5/project_5.srcs/sources_1/new/MainDsc.v" into library xil_defaultlib
INFO: [VRFC 10-311] analyzing module MainDsc
INFO: [VRFC 10-2263] Analyzing Verilog file "C:/XJTU COMPARCH/project_5/project_5.srcs/sources_1/new/MainDsc_EX.v" into library xil_defaultlib
INFO: [VRFC 10-311] analyzing module MainDsc_EX
INFO: [VRFC 10-2263] Analyzing Verilog file "C:/XJTU COMPARCH/project_5/project_5.srcs/sources_1/new/RAM_4Kx32.v" into library xil_defaultlib
INFO: [VRFC 10-311] analyzing module RAM_4Kx32
INFO: [VRFC 10-2263] Analyzing Verilog file "C:/XJTU COMPARCH/project_5/project_5.srcs/sources_1/new/RegFile.v" into library xil_defaultlib
INFO: [VRFC 10-311] analyzing module RegFile
INFO: [VRFC 10-2263] Analyzing Verilog file "C:/XJTU COMPARCH/project_5/project_5.srcs/sources_1/new/Register.v" into library xil_defaultlib
INFO: [VRFC 10-311] analyzing module Register
INFO: [VRFC 10-2263] Analyzing Verilog file "C:/XJTU COMPARCH/project_5/project_5.srcs/sim_1/new/CPU_sim.v" into library xil_defaultlib
INFO: [VRFC 10-311] analyzing module CPU_sim
INFO: [USF-XSim-69] 'compile' step finished in '2' seconds
INFO: [USF-XSim-3] XSim::Elaborate design
INFO: [USF-XSim-61] Executing 'ELABORATE' step in 'C:/XJTU COMPARCH/project_5/project_5.sim/sim_1/behav/xsim'
"xelab -wto f1795959e9ee4683ab0147d6093c81ff --incr --debug typical --relax --mt 2 -L xil_defaultlib -L unisims_ver -L unimacro_ver -L secureip --snapshot CPU_sim_behav xil_defaultlib.CPU_sim xil_defaultlib.glbl -log elaborate.log"
Vivado Simulator 2019.2
Copyright 1986-1999, 2001-2019 Xilinx, Inc. All Rights Reserved.
Running: C:/Xilinx2019/Vivado/2019.2/bin/unwrapped/win64.o/xelab.exe -wto f1795959e9ee4683ab0147d6093c81ff --incr --debug typical --relax --mt 2 -L xil_defaultlib -L unisims_ver -L unimacro_ver -L secureip --snapshot CPU_sim_behav xil_defaultlib.CPU_sim xil_defaultlib.glbl -log elaborate.log 
Using 2 slave threads.
Starting static elaboration
Pass Through NonSizing Optimizer
WARNING: [VRFC 10-3091] actual bit length 1 differs from formal bit length 32 for port 'Q' [C:/XJTU COMPARCH/project_5/project_5.srcs/sources_1/new/CPU_Datapath.v:165]
WARNING: [VRFC 10-3091] actual bit length 3 differs from formal bit length 32 for port 'Q' [C:/XJTU COMPARCH/project_5/project_5.srcs/sources_1/new/CPU_Datapath.v:166]
WARNING: [VRFC 10-3091] actual bit length 1 differs from formal bit length 32 for port 'Q' [C:/XJTU COMPARCH/project_5/project_5.srcs/sources_1/new/CPU_Datapath.v:167]
WARNING: [VRFC 10-3091] actual bit length 1 differs from formal bit length 32 for port 'Q' [C:/XJTU COMPARCH/project_5/project_5.srcs/sources_1/new/CPU_Datapath.v:168]
WARNING: [VRFC 10-3091] actual bit length 1 differs from formal bit length 32 for port 'Q' [C:/XJTU COMPARCH/project_5/project_5.srcs/sources_1/new/CPU_Datapath.v:169]
WARNING: [VRFC 10-3091] actual bit length 4 differs from formal bit length 32 for port 'Q' [C:/XJTU COMPARCH/project_5/project_5.srcs/sources_1/new/CPU_Datapath.v:170]
WARNING: [VRFC 10-3091] actual bit length 1 differs from formal bit length 32 for port 'Q' [C:/XJTU COMPARCH/project_5/project_5.srcs/sources_1/new/CPU_Datapath.v:171]
WARNING: [VRFC 10-3091] actual bit length 2 differs from formal bit length 32 for port 'Q' [C:/XJTU COMPARCH/project_5/project_5.srcs/sources_1/new/CPU_Datapath.v:172]
WARNING: [VRFC 10-3091] actual bit length 1 differs from formal bit length 32 for port 'Q' [C:/XJTU COMPARCH/project_5/project_5.srcs/sources_1/new/CPU_Datapath.v:224]
WARNING: [VRFC 10-3091] actual bit length 1 differs from formal bit length 32 for port 'Q' [C:/XJTU COMPARCH/project_5/project_5.srcs/sources_1/new/CPU_Datapath.v:225]
WARNING: [VRFC 10-3091] actual bit length 2 differs from formal bit length 32 for port 'Q' [C:/XJTU COMPARCH/project_5/project_5.srcs/sources_1/new/CPU_Datapath.v:226]
WARNING: [VRFC 10-3091] actual bit length 1 differs from formal bit length 32 for port 'Q' [C:/XJTU COMPARCH/project_5/project_5.srcs/sources_1/new/CPU_Datapath.v:242]
WARNING: [VRFC 10-3091] actual bit length 2 differs from formal bit length 32 for port 'Q' [C:/XJTU COMPARCH/project_5/project_5.srcs/sources_1/new/CPU_Datapath.v:243]
Completed static elaboration
Starting simulation data flow analysis
Completed simulation data flow analysis
Time Resolution for simulation is 1ps
Compiling module xil_defaultlib.IMem
Compiling module xil_defaultlib.Register
Compiling module xil_defaultlib.MainDsc
Compiling module xil_defaultlib.ControlLogic_ID
Compiling module xil_defaultlib.RegFile
Compiling module xil_defaultlib.ImmGen
Compiling module xil_defaultlib.ALU
Compiling module xil_defaultlib.MainDsc_EX
Compiling module xil_defaultlib.ControlLogic_EX
Compiling module xil_defaultlib.BranchComp
Compiling module xil_defaultlib.FourWaySACache
Compiling module xil_defaultlib.RAM_4Kx32_default
Compiling module xil_defaultlib.DMem
Compiling module xil_defaultlib.CPU_Datapath
Compiling module xil_defaultlib.CPU_sim
Compiling module xil_defaultlib.glbl
Built simulation snapshot CPU_sim_behav
INFO: [USF-XSim-69] 'elaborate' step finished in '2' seconds
INFO: [USF-XSim-4] XSim::Simulate design
INFO: [USF-XSim-61] Executing 'SIMULATE' step in 'C:/XJTU COMPARCH/project_5/project_5.sim/sim_1/behav/xsim'
INFO: [USF-XSim-98] *** Running xsim
   with args "CPU_sim_behav -key {Behavioral:sim_1:Functional:CPU_sim} -tclbatch {CPU_sim.tcl} -view {{C:/XJTU COMPARCH/project_5/CPU_sim_behav.wcfg}} -log {simulate.log}"
INFO: [USF-XSim-8] Loading simulator feature
Vivado Simulator 2019.2
Time resolution is 1 ps
open_wave_config {C:/XJTU COMPARCH/project_5/CPU_sim_behav.wcfg}
source CPU_sim.tcl
# set curr_wave [current_wave_config]
# if { [string length $curr_wave] == 0 } {
#   if { [llength [get_objects]] > 0} {
#     add_wave /
#     set_property needs_save false [current_wave_config]
#   } else {
#      send_msg_id Add_Wave-1 WARNING "No top level signals found. Simulator will start without a wave window. If you want to open a wave window go to 'File->New Waveform Configuration' or type 'create_wave_config' in the TCL console."
#   }
# }
# run 1000ns
FATAL_ERROR: Iteration limit 10000 is reached. Possible zero delay oscillation detected where simulation time can not advance. Please check your source code. Note that the iteration limit can be changed using switch -maxdeltaid.
Time: 180 ns  Iteration: 10000
INFO: [USF-XSim-96] XSim completed. Design snapshot 'CPU_sim_behav' loaded.
INFO: [USF-XSim-97] XSim simulation ran for 1000ns
launch_simulation: Time (s): cpu = 00:00:01 ; elapsed = 00:00:07 . Memory (MB): peak = 12716.434 ; gain = 0.000
run 10 ns
ERROR: [Simulator 45-1] A fatal run-time error was detected.  Simulation cannot continue.
close_sim
INFO: [Simtcl 6-16] Simulation closed
launch_simulation
Command: launch_simulation 
INFO: [Vivado 12-5682] Launching behavioral simulation in 'C:/XJTU COMPARCH/project_5/project_5.sim/sim_1/behav/xsim'
INFO: [SIM-utils-51] Simulation object is 'sim_1'
INFO: [SIM-utils-54] Inspecting design source files for 'CPU_sim' in fileset 'sim_1'...
INFO: [USF-XSim-97] Finding global include files...
INFO: [USF-XSim-98] Fetching design files from 'sim_1'...
INFO: [USF-XSim-2] XSim::Compile design
INFO: [USF-XSim-61] Executing 'COMPILE and ANALYZE' step in 'C:/XJTU COMPARCH/project_5/project_5.sim/sim_1/behav/xsim'
"xvlog --incr --relax -prj CPU_sim_vlog.prj"
INFO: [VRFC 10-2263] Analyzing Verilog file "C:/XJTU COMPARCH/project_5/project_5.srcs/sources_1/new/ALU.v" into library xil_defaultlib
INFO: [VRFC 10-311] analyzing module ALU
INFO: [VRFC 10-2263] Analyzing Verilog file "C:/XJTU COMPARCH/project_5/project_5.srcs/sources_1/new/BranchComp.v" into library xil_defaultlib
INFO: [VRFC 10-311] analyzing module BranchComp
INFO: [VRFC 10-2263] Analyzing Verilog file "C:/XJTU COMPARCH/project_5/project_5.srcs/sources_1/new/CPU_Datapath.v" into library xil_defaultlib
INFO: [VRFC 10-311] analyzing module CPU_Datapath
INFO: [VRFC 10-2263] Analyzing Verilog file "C:/XJTU COMPARCH/project_5/project_5.srcs/sources_1/new/ControlLogic_EX.v" into library xil_defaultlib
INFO: [VRFC 10-311] analyzing module ControlLogic_EX
INFO: [VRFC 10-2263] Analyzing Verilog file "C:/XJTU COMPARCH/project_5/project_5.srcs/sources_1/new/ControlLogic_ID.v" into library xil_defaultlib
INFO: [VRFC 10-311] analyzing module ControlLogic_ID
INFO: [VRFC 10-2263] Analyzing Verilog file "C:/XJTU COMPARCH/project_5/project_5.srcs/sources_1/new/DMem.v" into library xil_defaultlib
INFO: [VRFC 10-311] analyzing module DMem
INFO: [VRFC 10-2263] Analyzing Verilog file "C:/XJTU COMPARCH/project_5/project_5.srcs/sources_1/new/FourWaySACache.v" into library xil_defaultlib
INFO: [VRFC 10-311] analyzing module FourWaySACache
INFO: [VRFC 10-2263] Analyzing Verilog file "C:/XJTU COMPARCH/project_5/project_5.srcs/sources_1/new/IMem.v" into library xil_defaultlib
INFO: [VRFC 10-311] analyzing module IMem
INFO: [VRFC 10-2263] Analyzing Verilog file "C:/XJTU COMPARCH/project_5/project_5.srcs/sources_1/new/ImmGen.v" into library xil_defaultlib
INFO: [VRFC 10-311] analyzing module ImmGen
INFO: [VRFC 10-2263] Analyzing Verilog file "C:/XJTU COMPARCH/project_5/project_5.srcs/sources_1/new/MainDsc.v" into library xil_defaultlib
INFO: [VRFC 10-311] analyzing module MainDsc
INFO: [VRFC 10-2263] Analyzing Verilog file "C:/XJTU COMPARCH/project_5/project_5.srcs/sources_1/new/MainDsc_EX.v" into library xil_defaultlib
INFO: [VRFC 10-311] analyzing module MainDsc_EX
INFO: [VRFC 10-2263] Analyzing Verilog file "C:/XJTU COMPARCH/project_5/project_5.srcs/sources_1/new/RAM_4Kx32.v" into library xil_defaultlib
INFO: [VRFC 10-311] analyzing module RAM_4Kx32
INFO: [VRFC 10-2263] Analyzing Verilog file "C:/XJTU COMPARCH/project_5/project_5.srcs/sources_1/new/RegFile.v" into library xil_defaultlib
INFO: [VRFC 10-311] analyzing module RegFile
INFO: [VRFC 10-2263] Analyzing Verilog file "C:/XJTU COMPARCH/project_5/project_5.srcs/sources_1/new/Register.v" into library xil_defaultlib
INFO: [VRFC 10-311] analyzing module Register
INFO: [VRFC 10-2263] Analyzing Verilog file "C:/XJTU COMPARCH/project_5/project_5.srcs/sim_1/new/CPU_sim.v" into library xil_defaultlib
INFO: [VRFC 10-311] analyzing module CPU_sim
INFO: [USF-XSim-69] 'compile' step finished in '1' seconds
INFO: [USF-XSim-3] XSim::Elaborate design
INFO: [USF-XSim-61] Executing 'ELABORATE' step in 'C:/XJTU COMPARCH/project_5/project_5.sim/sim_1/behav/xsim'
"xelab -wto f1795959e9ee4683ab0147d6093c81ff --incr --debug typical --relax --mt 2 -L xil_defaultlib -L unisims_ver -L unimacro_ver -L secureip --snapshot CPU_sim_behav xil_defaultlib.CPU_sim xil_defaultlib.glbl -log elaborate.log"
Vivado Simulator 2019.2
Copyright 1986-1999, 2001-2019 Xilinx, Inc. All Rights Reserved.
Running: C:/Xilinx2019/Vivado/2019.2/bin/unwrapped/win64.o/xelab.exe -wto f1795959e9ee4683ab0147d6093c81ff --incr --debug typical --relax --mt 2 -L xil_defaultlib -L unisims_ver -L unimacro_ver -L secureip --snapshot CPU_sim_behav xil_defaultlib.CPU_sim xil_defaultlib.glbl -log elaborate.log 
Using 2 slave threads.
Starting static elaboration
Pass Through NonSizing Optimizer
WARNING: [VRFC 10-3091] actual bit length 1 differs from formal bit length 32 for port 'Q' [C:/XJTU COMPARCH/project_5/project_5.srcs/sources_1/new/CPU_Datapath.v:165]
WARNING: [VRFC 10-3091] actual bit length 3 differs from formal bit length 32 for port 'Q' [C:/XJTU COMPARCH/project_5/project_5.srcs/sources_1/new/CPU_Datapath.v:166]
WARNING: [VRFC 10-3091] actual bit length 1 differs from formal bit length 32 for port 'Q' [C:/XJTU COMPARCH/project_5/project_5.srcs/sources_1/new/CPU_Datapath.v:167]
WARNING: [VRFC 10-3091] actual bit length 1 differs from formal bit length 32 for port 'Q' [C:/XJTU COMPARCH/project_5/project_5.srcs/sources_1/new/CPU_Datapath.v:168]
WARNING: [VRFC 10-3091] actual bit length 1 differs from formal bit length 32 for port 'Q' [C:/XJTU COMPARCH/project_5/project_5.srcs/sources_1/new/CPU_Datapath.v:169]
WARNING: [VRFC 10-3091] actual bit length 4 differs from formal bit length 32 for port 'Q' [C:/XJTU COMPARCH/project_5/project_5.srcs/sources_1/new/CPU_Datapath.v:170]
WARNING: [VRFC 10-3091] actual bit length 1 differs from formal bit length 32 for port 'Q' [C:/XJTU COMPARCH/project_5/project_5.srcs/sources_1/new/CPU_Datapath.v:171]
WARNING: [VRFC 10-3091] actual bit length 2 differs from formal bit length 32 for port 'Q' [C:/XJTU COMPARCH/project_5/project_5.srcs/sources_1/new/CPU_Datapath.v:172]
WARNING: [VRFC 10-3091] actual bit length 1 differs from formal bit length 32 for port 'Q' [C:/XJTU COMPARCH/project_5/project_5.srcs/sources_1/new/CPU_Datapath.v:224]
WARNING: [VRFC 10-3091] actual bit length 1 differs from formal bit length 32 for port 'Q' [C:/XJTU COMPARCH/project_5/project_5.srcs/sources_1/new/CPU_Datapath.v:225]
WARNING: [VRFC 10-3091] actual bit length 2 differs from formal bit length 32 for port 'Q' [C:/XJTU COMPARCH/project_5/project_5.srcs/sources_1/new/CPU_Datapath.v:226]
WARNING: [VRFC 10-3091] actual bit length 1 differs from formal bit length 32 for port 'Q' [C:/XJTU COMPARCH/project_5/project_5.srcs/sources_1/new/CPU_Datapath.v:242]
WARNING: [VRFC 10-3091] actual bit length 2 differs from formal bit length 32 for port 'Q' [C:/XJTU COMPARCH/project_5/project_5.srcs/sources_1/new/CPU_Datapath.v:243]
Completed static elaboration
Starting simulation data flow analysis
Completed simulation data flow analysis
Time Resolution for simulation is 1ps
Compiling module xil_defaultlib.IMem
Compiling module xil_defaultlib.Register
Compiling module xil_defaultlib.MainDsc
Compiling module xil_defaultlib.ControlLogic_ID
Compiling module xil_defaultlib.RegFile
Compiling module xil_defaultlib.ImmGen
Compiling module xil_defaultlib.ALU
Compiling module xil_defaultlib.MainDsc_EX
Compiling module xil_defaultlib.ControlLogic_EX
Compiling module xil_defaultlib.BranchComp
Compiling module xil_defaultlib.FourWaySACache
Compiling module xil_defaultlib.RAM_4Kx32_default
Compiling module xil_defaultlib.DMem
Compiling module xil_defaultlib.CPU_Datapath
Compiling module xil_defaultlib.CPU_sim
Compiling module xil_defaultlib.glbl
Built simulation snapshot CPU_sim_behav
INFO: [USF-XSim-69] 'elaborate' step finished in '2' seconds
INFO: [USF-XSim-4] XSim::Simulate design
INFO: [USF-XSim-61] Executing 'SIMULATE' step in 'C:/XJTU COMPARCH/project_5/project_5.sim/sim_1/behav/xsim'
INFO: [USF-XSim-98] *** Running xsim
   with args "CPU_sim_behav -key {Behavioral:sim_1:Functional:CPU_sim} -tclbatch {CPU_sim.tcl} -view {{C:/XJTU COMPARCH/project_5/CPU_sim_behav.wcfg}} -log {simulate.log}"
INFO: [USF-XSim-8] Loading simulator feature
Vivado Simulator 2019.2
Time resolution is 1 ps
open_wave_config {C:/XJTU COMPARCH/project_5/CPU_sim_behav.wcfg}
source CPU_sim.tcl
# set curr_wave [current_wave_config]
# if { [string length $curr_wave] == 0 } {
#   if { [llength [get_objects]] > 0} {
#     add_wave /
#     set_property needs_save false [current_wave_config]
#   } else {
#      send_msg_id Add_Wave-1 WARNING "No top level signals found. Simulator will start without a wave window. If you want to open a wave window go to 'File->New Waveform Configuration' or type 'create_wave_config' in the TCL console."
#   }
# }
# run 1000ns
FATAL_ERROR: Iteration limit 10000 is reached. Possible zero delay oscillation detected where simulation time can not advance. Please check your source code. Note that the iteration limit can be changed using switch -maxdeltaid.
Time: 180 ns  Iteration: 10000
INFO: [USF-XSim-96] XSim completed. Design snapshot 'CPU_sim_behav' loaded.
INFO: [USF-XSim-97] XSim simulation ran for 1000ns
launch_simulation: Time (s): cpu = 00:00:01 ; elapsed = 00:00:08 . Memory (MB): peak = 12716.434 ; gain = 0.000
close_sim
INFO: [Simtcl 6-16] Simulation closed
launch_simulation
Command: launch_simulation 
INFO: [Vivado 12-5682] Launching behavioral simulation in 'C:/XJTU COMPARCH/project_5/project_5.sim/sim_1/behav/xsim'
INFO: [SIM-utils-51] Simulation object is 'sim_1'
INFO: [SIM-utils-54] Inspecting design source files for 'CPU_sim' in fileset 'sim_1'...
INFO: [USF-XSim-97] Finding global include files...
INFO: [USF-XSim-98] Fetching design files from 'sim_1'...
INFO: [USF-XSim-2] XSim::Compile design
INFO: [USF-XSim-61] Executing 'COMPILE and ANALYZE' step in 'C:/XJTU COMPARCH/project_5/project_5.sim/sim_1/behav/xsim'
"xvlog --incr --relax -prj CPU_sim_vlog.prj"
INFO: [VRFC 10-2263] Analyzing Verilog file "C:/XJTU COMPARCH/project_5/project_5.srcs/sources_1/new/ALU.v" into library xil_defaultlib
INFO: [VRFC 10-311] analyzing module ALU
INFO: [VRFC 10-2263] Analyzing Verilog file "C:/XJTU COMPARCH/project_5/project_5.srcs/sources_1/new/BranchComp.v" into library xil_defaultlib
INFO: [VRFC 10-311] analyzing module BranchComp
INFO: [VRFC 10-2263] Analyzing Verilog file "C:/XJTU COMPARCH/project_5/project_5.srcs/sources_1/new/CPU_Datapath.v" into library xil_defaultlib
INFO: [VRFC 10-311] analyzing module CPU_Datapath
INFO: [VRFC 10-2263] Analyzing Verilog file "C:/XJTU COMPARCH/project_5/project_5.srcs/sources_1/new/ControlLogic_EX.v" into library xil_defaultlib
INFO: [VRFC 10-311] analyzing module ControlLogic_EX
INFO: [VRFC 10-2263] Analyzing Verilog file "C:/XJTU COMPARCH/project_5/project_5.srcs/sources_1/new/ControlLogic_ID.v" into library xil_defaultlib
INFO: [VRFC 10-311] analyzing module ControlLogic_ID
INFO: [VRFC 10-2263] Analyzing Verilog file "C:/XJTU COMPARCH/project_5/project_5.srcs/sources_1/new/DMem.v" into library xil_defaultlib
INFO: [VRFC 10-311] analyzing module DMem
INFO: [VRFC 10-2263] Analyzing Verilog file "C:/XJTU COMPARCH/project_5/project_5.srcs/sources_1/new/FourWaySACache.v" into library xil_defaultlib
INFO: [VRFC 10-311] analyzing module FourWaySACache
INFO: [VRFC 10-2263] Analyzing Verilog file "C:/XJTU COMPARCH/project_5/project_5.srcs/sources_1/new/IMem.v" into library xil_defaultlib
INFO: [VRFC 10-311] analyzing module IMem
INFO: [VRFC 10-2263] Analyzing Verilog file "C:/XJTU COMPARCH/project_5/project_5.srcs/sources_1/new/ImmGen.v" into library xil_defaultlib
INFO: [VRFC 10-311] analyzing module ImmGen
INFO: [VRFC 10-2263] Analyzing Verilog file "C:/XJTU COMPARCH/project_5/project_5.srcs/sources_1/new/MainDsc.v" into library xil_defaultlib
INFO: [VRFC 10-311] analyzing module MainDsc
INFO: [VRFC 10-2263] Analyzing Verilog file "C:/XJTU COMPARCH/project_5/project_5.srcs/sources_1/new/MainDsc_EX.v" into library xil_defaultlib
INFO: [VRFC 10-311] analyzing module MainDsc_EX
INFO: [VRFC 10-2263] Analyzing Verilog file "C:/XJTU COMPARCH/project_5/project_5.srcs/sources_1/new/RAM_4Kx32.v" into library xil_defaultlib
INFO: [VRFC 10-311] analyzing module RAM_4Kx32
INFO: [VRFC 10-2263] Analyzing Verilog file "C:/XJTU COMPARCH/project_5/project_5.srcs/sources_1/new/RegFile.v" into library xil_defaultlib
INFO: [VRFC 10-311] analyzing module RegFile
INFO: [VRFC 10-2263] Analyzing Verilog file "C:/XJTU COMPARCH/project_5/project_5.srcs/sources_1/new/Register.v" into library xil_defaultlib
INFO: [VRFC 10-311] analyzing module Register
INFO: [VRFC 10-2263] Analyzing Verilog file "C:/XJTU COMPARCH/project_5/project_5.srcs/sim_1/new/CPU_sim.v" into library xil_defaultlib
INFO: [VRFC 10-311] analyzing module CPU_sim
INFO: [USF-XSim-69] 'compile' step finished in '2' seconds
INFO: [USF-XSim-3] XSim::Elaborate design
INFO: [USF-XSim-61] Executing 'ELABORATE' step in 'C:/XJTU COMPARCH/project_5/project_5.sim/sim_1/behav/xsim'
"xelab -wto f1795959e9ee4683ab0147d6093c81ff --incr --debug typical --relax --mt 2 -L xil_defaultlib -L unisims_ver -L unimacro_ver -L secureip --snapshot CPU_sim_behav xil_defaultlib.CPU_sim xil_defaultlib.glbl -log elaborate.log"
Vivado Simulator 2019.2
Copyright 1986-1999, 2001-2019 Xilinx, Inc. All Rights Reserved.
Running: C:/Xilinx2019/Vivado/2019.2/bin/unwrapped/win64.o/xelab.exe -wto f1795959e9ee4683ab0147d6093c81ff --incr --debug typical --relax --mt 2 -L xil_defaultlib -L unisims_ver -L unimacro_ver -L secureip --snapshot CPU_sim_behav xil_defaultlib.CPU_sim xil_defaultlib.glbl -log elaborate.log 
Using 2 slave threads.
Starting static elaboration
Pass Through NonSizing Optimizer
WARNING: [VRFC 10-3091] actual bit length 1 differs from formal bit length 32 for port 'Q' [C:/XJTU COMPARCH/project_5/project_5.srcs/sources_1/new/CPU_Datapath.v:165]
WARNING: [VRFC 10-3091] actual bit length 3 differs from formal bit length 32 for port 'Q' [C:/XJTU COMPARCH/project_5/project_5.srcs/sources_1/new/CPU_Datapath.v:166]
WARNING: [VRFC 10-3091] actual bit length 1 differs from formal bit length 32 for port 'Q' [C:/XJTU COMPARCH/project_5/project_5.srcs/sources_1/new/CPU_Datapath.v:167]
WARNING: [VRFC 10-3091] actual bit length 1 differs from formal bit length 32 for port 'Q' [C:/XJTU COMPARCH/project_5/project_5.srcs/sources_1/new/CPU_Datapath.v:168]
WARNING: [VRFC 10-3091] actual bit length 1 differs from formal bit length 32 for port 'Q' [C:/XJTU COMPARCH/project_5/project_5.srcs/sources_1/new/CPU_Datapath.v:169]
WARNING: [VRFC 10-3091] actual bit length 4 differs from formal bit length 32 for port 'Q' [C:/XJTU COMPARCH/project_5/project_5.srcs/sources_1/new/CPU_Datapath.v:170]
WARNING: [VRFC 10-3091] actual bit length 1 differs from formal bit length 32 for port 'Q' [C:/XJTU COMPARCH/project_5/project_5.srcs/sources_1/new/CPU_Datapath.v:171]
WARNING: [VRFC 10-3091] actual bit length 2 differs from formal bit length 32 for port 'Q' [C:/XJTU COMPARCH/project_5/project_5.srcs/sources_1/new/CPU_Datapath.v:172]
WARNING: [VRFC 10-3091] actual bit length 1 differs from formal bit length 32 for port 'Q' [C:/XJTU COMPARCH/project_5/project_5.srcs/sources_1/new/CPU_Datapath.v:224]
WARNING: [VRFC 10-3091] actual bit length 1 differs from formal bit length 32 for port 'Q' [C:/XJTU COMPARCH/project_5/project_5.srcs/sources_1/new/CPU_Datapath.v:225]
WARNING: [VRFC 10-3091] actual bit length 2 differs from formal bit length 32 for port 'Q' [C:/XJTU COMPARCH/project_5/project_5.srcs/sources_1/new/CPU_Datapath.v:226]
WARNING: [VRFC 10-3091] actual bit length 1 differs from formal bit length 32 for port 'Q' [C:/XJTU COMPARCH/project_5/project_5.srcs/sources_1/new/CPU_Datapath.v:242]
WARNING: [VRFC 10-3091] actual bit length 2 differs from formal bit length 32 for port 'Q' [C:/XJTU COMPARCH/project_5/project_5.srcs/sources_1/new/CPU_Datapath.v:243]
Completed static elaboration
Starting simulation data flow analysis
Completed simulation data flow analysis
Time Resolution for simulation is 1ps
Compiling module xil_defaultlib.IMem
Compiling module xil_defaultlib.Register
Compiling module xil_defaultlib.MainDsc
Compiling module xil_defaultlib.ControlLogic_ID
Compiling module xil_defaultlib.RegFile
Compiling module xil_defaultlib.ImmGen
Compiling module xil_defaultlib.ALU
Compiling module xil_defaultlib.MainDsc_EX
Compiling module xil_defaultlib.ControlLogic_EX
Compiling module xil_defaultlib.BranchComp
Compiling module xil_defaultlib.FourWaySACache
Compiling module xil_defaultlib.RAM_4Kx32_default
Compiling module xil_defaultlib.DMem
Compiling module xil_defaultlib.CPU_Datapath
Compiling module xil_defaultlib.CPU_sim
Compiling module xil_defaultlib.glbl
Built simulation snapshot CPU_sim_behav
INFO: [USF-XSim-69] 'elaborate' step finished in '3' seconds
INFO: [USF-XSim-4] XSim::Simulate design
INFO: [USF-XSim-61] Executing 'SIMULATE' step in 'C:/XJTU COMPARCH/project_5/project_5.sim/sim_1/behav/xsim'
INFO: [USF-XSim-98] *** Running xsim
   with args "CPU_sim_behav -key {Behavioral:sim_1:Functional:CPU_sim} -tclbatch {CPU_sim.tcl} -view {{C:/XJTU COMPARCH/project_5/CPU_sim_behav.wcfg}} -log {simulate.log}"
INFO: [USF-XSim-8] Loading simulator feature
Vivado Simulator 2019.2
Time resolution is 1 ps
open_wave_config {C:/XJTU COMPARCH/project_5/CPU_sim_behav.wcfg}
source CPU_sim.tcl
# set curr_wave [current_wave_config]
# if { [string length $curr_wave] == 0 } {
#   if { [llength [get_objects]] > 0} {
#     add_wave /
#     set_property needs_save false [current_wave_config]
#   } else {
#      send_msg_id Add_Wave-1 WARNING "No top level signals found. Simulator will start without a wave window. If you want to open a wave window go to 'File->New Waveform Configuration' or type 'create_wave_config' in the TCL console."
#   }
# }
# run 1000ns
INFO: [USF-XSim-96] XSim completed. Design snapshot 'CPU_sim_behav' loaded.
INFO: [USF-XSim-97] XSim simulation ran for 1000ns
launch_simulation: Time (s): cpu = 00:00:01 ; elapsed = 00:00:08 . Memory (MB): peak = 12716.434 ; gain = 0.000
close_sim
INFO: [Simtcl 6-16] Simulation closed
launch_simulation
Command: launch_simulation 
INFO: [Vivado 12-5682] Launching behavioral simulation in 'C:/XJTU COMPARCH/project_5/project_5.sim/sim_1/behav/xsim'
INFO: [SIM-utils-51] Simulation object is 'sim_1'
INFO: [SIM-utils-54] Inspecting design source files for 'CPU_sim' in fileset 'sim_1'...
INFO: [USF-XSim-97] Finding global include files...
INFO: [USF-XSim-98] Fetching design files from 'sim_1'...
INFO: [USF-XSim-2] XSim::Compile design
INFO: [USF-XSim-61] Executing 'COMPILE and ANALYZE' step in 'C:/XJTU COMPARCH/project_5/project_5.sim/sim_1/behav/xsim'
"xvlog --incr --relax -prj CPU_sim_vlog.prj"
INFO: [VRFC 10-2263] Analyzing Verilog file "C:/XJTU COMPARCH/project_5/project_5.srcs/sources_1/new/ALU.v" into library xil_defaultlib
INFO: [VRFC 10-311] analyzing module ALU
INFO: [VRFC 10-2263] Analyzing Verilog file "C:/XJTU COMPARCH/project_5/project_5.srcs/sources_1/new/BranchComp.v" into library xil_defaultlib
INFO: [VRFC 10-311] analyzing module BranchComp
INFO: [VRFC 10-2263] Analyzing Verilog file "C:/XJTU COMPARCH/project_5/project_5.srcs/sources_1/new/CPU_Datapath.v" into library xil_defaultlib
INFO: [VRFC 10-311] analyzing module CPU_Datapath
INFO: [VRFC 10-2263] Analyzing Verilog file "C:/XJTU COMPARCH/project_5/project_5.srcs/sources_1/new/ControlLogic_EX.v" into library xil_defaultlib
INFO: [VRFC 10-311] analyzing module ControlLogic_EX
INFO: [VRFC 10-2263] Analyzing Verilog file "C:/XJTU COMPARCH/project_5/project_5.srcs/sources_1/new/ControlLogic_ID.v" into library xil_defaultlib
INFO: [VRFC 10-311] analyzing module ControlLogic_ID
INFO: [VRFC 10-2263] Analyzing Verilog file "C:/XJTU COMPARCH/project_5/project_5.srcs/sources_1/new/DMem.v" into library xil_defaultlib
INFO: [VRFC 10-311] analyzing module DMem
INFO: [VRFC 10-2263] Analyzing Verilog file "C:/XJTU COMPARCH/project_5/project_5.srcs/sources_1/new/FourWaySACache.v" into library xil_defaultlib
INFO: [VRFC 10-311] analyzing module FourWaySACache
INFO: [VRFC 10-2263] Analyzing Verilog file "C:/XJTU COMPARCH/project_5/project_5.srcs/sources_1/new/IMem.v" into library xil_defaultlib
INFO: [VRFC 10-311] analyzing module IMem
INFO: [VRFC 10-2263] Analyzing Verilog file "C:/XJTU COMPARCH/project_5/project_5.srcs/sources_1/new/ImmGen.v" into library xil_defaultlib
INFO: [VRFC 10-311] analyzing module ImmGen
INFO: [VRFC 10-2263] Analyzing Verilog file "C:/XJTU COMPARCH/project_5/project_5.srcs/sources_1/new/MainDsc.v" into library xil_defaultlib
INFO: [VRFC 10-311] analyzing module MainDsc
INFO: [VRFC 10-2263] Analyzing Verilog file "C:/XJTU COMPARCH/project_5/project_5.srcs/sources_1/new/MainDsc_EX.v" into library xil_defaultlib
INFO: [VRFC 10-311] analyzing module MainDsc_EX
INFO: [VRFC 10-2263] Analyzing Verilog file "C:/XJTU COMPARCH/project_5/project_5.srcs/sources_1/new/RAM_4Kx32.v" into library xil_defaultlib
INFO: [VRFC 10-311] analyzing module RAM_4Kx32
INFO: [VRFC 10-2263] Analyzing Verilog file "C:/XJTU COMPARCH/project_5/project_5.srcs/sources_1/new/RegFile.v" into library xil_defaultlib
INFO: [VRFC 10-311] analyzing module RegFile
INFO: [VRFC 10-2263] Analyzing Verilog file "C:/XJTU COMPARCH/project_5/project_5.srcs/sources_1/new/Register.v" into library xil_defaultlib
INFO: [VRFC 10-311] analyzing module Register
INFO: [VRFC 10-2263] Analyzing Verilog file "C:/XJTU COMPARCH/project_5/project_5.srcs/sim_1/new/CPU_sim.v" into library xil_defaultlib
INFO: [VRFC 10-311] analyzing module CPU_sim
INFO: [USF-XSim-69] 'compile' step finished in '3' seconds
INFO: [USF-XSim-3] XSim::Elaborate design
INFO: [USF-XSim-61] Executing 'ELABORATE' step in 'C:/XJTU COMPARCH/project_5/project_5.sim/sim_1/behav/xsim'
"xelab -wto f1795959e9ee4683ab0147d6093c81ff --incr --debug typical --relax --mt 2 -L xil_defaultlib -L unisims_ver -L unimacro_ver -L secureip --snapshot CPU_sim_behav xil_defaultlib.CPU_sim xil_defaultlib.glbl -log elaborate.log"
Vivado Simulator 2019.2
Copyright 1986-1999, 2001-2019 Xilinx, Inc. All Rights Reserved.
Running: C:/Xilinx2019/Vivado/2019.2/bin/unwrapped/win64.o/xelab.exe -wto f1795959e9ee4683ab0147d6093c81ff --incr --debug typical --relax --mt 2 -L xil_defaultlib -L unisims_ver -L unimacro_ver -L secureip --snapshot CPU_sim_behav xil_defaultlib.CPU_sim xil_defaultlib.glbl -log elaborate.log 
Using 2 slave threads.
Starting static elaboration
Pass Through NonSizing Optimizer
WARNING: [VRFC 10-3091] actual bit length 1 differs from formal bit length 32 for port 'Q' [C:/XJTU COMPARCH/project_5/project_5.srcs/sources_1/new/CPU_Datapath.v:165]
WARNING: [VRFC 10-3091] actual bit length 3 differs from formal bit length 32 for port 'Q' [C:/XJTU COMPARCH/project_5/project_5.srcs/sources_1/new/CPU_Datapath.v:166]
WARNING: [VRFC 10-3091] actual bit length 1 differs from formal bit length 32 for port 'Q' [C:/XJTU COMPARCH/project_5/project_5.srcs/sources_1/new/CPU_Datapath.v:167]
WARNING: [VRFC 10-3091] actual bit length 1 differs from formal bit length 32 for port 'Q' [C:/XJTU COMPARCH/project_5/project_5.srcs/sources_1/new/CPU_Datapath.v:168]
WARNING: [VRFC 10-3091] actual bit length 1 differs from formal bit length 32 for port 'Q' [C:/XJTU COMPARCH/project_5/project_5.srcs/sources_1/new/CPU_Datapath.v:169]
WARNING: [VRFC 10-3091] actual bit length 4 differs from formal bit length 32 for port 'Q' [C:/XJTU COMPARCH/project_5/project_5.srcs/sources_1/new/CPU_Datapath.v:170]
WARNING: [VRFC 10-3091] actual bit length 1 differs from formal bit length 32 for port 'Q' [C:/XJTU COMPARCH/project_5/project_5.srcs/sources_1/new/CPU_Datapath.v:171]
WARNING: [VRFC 10-3091] actual bit length 2 differs from formal bit length 32 for port 'Q' [C:/XJTU COMPARCH/project_5/project_5.srcs/sources_1/new/CPU_Datapath.v:172]
WARNING: [VRFC 10-3091] actual bit length 1 differs from formal bit length 32 for port 'Q' [C:/XJTU COMPARCH/project_5/project_5.srcs/sources_1/new/CPU_Datapath.v:224]
WARNING: [VRFC 10-3091] actual bit length 1 differs from formal bit length 32 for port 'Q' [C:/XJTU COMPARCH/project_5/project_5.srcs/sources_1/new/CPU_Datapath.v:225]
WARNING: [VRFC 10-3091] actual bit length 2 differs from formal bit length 32 for port 'Q' [C:/XJTU COMPARCH/project_5/project_5.srcs/sources_1/new/CPU_Datapath.v:226]
WARNING: [VRFC 10-3091] actual bit length 1 differs from formal bit length 32 for port 'Q' [C:/XJTU COMPARCH/project_5/project_5.srcs/sources_1/new/CPU_Datapath.v:242]
WARNING: [VRFC 10-3091] actual bit length 2 differs from formal bit length 32 for port 'Q' [C:/XJTU COMPARCH/project_5/project_5.srcs/sources_1/new/CPU_Datapath.v:243]
Completed static elaboration
Starting simulation data flow analysis
Completed simulation data flow analysis
Time Resolution for simulation is 1ps
Compiling module xil_defaultlib.IMem
Compiling module xil_defaultlib.Register
Compiling module xil_defaultlib.MainDsc
Compiling module xil_defaultlib.ControlLogic_ID
Compiling module xil_defaultlib.RegFile
Compiling module xil_defaultlib.ImmGen
Compiling module xil_defaultlib.ALU
Compiling module xil_defaultlib.MainDsc_EX
Compiling module xil_defaultlib.ControlLogic_EX
Compiling module xil_defaultlib.BranchComp
Compiling module xil_defaultlib.FourWaySACache
Compiling module xil_defaultlib.RAM_4Kx32_default
Compiling module xil_defaultlib.DMem
Compiling module xil_defaultlib.CPU_Datapath
Compiling module xil_defaultlib.CPU_sim
Compiling module xil_defaultlib.glbl
Built simulation snapshot CPU_sim_behav
INFO: [USF-XSim-69] 'elaborate' step finished in '2' seconds
INFO: [USF-XSim-4] XSim::Simulate design
INFO: [USF-XSim-61] Executing 'SIMULATE' step in 'C:/XJTU COMPARCH/project_5/project_5.sim/sim_1/behav/xsim'
INFO: [USF-XSim-98] *** Running xsim
   with args "CPU_sim_behav -key {Behavioral:sim_1:Functional:CPU_sim} -tclbatch {CPU_sim.tcl} -view {{C:/XJTU COMPARCH/project_5/CPU_sim_behav.wcfg}} -log {simulate.log}"
INFO: [USF-XSim-8] Loading simulator feature
Vivado Simulator 2019.2
Time resolution is 1 ps
open_wave_config {C:/XJTU COMPARCH/project_5/CPU_sim_behav.wcfg}
source CPU_sim.tcl
# set curr_wave [current_wave_config]
# if { [string length $curr_wave] == 0 } {
#   if { [llength [get_objects]] > 0} {
#     add_wave /
#     set_property needs_save false [current_wave_config]
#   } else {
#      send_msg_id Add_Wave-1 WARNING "No top level signals found. Simulator will start without a wave window. If you want to open a wave window go to 'File->New Waveform Configuration' or type 'create_wave_config' in the TCL console."
#   }
# }
# run 1000ns
INFO: [USF-XSim-96] XSim completed. Design snapshot 'CPU_sim_behav' loaded.
INFO: [USF-XSim-97] XSim simulation ran for 1000ns
launch_simulation: Time (s): cpu = 00:00:00 ; elapsed = 00:00:08 . Memory (MB): peak = 12716.434 ; gain = 0.000
close_sim
INFO: [Simtcl 6-16] Simulation closed
launch_simulation
Command: launch_simulation 
INFO: [Vivado 12-5682] Launching behavioral simulation in 'C:/XJTU COMPARCH/project_5/project_5.sim/sim_1/behav/xsim'
INFO: [SIM-utils-51] Simulation object is 'sim_1'
INFO: [SIM-utils-54] Inspecting design source files for 'CPU_sim' in fileset 'sim_1'...
INFO: [USF-XSim-97] Finding global include files...
INFO: [USF-XSim-98] Fetching design files from 'sim_1'...
INFO: [USF-XSim-2] XSim::Compile design
INFO: [USF-XSim-61] Executing 'COMPILE and ANALYZE' step in 'C:/XJTU COMPARCH/project_5/project_5.sim/sim_1/behav/xsim'
"xvlog --incr --relax -prj CPU_sim_vlog.prj"
INFO: [VRFC 10-2263] Analyzing Verilog file "C:/XJTU COMPARCH/project_5/project_5.srcs/sources_1/new/ALU.v" into library xil_defaultlib
INFO: [VRFC 10-311] analyzing module ALU
INFO: [VRFC 10-2263] Analyzing Verilog file "C:/XJTU COMPARCH/project_5/project_5.srcs/sources_1/new/BranchComp.v" into library xil_defaultlib
INFO: [VRFC 10-311] analyzing module BranchComp
INFO: [VRFC 10-2263] Analyzing Verilog file "C:/XJTU COMPARCH/project_5/project_5.srcs/sources_1/new/CPU_Datapath.v" into library xil_defaultlib
INFO: [VRFC 10-311] analyzing module CPU_Datapath
INFO: [VRFC 10-2263] Analyzing Verilog file "C:/XJTU COMPARCH/project_5/project_5.srcs/sources_1/new/ControlLogic_EX.v" into library xil_defaultlib
INFO: [VRFC 10-311] analyzing module ControlLogic_EX
INFO: [VRFC 10-2263] Analyzing Verilog file "C:/XJTU COMPARCH/project_5/project_5.srcs/sources_1/new/ControlLogic_ID.v" into library xil_defaultlib
INFO: [VRFC 10-311] analyzing module ControlLogic_ID
INFO: [VRFC 10-2263] Analyzing Verilog file "C:/XJTU COMPARCH/project_5/project_5.srcs/sources_1/new/DMem.v" into library xil_defaultlib
INFO: [VRFC 10-311] analyzing module DMem
INFO: [VRFC 10-2263] Analyzing Verilog file "C:/XJTU COMPARCH/project_5/project_5.srcs/sources_1/new/FourWaySACache.v" into library xil_defaultlib
INFO: [VRFC 10-311] analyzing module FourWaySACache
INFO: [VRFC 10-2263] Analyzing Verilog file "C:/XJTU COMPARCH/project_5/project_5.srcs/sources_1/new/IMem.v" into library xil_defaultlib
INFO: [VRFC 10-311] analyzing module IMem
INFO: [VRFC 10-2263] Analyzing Verilog file "C:/XJTU COMPARCH/project_5/project_5.srcs/sources_1/new/ImmGen.v" into library xil_defaultlib
INFO: [VRFC 10-311] analyzing module ImmGen
INFO: [VRFC 10-2263] Analyzing Verilog file "C:/XJTU COMPARCH/project_5/project_5.srcs/sources_1/new/MainDsc.v" into library xil_defaultlib
INFO: [VRFC 10-311] analyzing module MainDsc
INFO: [VRFC 10-2263] Analyzing Verilog file "C:/XJTU COMPARCH/project_5/project_5.srcs/sources_1/new/MainDsc_EX.v" into library xil_defaultlib
INFO: [VRFC 10-311] analyzing module MainDsc_EX
INFO: [VRFC 10-2263] Analyzing Verilog file "C:/XJTU COMPARCH/project_5/project_5.srcs/sources_1/new/RAM_4Kx32.v" into library xil_defaultlib
INFO: [VRFC 10-311] analyzing module RAM_4Kx32
INFO: [VRFC 10-2263] Analyzing Verilog file "C:/XJTU COMPARCH/project_5/project_5.srcs/sources_1/new/RegFile.v" into library xil_defaultlib
INFO: [VRFC 10-311] analyzing module RegFile
INFO: [VRFC 10-2263] Analyzing Verilog file "C:/XJTU COMPARCH/project_5/project_5.srcs/sources_1/new/Register.v" into library xil_defaultlib
INFO: [VRFC 10-311] analyzing module Register
INFO: [VRFC 10-2263] Analyzing Verilog file "C:/XJTU COMPARCH/project_5/project_5.srcs/sim_1/new/CPU_sim.v" into library xil_defaultlib
INFO: [VRFC 10-311] analyzing module CPU_sim
INFO: [USF-XSim-69] 'compile' step finished in '1' seconds
INFO: [USF-XSim-3] XSim::Elaborate design
INFO: [USF-XSim-61] Executing 'ELABORATE' step in 'C:/XJTU COMPARCH/project_5/project_5.sim/sim_1/behav/xsim'
"xelab -wto f1795959e9ee4683ab0147d6093c81ff --incr --debug typical --relax --mt 2 -L xil_defaultlib -L unisims_ver -L unimacro_ver -L secureip --snapshot CPU_sim_behav xil_defaultlib.CPU_sim xil_defaultlib.glbl -log elaborate.log"
Vivado Simulator 2019.2
Copyright 1986-1999, 2001-2019 Xilinx, Inc. All Rights Reserved.
Running: C:/Xilinx2019/Vivado/2019.2/bin/unwrapped/win64.o/xelab.exe -wto f1795959e9ee4683ab0147d6093c81ff --incr --debug typical --relax --mt 2 -L xil_defaultlib -L unisims_ver -L unimacro_ver -L secureip --snapshot CPU_sim_behav xil_defaultlib.CPU_sim xil_defaultlib.glbl -log elaborate.log 
Using 2 slave threads.
Starting static elaboration
Pass Through NonSizing Optimizer
WARNING: [VRFC 10-3091] actual bit length 1 differs from formal bit length 32 for port 'Q' [C:/XJTU COMPARCH/project_5/project_5.srcs/sources_1/new/CPU_Datapath.v:165]
WARNING: [VRFC 10-3091] actual bit length 3 differs from formal bit length 32 for port 'Q' [C:/XJTU COMPARCH/project_5/project_5.srcs/sources_1/new/CPU_Datapath.v:166]
WARNING: [VRFC 10-3091] actual bit length 1 differs from formal bit length 32 for port 'Q' [C:/XJTU COMPARCH/project_5/project_5.srcs/sources_1/new/CPU_Datapath.v:167]
WARNING: [VRFC 10-3091] actual bit length 1 differs from formal bit length 32 for port 'Q' [C:/XJTU COMPARCH/project_5/project_5.srcs/sources_1/new/CPU_Datapath.v:168]
WARNING: [VRFC 10-3091] actual bit length 1 differs from formal bit length 32 for port 'Q' [C:/XJTU COMPARCH/project_5/project_5.srcs/sources_1/new/CPU_Datapath.v:169]
WARNING: [VRFC 10-3091] actual bit length 4 differs from formal bit length 32 for port 'Q' [C:/XJTU COMPARCH/project_5/project_5.srcs/sources_1/new/CPU_Datapath.v:170]
WARNING: [VRFC 10-3091] actual bit length 1 differs from formal bit length 32 for port 'Q' [C:/XJTU COMPARCH/project_5/project_5.srcs/sources_1/new/CPU_Datapath.v:171]
WARNING: [VRFC 10-3091] actual bit length 2 differs from formal bit length 32 for port 'Q' [C:/XJTU COMPARCH/project_5/project_5.srcs/sources_1/new/CPU_Datapath.v:172]
WARNING: [VRFC 10-3091] actual bit length 1 differs from formal bit length 32 for port 'Q' [C:/XJTU COMPARCH/project_5/project_5.srcs/sources_1/new/CPU_Datapath.v:224]
WARNING: [VRFC 10-3091] actual bit length 1 differs from formal bit length 32 for port 'Q' [C:/XJTU COMPARCH/project_5/project_5.srcs/sources_1/new/CPU_Datapath.v:225]
WARNING: [VRFC 10-3091] actual bit length 2 differs from formal bit length 32 for port 'Q' [C:/XJTU COMPARCH/project_5/project_5.srcs/sources_1/new/CPU_Datapath.v:226]
WARNING: [VRFC 10-3091] actual bit length 1 differs from formal bit length 32 for port 'Q' [C:/XJTU COMPARCH/project_5/project_5.srcs/sources_1/new/CPU_Datapath.v:242]
WARNING: [VRFC 10-3091] actual bit length 2 differs from formal bit length 32 for port 'Q' [C:/XJTU COMPARCH/project_5/project_5.srcs/sources_1/new/CPU_Datapath.v:243]
Completed static elaboration
Starting simulation data flow analysis
Completed simulation data flow analysis
Time Resolution for simulation is 1ps
Compiling module xil_defaultlib.IMem
Compiling module xil_defaultlib.Register
Compiling module xil_defaultlib.MainDsc
Compiling module xil_defaultlib.ControlLogic_ID
Compiling module xil_defaultlib.RegFile
Compiling module xil_defaultlib.ImmGen
Compiling module xil_defaultlib.ALU
Compiling module xil_defaultlib.MainDsc_EX
Compiling module xil_defaultlib.ControlLogic_EX
Compiling module xil_defaultlib.BranchComp
Compiling module xil_defaultlib.FourWaySACache
Compiling module xil_defaultlib.RAM_4Kx32_default
Compiling module xil_defaultlib.DMem
Compiling module xil_defaultlib.CPU_Datapath
Compiling module xil_defaultlib.CPU_sim
Compiling module xil_defaultlib.glbl
Built simulation snapshot CPU_sim_behav
INFO: [USF-XSim-69] 'elaborate' step finished in '3' seconds
INFO: [USF-XSim-4] XSim::Simulate design
INFO: [USF-XSim-61] Executing 'SIMULATE' step in 'C:/XJTU COMPARCH/project_5/project_5.sim/sim_1/behav/xsim'
INFO: [USF-XSim-98] *** Running xsim
   with args "CPU_sim_behav -key {Behavioral:sim_1:Functional:CPU_sim} -tclbatch {CPU_sim.tcl} -view {{C:/XJTU COMPARCH/project_5/CPU_sim_behav.wcfg}} -log {simulate.log}"
INFO: [USF-XSim-8] Loading simulator feature
Vivado Simulator 2019.2
Time resolution is 1 ps
open_wave_config {C:/XJTU COMPARCH/project_5/CPU_sim_behav.wcfg}
source CPU_sim.tcl
# set curr_wave [current_wave_config]
# if { [string length $curr_wave] == 0 } {
#   if { [llength [get_objects]] > 0} {
#     add_wave /
#     set_property needs_save false [current_wave_config]
#   } else {
#      send_msg_id Add_Wave-1 WARNING "No top level signals found. Simulator will start without a wave window. If you want to open a wave window go to 'File->New Waveform Configuration' or type 'create_wave_config' in the TCL console."
#   }
# }
# run 1000ns
INFO: [USF-XSim-96] XSim completed. Design snapshot 'CPU_sim_behav' loaded.
INFO: [USF-XSim-97] XSim simulation ran for 1000ns
launch_simulation: Time (s): cpu = 00:00:01 ; elapsed = 00:00:08 . Memory (MB): peak = 12716.434 ; gain = 0.000
current_wave_config {CPU_sim_behav.wcfg}
CPU_sim_behav.wcfg
add_wave {{/CPU_sim/CPU_1/DMem_1/Cache_1/block_data}} 
current_wave_config {CPU_sim_behav.wcfg}
CPU_sim_behav.wcfg
add_wave {{/CPU_sim/CPU_1/DMem_1/Cache_1/writeback}} 
current_wave_config {CPU_sim_behav.wcfg}
CPU_sim_behav.wcfg
add_wave {{/CPU_sim/CPU_1/DMem_1/Cache_1/write_back_data}} 
save_wave_config {C:/XJTU COMPARCH/project_5/CPU_sim_behav.wcfg}
close_sim
INFO: [Simtcl 6-16] Simulation closed
launch_simulation
Command: launch_simulation 
INFO: [Vivado 12-5682] Launching behavioral simulation in 'C:/XJTU COMPARCH/project_5/project_5.sim/sim_1/behav/xsim'
INFO: [SIM-utils-51] Simulation object is 'sim_1'
INFO: [SIM-utils-54] Inspecting design source files for 'CPU_sim' in fileset 'sim_1'...
INFO: [USF-XSim-97] Finding global include files...
INFO: [USF-XSim-98] Fetching design files from 'sim_1'...
INFO: [USF-XSim-2] XSim::Compile design
INFO: [USF-XSim-61] Executing 'COMPILE and ANALYZE' step in 'C:/XJTU COMPARCH/project_5/project_5.sim/sim_1/behav/xsim'
"xvlog --incr --relax -prj CPU_sim_vlog.prj"
INFO: [VRFC 10-2263] Analyzing Verilog file "C:/XJTU COMPARCH/project_5/project_5.srcs/sources_1/new/ALU.v" into library xil_defaultlib
INFO: [VRFC 10-311] analyzing module ALU
INFO: [VRFC 10-2263] Analyzing Verilog file "C:/XJTU COMPARCH/project_5/project_5.srcs/sources_1/new/BranchComp.v" into library xil_defaultlib
INFO: [VRFC 10-311] analyzing module BranchComp
INFO: [VRFC 10-2263] Analyzing Verilog file "C:/XJTU COMPARCH/project_5/project_5.srcs/sources_1/new/CPU_Datapath.v" into library xil_defaultlib
INFO: [VRFC 10-311] analyzing module CPU_Datapath
INFO: [VRFC 10-2263] Analyzing Verilog file "C:/XJTU COMPARCH/project_5/project_5.srcs/sources_1/new/ControlLogic_EX.v" into library xil_defaultlib
INFO: [VRFC 10-311] analyzing module ControlLogic_EX
INFO: [VRFC 10-2263] Analyzing Verilog file "C:/XJTU COMPARCH/project_5/project_5.srcs/sources_1/new/ControlLogic_ID.v" into library xil_defaultlib
INFO: [VRFC 10-311] analyzing module ControlLogic_ID
INFO: [VRFC 10-2263] Analyzing Verilog file "C:/XJTU COMPARCH/project_5/project_5.srcs/sources_1/new/DMem.v" into library xil_defaultlib
INFO: [VRFC 10-311] analyzing module DMem
INFO: [VRFC 10-2263] Analyzing Verilog file "C:/XJTU COMPARCH/project_5/project_5.srcs/sources_1/new/FourWaySACache.v" into library xil_defaultlib
INFO: [VRFC 10-311] analyzing module FourWaySACache
INFO: [VRFC 10-2263] Analyzing Verilog file "C:/XJTU COMPARCH/project_5/project_5.srcs/sources_1/new/IMem.v" into library xil_defaultlib
INFO: [VRFC 10-311] analyzing module IMem
INFO: [VRFC 10-2263] Analyzing Verilog file "C:/XJTU COMPARCH/project_5/project_5.srcs/sources_1/new/ImmGen.v" into library xil_defaultlib
INFO: [VRFC 10-311] analyzing module ImmGen
INFO: [VRFC 10-2263] Analyzing Verilog file "C:/XJTU COMPARCH/project_5/project_5.srcs/sources_1/new/MainDsc.v" into library xil_defaultlib
INFO: [VRFC 10-311] analyzing module MainDsc
INFO: [VRFC 10-2263] Analyzing Verilog file "C:/XJTU COMPARCH/project_5/project_5.srcs/sources_1/new/MainDsc_EX.v" into library xil_defaultlib
INFO: [VRFC 10-311] analyzing module MainDsc_EX
INFO: [VRFC 10-2263] Analyzing Verilog file "C:/XJTU COMPARCH/project_5/project_5.srcs/sources_1/new/RAM_4Kx32.v" into library xil_defaultlib
INFO: [VRFC 10-311] analyzing module RAM_4Kx32
INFO: [VRFC 10-2263] Analyzing Verilog file "C:/XJTU COMPARCH/project_5/project_5.srcs/sources_1/new/RegFile.v" into library xil_defaultlib
INFO: [VRFC 10-311] analyzing module RegFile
INFO: [VRFC 10-2263] Analyzing Verilog file "C:/XJTU COMPARCH/project_5/project_5.srcs/sources_1/new/Register.v" into library xil_defaultlib
INFO: [VRFC 10-311] analyzing module Register
INFO: [VRFC 10-2263] Analyzing Verilog file "C:/XJTU COMPARCH/project_5/project_5.srcs/sim_1/new/CPU_sim.v" into library xil_defaultlib
INFO: [VRFC 10-311] analyzing module CPU_sim
INFO: [USF-XSim-69] 'compile' step finished in '2' seconds
INFO: [USF-XSim-3] XSim::Elaborate design
INFO: [USF-XSim-61] Executing 'ELABORATE' step in 'C:/XJTU COMPARCH/project_5/project_5.sim/sim_1/behav/xsim'
"xelab -wto f1795959e9ee4683ab0147d6093c81ff --incr --debug typical --relax --mt 2 -L xil_defaultlib -L unisims_ver -L unimacro_ver -L secureip --snapshot CPU_sim_behav xil_defaultlib.CPU_sim xil_defaultlib.glbl -log elaborate.log"
Vivado Simulator 2019.2
Copyright 1986-1999, 2001-2019 Xilinx, Inc. All Rights Reserved.
Running: C:/Xilinx2019/Vivado/2019.2/bin/unwrapped/win64.o/xelab.exe -wto f1795959e9ee4683ab0147d6093c81ff --incr --debug typical --relax --mt 2 -L xil_defaultlib -L unisims_ver -L unimacro_ver -L secureip --snapshot CPU_sim_behav xil_defaultlib.CPU_sim xil_defaultlib.glbl -log elaborate.log 
Using 2 slave threads.
Starting static elaboration
Pass Through NonSizing Optimizer
WARNING: [VRFC 10-3091] actual bit length 1 differs from formal bit length 32 for port 'Q' [C:/XJTU COMPARCH/project_5/project_5.srcs/sources_1/new/CPU_Datapath.v:165]
WARNING: [VRFC 10-3091] actual bit length 3 differs from formal bit length 32 for port 'Q' [C:/XJTU COMPARCH/project_5/project_5.srcs/sources_1/new/CPU_Datapath.v:166]
WARNING: [VRFC 10-3091] actual bit length 1 differs from formal bit length 32 for port 'Q' [C:/XJTU COMPARCH/project_5/project_5.srcs/sources_1/new/CPU_Datapath.v:167]
WARNING: [VRFC 10-3091] actual bit length 1 differs from formal bit length 32 for port 'Q' [C:/XJTU COMPARCH/project_5/project_5.srcs/sources_1/new/CPU_Datapath.v:168]
WARNING: [VRFC 10-3091] actual bit length 1 differs from formal bit length 32 for port 'Q' [C:/XJTU COMPARCH/project_5/project_5.srcs/sources_1/new/CPU_Datapath.v:169]
WARNING: [VRFC 10-3091] actual bit length 4 differs from formal bit length 32 for port 'Q' [C:/XJTU COMPARCH/project_5/project_5.srcs/sources_1/new/CPU_Datapath.v:170]
WARNING: [VRFC 10-3091] actual bit length 1 differs from formal bit length 32 for port 'Q' [C:/XJTU COMPARCH/project_5/project_5.srcs/sources_1/new/CPU_Datapath.v:171]
WARNING: [VRFC 10-3091] actual bit length 2 differs from formal bit length 32 for port 'Q' [C:/XJTU COMPARCH/project_5/project_5.srcs/sources_1/new/CPU_Datapath.v:172]
WARNING: [VRFC 10-3091] actual bit length 1 differs from formal bit length 32 for port 'Q' [C:/XJTU COMPARCH/project_5/project_5.srcs/sources_1/new/CPU_Datapath.v:224]
WARNING: [VRFC 10-3091] actual bit length 1 differs from formal bit length 32 for port 'Q' [C:/XJTU COMPARCH/project_5/project_5.srcs/sources_1/new/CPU_Datapath.v:225]
WARNING: [VRFC 10-3091] actual bit length 2 differs from formal bit length 32 for port 'Q' [C:/XJTU COMPARCH/project_5/project_5.srcs/sources_1/new/CPU_Datapath.v:226]
WARNING: [VRFC 10-3091] actual bit length 1 differs from formal bit length 32 for port 'Q' [C:/XJTU COMPARCH/project_5/project_5.srcs/sources_1/new/CPU_Datapath.v:242]
WARNING: [VRFC 10-3091] actual bit length 2 differs from formal bit length 32 for port 'Q' [C:/XJTU COMPARCH/project_5/project_5.srcs/sources_1/new/CPU_Datapath.v:243]
Completed static elaboration
Starting simulation data flow analysis
Completed simulation data flow analysis
Time Resolution for simulation is 1ps
Compiling module xil_defaultlib.IMem
Compiling module xil_defaultlib.Register
Compiling module xil_defaultlib.MainDsc
Compiling module xil_defaultlib.ControlLogic_ID
Compiling module xil_defaultlib.RegFile
Compiling module xil_defaultlib.ImmGen
Compiling module xil_defaultlib.ALU
Compiling module xil_defaultlib.MainDsc_EX
Compiling module xil_defaultlib.ControlLogic_EX
Compiling module xil_defaultlib.BranchComp
Compiling module xil_defaultlib.FourWaySACache
Compiling module xil_defaultlib.RAM_4Kx32_default
Compiling module xil_defaultlib.DMem
Compiling module xil_defaultlib.CPU_Datapath
Compiling module xil_defaultlib.CPU_sim
Compiling module xil_defaultlib.glbl
Built simulation snapshot CPU_sim_behav
INFO: [USF-XSim-69] 'elaborate' step finished in '2' seconds
INFO: [USF-XSim-4] XSim::Simulate design
INFO: [USF-XSim-61] Executing 'SIMULATE' step in 'C:/XJTU COMPARCH/project_5/project_5.sim/sim_1/behav/xsim'
INFO: [USF-XSim-98] *** Running xsim
   with args "CPU_sim_behav -key {Behavioral:sim_1:Functional:CPU_sim} -tclbatch {CPU_sim.tcl} -view {{C:/XJTU COMPARCH/project_5/CPU_sim_behav.wcfg}} -log {simulate.log}"
INFO: [USF-XSim-8] Loading simulator feature
Vivado Simulator 2019.2
Time resolution is 1 ps
open_wave_config {C:/XJTU COMPARCH/project_5/CPU_sim_behav.wcfg}
source CPU_sim.tcl
# set curr_wave [current_wave_config]
# if { [string length $curr_wave] == 0 } {
#   if { [llength [get_objects]] > 0} {
#     add_wave /
#     set_property needs_save false [current_wave_config]
#   } else {
#      send_msg_id Add_Wave-1 WARNING "No top level signals found. Simulator will start without a wave window. If you want to open a wave window go to 'File->New Waveform Configuration' or type 'create_wave_config' in the TCL console."
#   }
# }
# run 1000ns
INFO: [USF-XSim-96] XSim completed. Design snapshot 'CPU_sim_behav' loaded.
INFO: [USF-XSim-97] XSim simulation ran for 1000ns
launch_simulation: Time (s): cpu = 00:00:01 ; elapsed = 00:00:08 . Memory (MB): peak = 12716.434 ; gain = 0.000
close_sim
INFO: [Simtcl 6-16] Simulation closed
launch_simulation
Command: launch_simulation 
INFO: [Vivado 12-5682] Launching behavioral simulation in 'C:/XJTU COMPARCH/project_5/project_5.sim/sim_1/behav/xsim'
INFO: [SIM-utils-51] Simulation object is 'sim_1'
INFO: [SIM-utils-54] Inspecting design source files for 'CPU_sim' in fileset 'sim_1'...
INFO: [USF-XSim-97] Finding global include files...
INFO: [USF-XSim-98] Fetching design files from 'sim_1'...
INFO: [USF-XSim-2] XSim::Compile design
INFO: [USF-XSim-61] Executing 'COMPILE and ANALYZE' step in 'C:/XJTU COMPARCH/project_5/project_5.sim/sim_1/behav/xsim'
"xvlog --incr --relax -prj CPU_sim_vlog.prj"
INFO: [VRFC 10-2263] Analyzing Verilog file "C:/XJTU COMPARCH/project_5/project_5.srcs/sources_1/new/ALU.v" into library xil_defaultlib
INFO: [VRFC 10-311] analyzing module ALU
INFO: [VRFC 10-2263] Analyzing Verilog file "C:/XJTU COMPARCH/project_5/project_5.srcs/sources_1/new/BranchComp.v" into library xil_defaultlib
INFO: [VRFC 10-311] analyzing module BranchComp
INFO: [VRFC 10-2263] Analyzing Verilog file "C:/XJTU COMPARCH/project_5/project_5.srcs/sources_1/new/CPU_Datapath.v" into library xil_defaultlib
INFO: [VRFC 10-311] analyzing module CPU_Datapath
INFO: [VRFC 10-2263] Analyzing Verilog file "C:/XJTU COMPARCH/project_5/project_5.srcs/sources_1/new/ControlLogic_EX.v" into library xil_defaultlib
INFO: [VRFC 10-311] analyzing module ControlLogic_EX
INFO: [VRFC 10-2263] Analyzing Verilog file "C:/XJTU COMPARCH/project_5/project_5.srcs/sources_1/new/ControlLogic_ID.v" into library xil_defaultlib
INFO: [VRFC 10-311] analyzing module ControlLogic_ID
INFO: [VRFC 10-2263] Analyzing Verilog file "C:/XJTU COMPARCH/project_5/project_5.srcs/sources_1/new/DMem.v" into library xil_defaultlib
INFO: [VRFC 10-311] analyzing module DMem
INFO: [VRFC 10-2263] Analyzing Verilog file "C:/XJTU COMPARCH/project_5/project_5.srcs/sources_1/new/FourWaySACache.v" into library xil_defaultlib
INFO: [VRFC 10-311] analyzing module FourWaySACache
INFO: [VRFC 10-2263] Analyzing Verilog file "C:/XJTU COMPARCH/project_5/project_5.srcs/sources_1/new/IMem.v" into library xil_defaultlib
INFO: [VRFC 10-311] analyzing module IMem
INFO: [VRFC 10-2263] Analyzing Verilog file "C:/XJTU COMPARCH/project_5/project_5.srcs/sources_1/new/ImmGen.v" into library xil_defaultlib
INFO: [VRFC 10-311] analyzing module ImmGen
INFO: [VRFC 10-2263] Analyzing Verilog file "C:/XJTU COMPARCH/project_5/project_5.srcs/sources_1/new/MainDsc.v" into library xil_defaultlib
INFO: [VRFC 10-311] analyzing module MainDsc
INFO: [VRFC 10-2263] Analyzing Verilog file "C:/XJTU COMPARCH/project_5/project_5.srcs/sources_1/new/MainDsc_EX.v" into library xil_defaultlib
INFO: [VRFC 10-311] analyzing module MainDsc_EX
INFO: [VRFC 10-2263] Analyzing Verilog file "C:/XJTU COMPARCH/project_5/project_5.srcs/sources_1/new/RAM_4Kx32.v" into library xil_defaultlib
INFO: [VRFC 10-311] analyzing module RAM_4Kx32
INFO: [VRFC 10-2263] Analyzing Verilog file "C:/XJTU COMPARCH/project_5/project_5.srcs/sources_1/new/RegFile.v" into library xil_defaultlib
INFO: [VRFC 10-311] analyzing module RegFile
INFO: [VRFC 10-2263] Analyzing Verilog file "C:/XJTU COMPARCH/project_5/project_5.srcs/sources_1/new/Register.v" into library xil_defaultlib
INFO: [VRFC 10-311] analyzing module Register
INFO: [VRFC 10-2263] Analyzing Verilog file "C:/XJTU COMPARCH/project_5/project_5.srcs/sim_1/new/CPU_sim.v" into library xil_defaultlib
INFO: [VRFC 10-311] analyzing module CPU_sim
INFO: [USF-XSim-69] 'compile' step finished in '1' seconds
INFO: [USF-XSim-3] XSim::Elaborate design
INFO: [USF-XSim-61] Executing 'ELABORATE' step in 'C:/XJTU COMPARCH/project_5/project_5.sim/sim_1/behav/xsim'
"xelab -wto f1795959e9ee4683ab0147d6093c81ff --incr --debug typical --relax --mt 2 -L xil_defaultlib -L unisims_ver -L unimacro_ver -L secureip --snapshot CPU_sim_behav xil_defaultlib.CPU_sim xil_defaultlib.glbl -log elaborate.log"
Vivado Simulator 2019.2
Copyright 1986-1999, 2001-2019 Xilinx, Inc. All Rights Reserved.
Running: C:/Xilinx2019/Vivado/2019.2/bin/unwrapped/win64.o/xelab.exe -wto f1795959e9ee4683ab0147d6093c81ff --incr --debug typical --relax --mt 2 -L xil_defaultlib -L unisims_ver -L unimacro_ver -L secureip --snapshot CPU_sim_behav xil_defaultlib.CPU_sim xil_defaultlib.glbl -log elaborate.log 
Using 2 slave threads.
Starting static elaboration
Pass Through NonSizing Optimizer
WARNING: [VRFC 10-3091] actual bit length 1 differs from formal bit length 32 for port 'Q' [C:/XJTU COMPARCH/project_5/project_5.srcs/sources_1/new/CPU_Datapath.v:165]
WARNING: [VRFC 10-3091] actual bit length 3 differs from formal bit length 32 for port 'Q' [C:/XJTU COMPARCH/project_5/project_5.srcs/sources_1/new/CPU_Datapath.v:166]
WARNING: [VRFC 10-3091] actual bit length 1 differs from formal bit length 32 for port 'Q' [C:/XJTU COMPARCH/project_5/project_5.srcs/sources_1/new/CPU_Datapath.v:167]
WARNING: [VRFC 10-3091] actual bit length 1 differs from formal bit length 32 for port 'Q' [C:/XJTU COMPARCH/project_5/project_5.srcs/sources_1/new/CPU_Datapath.v:168]
WARNING: [VRFC 10-3091] actual bit length 1 differs from formal bit length 32 for port 'Q' [C:/XJTU COMPARCH/project_5/project_5.srcs/sources_1/new/CPU_Datapath.v:169]
WARNING: [VRFC 10-3091] actual bit length 4 differs from formal bit length 32 for port 'Q' [C:/XJTU COMPARCH/project_5/project_5.srcs/sources_1/new/CPU_Datapath.v:170]
WARNING: [VRFC 10-3091] actual bit length 1 differs from formal bit length 32 for port 'Q' [C:/XJTU COMPARCH/project_5/project_5.srcs/sources_1/new/CPU_Datapath.v:171]
WARNING: [VRFC 10-3091] actual bit length 2 differs from formal bit length 32 for port 'Q' [C:/XJTU COMPARCH/project_5/project_5.srcs/sources_1/new/CPU_Datapath.v:172]
WARNING: [VRFC 10-3091] actual bit length 1 differs from formal bit length 32 for port 'Q' [C:/XJTU COMPARCH/project_5/project_5.srcs/sources_1/new/CPU_Datapath.v:224]
WARNING: [VRFC 10-3091] actual bit length 1 differs from formal bit length 32 for port 'Q' [C:/XJTU COMPARCH/project_5/project_5.srcs/sources_1/new/CPU_Datapath.v:225]
WARNING: [VRFC 10-3091] actual bit length 2 differs from formal bit length 32 for port 'Q' [C:/XJTU COMPARCH/project_5/project_5.srcs/sources_1/new/CPU_Datapath.v:226]
WARNING: [VRFC 10-3091] actual bit length 1 differs from formal bit length 32 for port 'Q' [C:/XJTU COMPARCH/project_5/project_5.srcs/sources_1/new/CPU_Datapath.v:242]
WARNING: [VRFC 10-3091] actual bit length 2 differs from formal bit length 32 for port 'Q' [C:/XJTU COMPARCH/project_5/project_5.srcs/sources_1/new/CPU_Datapath.v:243]
Completed static elaboration
Starting simulation data flow analysis
Completed simulation data flow analysis
Time Resolution for simulation is 1ps
Compiling module xil_defaultlib.IMem
Compiling module xil_defaultlib.Register
Compiling module xil_defaultlib.MainDsc
Compiling module xil_defaultlib.ControlLogic_ID
Compiling module xil_defaultlib.RegFile
Compiling module xil_defaultlib.ImmGen
Compiling module xil_defaultlib.ALU
Compiling module xil_defaultlib.MainDsc_EX
Compiling module xil_defaultlib.ControlLogic_EX
Compiling module xil_defaultlib.BranchComp
Compiling module xil_defaultlib.FourWaySACache
Compiling module xil_defaultlib.RAM_4Kx32_default
Compiling module xil_defaultlib.DMem
Compiling module xil_defaultlib.CPU_Datapath
Compiling module xil_defaultlib.CPU_sim
Compiling module xil_defaultlib.glbl
Built simulation snapshot CPU_sim_behav
INFO: [USF-XSim-69] 'elaborate' step finished in '2' seconds
INFO: [USF-XSim-4] XSim::Simulate design
INFO: [USF-XSim-61] Executing 'SIMULATE' step in 'C:/XJTU COMPARCH/project_5/project_5.sim/sim_1/behav/xsim'
INFO: [USF-XSim-98] *** Running xsim
   with args "CPU_sim_behav -key {Behavioral:sim_1:Functional:CPU_sim} -tclbatch {CPU_sim.tcl} -view {{C:/XJTU COMPARCH/project_5/CPU_sim_behav.wcfg}} -log {simulate.log}"
INFO: [USF-XSim-8] Loading simulator feature
Vivado Simulator 2019.2
Time resolution is 1 ps
open_wave_config {C:/XJTU COMPARCH/project_5/CPU_sim_behav.wcfg}
source CPU_sim.tcl
# set curr_wave [current_wave_config]
# if { [string length $curr_wave] == 0 } {
#   if { [llength [get_objects]] > 0} {
#     add_wave /
#     set_property needs_save false [current_wave_config]
#   } else {
#      send_msg_id Add_Wave-1 WARNING "No top level signals found. Simulator will start without a wave window. If you want to open a wave window go to 'File->New Waveform Configuration' or type 'create_wave_config' in the TCL console."
#   }
# }
# run 1000ns
INFO: [USF-XSim-96] XSim completed. Design snapshot 'CPU_sim_behav' loaded.
INFO: [USF-XSim-97] XSim simulation ran for 1000ns
launch_simulation: Time (s): cpu = 00:00:01 ; elapsed = 00:00:09 . Memory (MB): peak = 12716.434 ; gain = 0.000
close_sim
INFO: [Simtcl 6-16] Simulation closed
launch_simulation
Command: launch_simulation 
INFO: [Vivado 12-5682] Launching behavioral simulation in 'C:/XJTU COMPARCH/project_5/project_5.sim/sim_1/behav/xsim'
INFO: [SIM-utils-51] Simulation object is 'sim_1'
INFO: [SIM-utils-54] Inspecting design source files for 'CPU_sim' in fileset 'sim_1'...
INFO: [USF-XSim-97] Finding global include files...
INFO: [USF-XSim-98] Fetching design files from 'sim_1'...
INFO: [USF-XSim-2] XSim::Compile design
INFO: [USF-XSim-61] Executing 'COMPILE and ANALYZE' step in 'C:/XJTU COMPARCH/project_5/project_5.sim/sim_1/behav/xsim'
"xvlog --incr --relax -prj CPU_sim_vlog.prj"
INFO: [VRFC 10-2263] Analyzing Verilog file "C:/XJTU COMPARCH/project_5/project_5.srcs/sources_1/new/RAM_4Kx32.v" into library xil_defaultlib
INFO: [VRFC 10-311] analyzing module RAM_4Kx32
INFO: [USF-XSim-69] 'compile' step finished in '2' seconds
INFO: [USF-XSim-3] XSim::Elaborate design
INFO: [USF-XSim-61] Executing 'ELABORATE' step in 'C:/XJTU COMPARCH/project_5/project_5.sim/sim_1/behav/xsim'
"xelab -wto f1795959e9ee4683ab0147d6093c81ff --incr --debug typical --relax --mt 2 -L xil_defaultlib -L unisims_ver -L unimacro_ver -L secureip --snapshot CPU_sim_behav xil_defaultlib.CPU_sim xil_defaultlib.glbl -log elaborate.log"
Vivado Simulator 2019.2
Copyright 1986-1999, 2001-2019 Xilinx, Inc. All Rights Reserved.
Running: C:/Xilinx2019/Vivado/2019.2/bin/unwrapped/win64.o/xelab.exe -wto f1795959e9ee4683ab0147d6093c81ff --incr --debug typical --relax --mt 2 -L xil_defaultlib -L unisims_ver -L unimacro_ver -L secureip --snapshot CPU_sim_behav xil_defaultlib.CPU_sim xil_defaultlib.glbl -log elaborate.log 
Using 2 slave threads.
Starting static elaboration
Pass Through NonSizing Optimizer
WARNING: [VRFC 10-3091] actual bit length 1 differs from formal bit length 32 for port 'Q' [C:/XJTU COMPARCH/project_5/project_5.srcs/sources_1/new/CPU_Datapath.v:165]
WARNING: [VRFC 10-3091] actual bit length 3 differs from formal bit length 32 for port 'Q' [C:/XJTU COMPARCH/project_5/project_5.srcs/sources_1/new/CPU_Datapath.v:166]
WARNING: [VRFC 10-3091] actual bit length 1 differs from formal bit length 32 for port 'Q' [C:/XJTU COMPARCH/project_5/project_5.srcs/sources_1/new/CPU_Datapath.v:167]
WARNING: [VRFC 10-3091] actual bit length 1 differs from formal bit length 32 for port 'Q' [C:/XJTU COMPARCH/project_5/project_5.srcs/sources_1/new/CPU_Datapath.v:168]
WARNING: [VRFC 10-3091] actual bit length 1 differs from formal bit length 32 for port 'Q' [C:/XJTU COMPARCH/project_5/project_5.srcs/sources_1/new/CPU_Datapath.v:169]
WARNING: [VRFC 10-3091] actual bit length 4 differs from formal bit length 32 for port 'Q' [C:/XJTU COMPARCH/project_5/project_5.srcs/sources_1/new/CPU_Datapath.v:170]
WARNING: [VRFC 10-3091] actual bit length 1 differs from formal bit length 32 for port 'Q' [C:/XJTU COMPARCH/project_5/project_5.srcs/sources_1/new/CPU_Datapath.v:171]
WARNING: [VRFC 10-3091] actual bit length 2 differs from formal bit length 32 for port 'Q' [C:/XJTU COMPARCH/project_5/project_5.srcs/sources_1/new/CPU_Datapath.v:172]
WARNING: [VRFC 10-3091] actual bit length 1 differs from formal bit length 32 for port 'Q' [C:/XJTU COMPARCH/project_5/project_5.srcs/sources_1/new/CPU_Datapath.v:224]
WARNING: [VRFC 10-3091] actual bit length 1 differs from formal bit length 32 for port 'Q' [C:/XJTU COMPARCH/project_5/project_5.srcs/sources_1/new/CPU_Datapath.v:225]
WARNING: [VRFC 10-3091] actual bit length 2 differs from formal bit length 32 for port 'Q' [C:/XJTU COMPARCH/project_5/project_5.srcs/sources_1/new/CPU_Datapath.v:226]
WARNING: [VRFC 10-3091] actual bit length 1 differs from formal bit length 32 for port 'Q' [C:/XJTU COMPARCH/project_5/project_5.srcs/sources_1/new/CPU_Datapath.v:242]
WARNING: [VRFC 10-3091] actual bit length 2 differs from formal bit length 32 for port 'Q' [C:/XJTU COMPARCH/project_5/project_5.srcs/sources_1/new/CPU_Datapath.v:243]
Completed static elaboration
Starting simulation data flow analysis
Completed simulation data flow analysis
Time Resolution for simulation is 1ps
Compiling module xil_defaultlib.IMem
Compiling module xil_defaultlib.Register
Compiling module xil_defaultlib.MainDsc
Compiling module xil_defaultlib.ControlLogic_ID
Compiling module xil_defaultlib.RegFile
Compiling module xil_defaultlib.ImmGen
Compiling module xil_defaultlib.ALU
Compiling module xil_defaultlib.MainDsc_EX
Compiling module xil_defaultlib.ControlLogic_EX
Compiling module xil_defaultlib.BranchComp
Compiling module xil_defaultlib.FourWaySACache
Compiling module xil_defaultlib.RAM_4Kx32_default
Compiling module xil_defaultlib.DMem
Compiling module xil_defaultlib.CPU_Datapath
Compiling module xil_defaultlib.CPU_sim
Compiling module xil_defaultlib.glbl
Built simulation snapshot CPU_sim_behav
INFO: [USF-XSim-69] 'elaborate' step finished in '4' seconds
INFO: [USF-XSim-4] XSim::Simulate design
INFO: [USF-XSim-61] Executing 'SIMULATE' step in 'C:/XJTU COMPARCH/project_5/project_5.sim/sim_1/behav/xsim'
INFO: [USF-XSim-98] *** Running xsim
   with args "CPU_sim_behav -key {Behavioral:sim_1:Functional:CPU_sim} -tclbatch {CPU_sim.tcl} -view {{C:/XJTU COMPARCH/project_5/CPU_sim_behav.wcfg}} -log {simulate.log}"
INFO: [USF-XSim-8] Loading simulator feature
Vivado Simulator 2019.2
Time resolution is 1 ps
open_wave_config {C:/XJTU COMPARCH/project_5/CPU_sim_behav.wcfg}
source CPU_sim.tcl
# set curr_wave [current_wave_config]
# if { [string length $curr_wave] == 0 } {
#   if { [llength [get_objects]] > 0} {
#     add_wave /
#     set_property needs_save false [current_wave_config]
#   } else {
#      send_msg_id Add_Wave-1 WARNING "No top level signals found. Simulator will start without a wave window. If you want to open a wave window go to 'File->New Waveform Configuration' or type 'create_wave_config' in the TCL console."
#   }
# }
# run 1000ns
INFO: [USF-XSim-96] XSim completed. Design snapshot 'CPU_sim_behav' loaded.
INFO: [USF-XSim-97] XSim simulation ran for 1000ns
launch_simulation: Time (s): cpu = 00:00:01 ; elapsed = 00:00:11 . Memory (MB): peak = 12716.434 ; gain = 0.000
restart
INFO: [Simtcl 6-17] Simulation restarted
run 10 ns
run 10 ns
run 10 ns
run 10 ns
run 10 ns
run 10 ns
run 10 ns
run 10 ns
run 10 ns
run 10 ns
run 10 ns
run 10 ns
run 10 ns
run 10 ns
run 10 ns
run 10 ns
run 10 ns
run 10 ns
run 10 ns
run 10 ns
close_sim
INFO: [Simtcl 6-16] Simulation closed
launch_simulation
Command: launch_simulation 
INFO: [Vivado 12-5682] Launching behavioral simulation in 'C:/XJTU COMPARCH/project_5/project_5.sim/sim_1/behav/xsim'
INFO: [SIM-utils-51] Simulation object is 'sim_1'
INFO: [SIM-utils-54] Inspecting design source files for 'CPU_sim' in fileset 'sim_1'...
INFO: [USF-XSim-97] Finding global include files...
INFO: [USF-XSim-98] Fetching design files from 'sim_1'...
INFO: [USF-XSim-2] XSim::Compile design
INFO: [USF-XSim-61] Executing 'COMPILE and ANALYZE' step in 'C:/XJTU COMPARCH/project_5/project_5.sim/sim_1/behav/xsim'
"xvlog --incr --relax -prj CPU_sim_vlog.prj"
INFO: [VRFC 10-2263] Analyzing Verilog file "C:/XJTU COMPARCH/project_5/project_5.srcs/sources_1/new/ALU.v" into library xil_defaultlib
INFO: [VRFC 10-311] analyzing module ALU
INFO: [VRFC 10-2263] Analyzing Verilog file "C:/XJTU COMPARCH/project_5/project_5.srcs/sources_1/new/BranchComp.v" into library xil_defaultlib
INFO: [VRFC 10-311] analyzing module BranchComp
INFO: [VRFC 10-2263] Analyzing Verilog file "C:/XJTU COMPARCH/project_5/project_5.srcs/sources_1/new/CPU_Datapath.v" into library xil_defaultlib
INFO: [VRFC 10-311] analyzing module CPU_Datapath
INFO: [VRFC 10-2263] Analyzing Verilog file "C:/XJTU COMPARCH/project_5/project_5.srcs/sources_1/new/ControlLogic_EX.v" into library xil_defaultlib
INFO: [VRFC 10-311] analyzing module ControlLogic_EX
INFO: [VRFC 10-2263] Analyzing Verilog file "C:/XJTU COMPARCH/project_5/project_5.srcs/sources_1/new/ControlLogic_ID.v" into library xil_defaultlib
INFO: [VRFC 10-311] analyzing module ControlLogic_ID
INFO: [VRFC 10-2263] Analyzing Verilog file "C:/XJTU COMPARCH/project_5/project_5.srcs/sources_1/new/DMem.v" into library xil_defaultlib
INFO: [VRFC 10-311] analyzing module DMem
INFO: [VRFC 10-2263] Analyzing Verilog file "C:/XJTU COMPARCH/project_5/project_5.srcs/sources_1/new/FourWaySACache.v" into library xil_defaultlib
INFO: [VRFC 10-311] analyzing module FourWaySACache
INFO: [VRFC 10-2263] Analyzing Verilog file "C:/XJTU COMPARCH/project_5/project_5.srcs/sources_1/new/IMem.v" into library xil_defaultlib
INFO: [VRFC 10-311] analyzing module IMem
INFO: [VRFC 10-2263] Analyzing Verilog file "C:/XJTU COMPARCH/project_5/project_5.srcs/sources_1/new/ImmGen.v" into library xil_defaultlib
INFO: [VRFC 10-311] analyzing module ImmGen
INFO: [VRFC 10-2263] Analyzing Verilog file "C:/XJTU COMPARCH/project_5/project_5.srcs/sources_1/new/MainDsc.v" into library xil_defaultlib
INFO: [VRFC 10-311] analyzing module MainDsc
INFO: [VRFC 10-2263] Analyzing Verilog file "C:/XJTU COMPARCH/project_5/project_5.srcs/sources_1/new/MainDsc_EX.v" into library xil_defaultlib
INFO: [VRFC 10-311] analyzing module MainDsc_EX
INFO: [VRFC 10-2263] Analyzing Verilog file "C:/XJTU COMPARCH/project_5/project_5.srcs/sources_1/new/RAM_4Kx32.v" into library xil_defaultlib
INFO: [VRFC 10-311] analyzing module RAM_4Kx32
INFO: [VRFC 10-2263] Analyzing Verilog file "C:/XJTU COMPARCH/project_5/project_5.srcs/sources_1/new/RegFile.v" into library xil_defaultlib
INFO: [VRFC 10-311] analyzing module RegFile
INFO: [VRFC 10-2263] Analyzing Verilog file "C:/XJTU COMPARCH/project_5/project_5.srcs/sources_1/new/Register.v" into library xil_defaultlib
INFO: [VRFC 10-311] analyzing module Register
INFO: [VRFC 10-2263] Analyzing Verilog file "C:/XJTU COMPARCH/project_5/project_5.srcs/sim_1/new/CPU_sim.v" into library xil_defaultlib
INFO: [VRFC 10-311] analyzing module CPU_sim
INFO: [USF-XSim-69] 'compile' step finished in '2' seconds
INFO: [USF-XSim-3] XSim::Elaborate design
INFO: [USF-XSim-61] Executing 'ELABORATE' step in 'C:/XJTU COMPARCH/project_5/project_5.sim/sim_1/behav/xsim'
"xelab -wto f1795959e9ee4683ab0147d6093c81ff --incr --debug typical --relax --mt 2 -L xil_defaultlib -L unisims_ver -L unimacro_ver -L secureip --snapshot CPU_sim_behav xil_defaultlib.CPU_sim xil_defaultlib.glbl -log elaborate.log"
Vivado Simulator 2019.2
Copyright 1986-1999, 2001-2019 Xilinx, Inc. All Rights Reserved.
Running: C:/Xilinx2019/Vivado/2019.2/bin/unwrapped/win64.o/xelab.exe -wto f1795959e9ee4683ab0147d6093c81ff --incr --debug typical --relax --mt 2 -L xil_defaultlib -L unisims_ver -L unimacro_ver -L secureip --snapshot CPU_sim_behav xil_defaultlib.CPU_sim xil_defaultlib.glbl -log elaborate.log 
Using 2 slave threads.
Starting static elaboration
Pass Through NonSizing Optimizer
WARNING: [VRFC 10-3091] actual bit length 1 differs from formal bit length 32 for port 'Q' [C:/XJTU COMPARCH/project_5/project_5.srcs/sources_1/new/CPU_Datapath.v:165]
WARNING: [VRFC 10-3091] actual bit length 3 differs from formal bit length 32 for port 'Q' [C:/XJTU COMPARCH/project_5/project_5.srcs/sources_1/new/CPU_Datapath.v:166]
WARNING: [VRFC 10-3091] actual bit length 1 differs from formal bit length 32 for port 'Q' [C:/XJTU COMPARCH/project_5/project_5.srcs/sources_1/new/CPU_Datapath.v:167]
WARNING: [VRFC 10-3091] actual bit length 1 differs from formal bit length 32 for port 'Q' [C:/XJTU COMPARCH/project_5/project_5.srcs/sources_1/new/CPU_Datapath.v:168]
WARNING: [VRFC 10-3091] actual bit length 1 differs from formal bit length 32 for port 'Q' [C:/XJTU COMPARCH/project_5/project_5.srcs/sources_1/new/CPU_Datapath.v:169]
WARNING: [VRFC 10-3091] actual bit length 4 differs from formal bit length 32 for port 'Q' [C:/XJTU COMPARCH/project_5/project_5.srcs/sources_1/new/CPU_Datapath.v:170]
WARNING: [VRFC 10-3091] actual bit length 1 differs from formal bit length 32 for port 'Q' [C:/XJTU COMPARCH/project_5/project_5.srcs/sources_1/new/CPU_Datapath.v:171]
WARNING: [VRFC 10-3091] actual bit length 2 differs from formal bit length 32 for port 'Q' [C:/XJTU COMPARCH/project_5/project_5.srcs/sources_1/new/CPU_Datapath.v:172]
WARNING: [VRFC 10-3091] actual bit length 1 differs from formal bit length 32 for port 'Q' [C:/XJTU COMPARCH/project_5/project_5.srcs/sources_1/new/CPU_Datapath.v:224]
WARNING: [VRFC 10-3091] actual bit length 1 differs from formal bit length 32 for port 'Q' [C:/XJTU COMPARCH/project_5/project_5.srcs/sources_1/new/CPU_Datapath.v:225]
WARNING: [VRFC 10-3091] actual bit length 2 differs from formal bit length 32 for port 'Q' [C:/XJTU COMPARCH/project_5/project_5.srcs/sources_1/new/CPU_Datapath.v:226]
WARNING: [VRFC 10-3091] actual bit length 1 differs from formal bit length 32 for port 'Q' [C:/XJTU COMPARCH/project_5/project_5.srcs/sources_1/new/CPU_Datapath.v:242]
WARNING: [VRFC 10-3091] actual bit length 2 differs from formal bit length 32 for port 'Q' [C:/XJTU COMPARCH/project_5/project_5.srcs/sources_1/new/CPU_Datapath.v:243]
Completed static elaboration
Starting simulation data flow analysis
Completed simulation data flow analysis
Time Resolution for simulation is 1ps
Compiling module xil_defaultlib.IMem
Compiling module xil_defaultlib.Register
Compiling module xil_defaultlib.MainDsc
Compiling module xil_defaultlib.ControlLogic_ID
Compiling module xil_defaultlib.RegFile
Compiling module xil_defaultlib.ImmGen
Compiling module xil_defaultlib.ALU
Compiling module xil_defaultlib.MainDsc_EX
Compiling module xil_defaultlib.ControlLogic_EX
Compiling module xil_defaultlib.BranchComp
Compiling module xil_defaultlib.FourWaySACache
Compiling module xil_defaultlib.RAM_4Kx32_default
Compiling module xil_defaultlib.DMem
Compiling module xil_defaultlib.CPU_Datapath
Compiling module xil_defaultlib.CPU_sim
Compiling module xil_defaultlib.glbl
Built simulation snapshot CPU_sim_behav
INFO: [USF-XSim-69] 'elaborate' step finished in '3' seconds
INFO: [USF-XSim-4] XSim::Simulate design
INFO: [USF-XSim-61] Executing 'SIMULATE' step in 'C:/XJTU COMPARCH/project_5/project_5.sim/sim_1/behav/xsim'
INFO: [USF-XSim-98] *** Running xsim
   with args "CPU_sim_behav -key {Behavioral:sim_1:Functional:CPU_sim} -tclbatch {CPU_sim.tcl} -view {{C:/XJTU COMPARCH/project_5/CPU_sim_behav.wcfg}} -log {simulate.log}"
INFO: [USF-XSim-8] Loading simulator feature
Vivado Simulator 2019.2
Time resolution is 1 ps
open_wave_config {C:/XJTU COMPARCH/project_5/CPU_sim_behav.wcfg}
source CPU_sim.tcl
# set curr_wave [current_wave_config]
# if { [string length $curr_wave] == 0 } {
#   if { [llength [get_objects]] > 0} {
#     add_wave /
#     set_property needs_save false [current_wave_config]
#   } else {
#      send_msg_id Add_Wave-1 WARNING "No top level signals found. Simulator will start without a wave window. If you want to open a wave window go to 'File->New Waveform Configuration' or type 'create_wave_config' in the TCL console."
#   }
# }
# run 1000ns
xsim: Time (s): cpu = 00:00:02 ; elapsed = 00:00:06 . Memory (MB): peak = 12716.434 ; gain = 0.000
INFO: [USF-XSim-96] XSim completed. Design snapshot 'CPU_sim_behav' loaded.
INFO: [USF-XSim-97] XSim simulation ran for 1000ns
launch_simulation: Time (s): cpu = 00:00:03 ; elapsed = 00:00:11 . Memory (MB): peak = 12716.434 ; gain = 0.000
close_sim
INFO: [Simtcl 6-16] Simulation closed
launch_simulation
Command: launch_simulation 
INFO: [Vivado 12-5682] Launching behavioral simulation in 'C:/XJTU COMPARCH/project_5/project_5.sim/sim_1/behav/xsim'
INFO: [SIM-utils-51] Simulation object is 'sim_1'
INFO: [SIM-utils-54] Inspecting design source files for 'CPU_sim' in fileset 'sim_1'...
INFO: [USF-XSim-97] Finding global include files...
INFO: [USF-XSim-98] Fetching design files from 'sim_1'...
INFO: [USF-XSim-2] XSim::Compile design
INFO: [USF-XSim-61] Executing 'COMPILE and ANALYZE' step in 'C:/XJTU COMPARCH/project_5/project_5.sim/sim_1/behav/xsim'
"xvlog --incr --relax -prj CPU_sim_vlog.prj"
INFO: [VRFC 10-2263] Analyzing Verilog file "C:/XJTU COMPARCH/project_5/project_5.srcs/sources_1/new/ALU.v" into library xil_defaultlib
INFO: [VRFC 10-311] analyzing module ALU
INFO: [VRFC 10-2263] Analyzing Verilog file "C:/XJTU COMPARCH/project_5/project_5.srcs/sources_1/new/BranchComp.v" into library xil_defaultlib
INFO: [VRFC 10-311] analyzing module BranchComp
INFO: [VRFC 10-2263] Analyzing Verilog file "C:/XJTU COMPARCH/project_5/project_5.srcs/sources_1/new/CPU_Datapath.v" into library xil_defaultlib
INFO: [VRFC 10-311] analyzing module CPU_Datapath
INFO: [VRFC 10-2263] Analyzing Verilog file "C:/XJTU COMPARCH/project_5/project_5.srcs/sources_1/new/ControlLogic_EX.v" into library xil_defaultlib
INFO: [VRFC 10-311] analyzing module ControlLogic_EX
INFO: [VRFC 10-2263] Analyzing Verilog file "C:/XJTU COMPARCH/project_5/project_5.srcs/sources_1/new/ControlLogic_ID.v" into library xil_defaultlib
INFO: [VRFC 10-311] analyzing module ControlLogic_ID
INFO: [VRFC 10-2263] Analyzing Verilog file "C:/XJTU COMPARCH/project_5/project_5.srcs/sources_1/new/DMem.v" into library xil_defaultlib
INFO: [VRFC 10-311] analyzing module DMem
INFO: [VRFC 10-2263] Analyzing Verilog file "C:/XJTU COMPARCH/project_5/project_5.srcs/sources_1/new/FourWaySACache.v" into library xil_defaultlib
INFO: [VRFC 10-311] analyzing module FourWaySACache
INFO: [VRFC 10-2263] Analyzing Verilog file "C:/XJTU COMPARCH/project_5/project_5.srcs/sources_1/new/IMem.v" into library xil_defaultlib
INFO: [VRFC 10-311] analyzing module IMem
INFO: [VRFC 10-2263] Analyzing Verilog file "C:/XJTU COMPARCH/project_5/project_5.srcs/sources_1/new/ImmGen.v" into library xil_defaultlib
INFO: [VRFC 10-311] analyzing module ImmGen
INFO: [VRFC 10-2263] Analyzing Verilog file "C:/XJTU COMPARCH/project_5/project_5.srcs/sources_1/new/MainDsc.v" into library xil_defaultlib
INFO: [VRFC 10-311] analyzing module MainDsc
INFO: [VRFC 10-2263] Analyzing Verilog file "C:/XJTU COMPARCH/project_5/project_5.srcs/sources_1/new/MainDsc_EX.v" into library xil_defaultlib
INFO: [VRFC 10-311] analyzing module MainDsc_EX
INFO: [VRFC 10-2263] Analyzing Verilog file "C:/XJTU COMPARCH/project_5/project_5.srcs/sources_1/new/RAM_4Kx32.v" into library xil_defaultlib
INFO: [VRFC 10-311] analyzing module RAM_4Kx32
INFO: [VRFC 10-2263] Analyzing Verilog file "C:/XJTU COMPARCH/project_5/project_5.srcs/sources_1/new/RegFile.v" into library xil_defaultlib
INFO: [VRFC 10-311] analyzing module RegFile
INFO: [VRFC 10-2263] Analyzing Verilog file "C:/XJTU COMPARCH/project_5/project_5.srcs/sources_1/new/Register.v" into library xil_defaultlib
INFO: [VRFC 10-311] analyzing module Register
INFO: [VRFC 10-2263] Analyzing Verilog file "C:/XJTU COMPARCH/project_5/project_5.srcs/sim_1/new/CPU_sim.v" into library xil_defaultlib
INFO: [VRFC 10-311] analyzing module CPU_sim
INFO: [USF-XSim-69] 'compile' step finished in '2' seconds
INFO: [USF-XSim-3] XSim::Elaborate design
INFO: [USF-XSim-61] Executing 'ELABORATE' step in 'C:/XJTU COMPARCH/project_5/project_5.sim/sim_1/behav/xsim'
"xelab -wto f1795959e9ee4683ab0147d6093c81ff --incr --debug typical --relax --mt 2 -L xil_defaultlib -L unisims_ver -L unimacro_ver -L secureip --snapshot CPU_sim_behav xil_defaultlib.CPU_sim xil_defaultlib.glbl -log elaborate.log"
Vivado Simulator 2019.2
Copyright 1986-1999, 2001-2019 Xilinx, Inc. All Rights Reserved.
Running: C:/Xilinx2019/Vivado/2019.2/bin/unwrapped/win64.o/xelab.exe -wto f1795959e9ee4683ab0147d6093c81ff --incr --debug typical --relax --mt 2 -L xil_defaultlib -L unisims_ver -L unimacro_ver -L secureip --snapshot CPU_sim_behav xil_defaultlib.CPU_sim xil_defaultlib.glbl -log elaborate.log 
Using 2 slave threads.
Starting static elaboration
Pass Through NonSizing Optimizer
WARNING: [VRFC 10-3091] actual bit length 1 differs from formal bit length 32 for port 'Q' [C:/XJTU COMPARCH/project_5/project_5.srcs/sources_1/new/CPU_Datapath.v:165]
WARNING: [VRFC 10-3091] actual bit length 3 differs from formal bit length 32 for port 'Q' [C:/XJTU COMPARCH/project_5/project_5.srcs/sources_1/new/CPU_Datapath.v:166]
WARNING: [VRFC 10-3091] actual bit length 1 differs from formal bit length 32 for port 'Q' [C:/XJTU COMPARCH/project_5/project_5.srcs/sources_1/new/CPU_Datapath.v:167]
WARNING: [VRFC 10-3091] actual bit length 1 differs from formal bit length 32 for port 'Q' [C:/XJTU COMPARCH/project_5/project_5.srcs/sources_1/new/CPU_Datapath.v:168]
WARNING: [VRFC 10-3091] actual bit length 1 differs from formal bit length 32 for port 'Q' [C:/XJTU COMPARCH/project_5/project_5.srcs/sources_1/new/CPU_Datapath.v:169]
WARNING: [VRFC 10-3091] actual bit length 4 differs from formal bit length 32 for port 'Q' [C:/XJTU COMPARCH/project_5/project_5.srcs/sources_1/new/CPU_Datapath.v:170]
WARNING: [VRFC 10-3091] actual bit length 1 differs from formal bit length 32 for port 'Q' [C:/XJTU COMPARCH/project_5/project_5.srcs/sources_1/new/CPU_Datapath.v:171]
WARNING: [VRFC 10-3091] actual bit length 2 differs from formal bit length 32 for port 'Q' [C:/XJTU COMPARCH/project_5/project_5.srcs/sources_1/new/CPU_Datapath.v:172]
WARNING: [VRFC 10-3091] actual bit length 1 differs from formal bit length 32 for port 'Q' [C:/XJTU COMPARCH/project_5/project_5.srcs/sources_1/new/CPU_Datapath.v:224]
WARNING: [VRFC 10-3091] actual bit length 1 differs from formal bit length 32 for port 'Q' [C:/XJTU COMPARCH/project_5/project_5.srcs/sources_1/new/CPU_Datapath.v:225]
WARNING: [VRFC 10-3091] actual bit length 2 differs from formal bit length 32 for port 'Q' [C:/XJTU COMPARCH/project_5/project_5.srcs/sources_1/new/CPU_Datapath.v:226]
WARNING: [VRFC 10-3091] actual bit length 1 differs from formal bit length 32 for port 'Q' [C:/XJTU COMPARCH/project_5/project_5.srcs/sources_1/new/CPU_Datapath.v:242]
WARNING: [VRFC 10-3091] actual bit length 2 differs from formal bit length 32 for port 'Q' [C:/XJTU COMPARCH/project_5/project_5.srcs/sources_1/new/CPU_Datapath.v:243]
Completed static elaboration
Starting simulation data flow analysis
Completed simulation data flow analysis
Time Resolution for simulation is 1ps
Compiling module xil_defaultlib.IMem
Compiling module xil_defaultlib.Register
Compiling module xil_defaultlib.MainDsc
Compiling module xil_defaultlib.ControlLogic_ID
Compiling module xil_defaultlib.RegFile
Compiling module xil_defaultlib.ImmGen
Compiling module xil_defaultlib.ALU
Compiling module xil_defaultlib.MainDsc_EX
Compiling module xil_defaultlib.ControlLogic_EX
Compiling module xil_defaultlib.BranchComp
Compiling module xil_defaultlib.FourWaySACache
Compiling module xil_defaultlib.RAM_4Kx32_default
Compiling module xil_defaultlib.DMem
Compiling module xil_defaultlib.CPU_Datapath
Compiling module xil_defaultlib.CPU_sim
Compiling module xil_defaultlib.glbl
Built simulation snapshot CPU_sim_behav
INFO: [USF-XSim-69] 'elaborate' step finished in '3' seconds
INFO: [USF-XSim-4] XSim::Simulate design
INFO: [USF-XSim-61] Executing 'SIMULATE' step in 'C:/XJTU COMPARCH/project_5/project_5.sim/sim_1/behav/xsim'
INFO: [USF-XSim-98] *** Running xsim
   with args "CPU_sim_behav -key {Behavioral:sim_1:Functional:CPU_sim} -tclbatch {CPU_sim.tcl} -view {{C:/XJTU COMPARCH/project_5/CPU_sim_behav.wcfg}} -log {simulate.log}"
INFO: [USF-XSim-8] Loading simulator feature
Vivado Simulator 2019.2
Time resolution is 1 ps
open_wave_config {C:/XJTU COMPARCH/project_5/CPU_sim_behav.wcfg}
source CPU_sim.tcl
# set curr_wave [current_wave_config]
# if { [string length $curr_wave] == 0 } {
#   if { [llength [get_objects]] > 0} {
#     add_wave /
#     set_property needs_save false [current_wave_config]
#   } else {
#      send_msg_id Add_Wave-1 WARNING "No top level signals found. Simulator will start without a wave window. If you want to open a wave window go to 'File->New Waveform Configuration' or type 'create_wave_config' in the TCL console."
#   }
# }
# run 1000ns
INFO: [USF-XSim-96] XSim completed. Design snapshot 'CPU_sim_behav' loaded.
INFO: [USF-XSim-97] XSim simulation ran for 1000ns
launch_simulation: Time (s): cpu = 00:00:02 ; elapsed = 00:00:08 . Memory (MB): peak = 12716.434 ; gain = 0.000
restart
INFO: [Simtcl 6-17] Simulation restarted
run 10 ns
run 10 ns
run 10 ns
run 10 ns
run 10 ns
run 10 ns
run 10 ns
run 10 ns
run 10 ns
run 10 ns
run 10 ns
run 10 ns
run 10 ns
run 10 ns
run 10 ns
run 10 ns
run 10 ns
run 10 ns
run 10 ns
run 10 ns
run 10 ns
run 10 ns
close_sim
INFO: [Simtcl 6-16] Simulation closed
launch_simulation
Command: launch_simulation 
INFO: [Vivado 12-5682] Launching behavioral simulation in 'C:/XJTU COMPARCH/project_5/project_5.sim/sim_1/behav/xsim'
INFO: [SIM-utils-51] Simulation object is 'sim_1'
INFO: [SIM-utils-54] Inspecting design source files for 'CPU_sim' in fileset 'sim_1'...
INFO: [USF-XSim-97] Finding global include files...
INFO: [USF-XSim-98] Fetching design files from 'sim_1'...
INFO: [USF-XSim-2] XSim::Compile design
INFO: [USF-XSim-61] Executing 'COMPILE and ANALYZE' step in 'C:/XJTU COMPARCH/project_5/project_5.sim/sim_1/behav/xsim'
"xvlog --incr --relax -prj CPU_sim_vlog.prj"
INFO: [VRFC 10-2263] Analyzing Verilog file "C:/XJTU COMPARCH/project_5/project_5.srcs/sources_1/new/ALU.v" into library xil_defaultlib
INFO: [VRFC 10-311] analyzing module ALU
INFO: [VRFC 10-2263] Analyzing Verilog file "C:/XJTU COMPARCH/project_5/project_5.srcs/sources_1/new/BranchComp.v" into library xil_defaultlib
INFO: [VRFC 10-311] analyzing module BranchComp
INFO: [VRFC 10-2263] Analyzing Verilog file "C:/XJTU COMPARCH/project_5/project_5.srcs/sources_1/new/CPU_Datapath.v" into library xil_defaultlib
INFO: [VRFC 10-311] analyzing module CPU_Datapath
INFO: [VRFC 10-2263] Analyzing Verilog file "C:/XJTU COMPARCH/project_5/project_5.srcs/sources_1/new/ControlLogic_EX.v" into library xil_defaultlib
INFO: [VRFC 10-311] analyzing module ControlLogic_EX
INFO: [VRFC 10-2263] Analyzing Verilog file "C:/XJTU COMPARCH/project_5/project_5.srcs/sources_1/new/ControlLogic_ID.v" into library xil_defaultlib
INFO: [VRFC 10-311] analyzing module ControlLogic_ID
INFO: [VRFC 10-2263] Analyzing Verilog file "C:/XJTU COMPARCH/project_5/project_5.srcs/sources_1/new/DMem.v" into library xil_defaultlib
INFO: [VRFC 10-311] analyzing module DMem
INFO: [VRFC 10-2263] Analyzing Verilog file "C:/XJTU COMPARCH/project_5/project_5.srcs/sources_1/new/FourWaySACache.v" into library xil_defaultlib
INFO: [VRFC 10-311] analyzing module FourWaySACache
INFO: [VRFC 10-2263] Analyzing Verilog file "C:/XJTU COMPARCH/project_5/project_5.srcs/sources_1/new/IMem.v" into library xil_defaultlib
INFO: [VRFC 10-311] analyzing module IMem
INFO: [VRFC 10-2263] Analyzing Verilog file "C:/XJTU COMPARCH/project_5/project_5.srcs/sources_1/new/ImmGen.v" into library xil_defaultlib
INFO: [VRFC 10-311] analyzing module ImmGen
INFO: [VRFC 10-2263] Analyzing Verilog file "C:/XJTU COMPARCH/project_5/project_5.srcs/sources_1/new/MainDsc.v" into library xil_defaultlib
INFO: [VRFC 10-311] analyzing module MainDsc
INFO: [VRFC 10-2263] Analyzing Verilog file "C:/XJTU COMPARCH/project_5/project_5.srcs/sources_1/new/MainDsc_EX.v" into library xil_defaultlib
INFO: [VRFC 10-311] analyzing module MainDsc_EX
INFO: [VRFC 10-2263] Analyzing Verilog file "C:/XJTU COMPARCH/project_5/project_5.srcs/sources_1/new/RAM_4Kx32.v" into library xil_defaultlib
INFO: [VRFC 10-311] analyzing module RAM_4Kx32
INFO: [VRFC 10-2263] Analyzing Verilog file "C:/XJTU COMPARCH/project_5/project_5.srcs/sources_1/new/RegFile.v" into library xil_defaultlib
INFO: [VRFC 10-311] analyzing module RegFile
INFO: [VRFC 10-2263] Analyzing Verilog file "C:/XJTU COMPARCH/project_5/project_5.srcs/sources_1/new/Register.v" into library xil_defaultlib
INFO: [VRFC 10-311] analyzing module Register
INFO: [VRFC 10-2263] Analyzing Verilog file "C:/XJTU COMPARCH/project_5/project_5.srcs/sim_1/new/CPU_sim.v" into library xil_defaultlib
INFO: [VRFC 10-311] analyzing module CPU_sim
INFO: [USF-XSim-69] 'compile' step finished in '2' seconds
INFO: [USF-XSim-3] XSim::Elaborate design
INFO: [USF-XSim-61] Executing 'ELABORATE' step in 'C:/XJTU COMPARCH/project_5/project_5.sim/sim_1/behav/xsim'
"xelab -wto f1795959e9ee4683ab0147d6093c81ff --incr --debug typical --relax --mt 2 -L xil_defaultlib -L unisims_ver -L unimacro_ver -L secureip --snapshot CPU_sim_behav xil_defaultlib.CPU_sim xil_defaultlib.glbl -log elaborate.log"
Vivado Simulator 2019.2
Copyright 1986-1999, 2001-2019 Xilinx, Inc. All Rights Reserved.
Running: C:/Xilinx2019/Vivado/2019.2/bin/unwrapped/win64.o/xelab.exe -wto f1795959e9ee4683ab0147d6093c81ff --incr --debug typical --relax --mt 2 -L xil_defaultlib -L unisims_ver -L unimacro_ver -L secureip --snapshot CPU_sim_behav xil_defaultlib.CPU_sim xil_defaultlib.glbl -log elaborate.log 
Using 2 slave threads.
Starting static elaboration
Pass Through NonSizing Optimizer
WARNING: [VRFC 10-3091] actual bit length 1 differs from formal bit length 32 for port 'Q' [C:/XJTU COMPARCH/project_5/project_5.srcs/sources_1/new/CPU_Datapath.v:165]
WARNING: [VRFC 10-3091] actual bit length 3 differs from formal bit length 32 for port 'Q' [C:/XJTU COMPARCH/project_5/project_5.srcs/sources_1/new/CPU_Datapath.v:166]
WARNING: [VRFC 10-3091] actual bit length 1 differs from formal bit length 32 for port 'Q' [C:/XJTU COMPARCH/project_5/project_5.srcs/sources_1/new/CPU_Datapath.v:167]
WARNING: [VRFC 10-3091] actual bit length 1 differs from formal bit length 32 for port 'Q' [C:/XJTU COMPARCH/project_5/project_5.srcs/sources_1/new/CPU_Datapath.v:168]
WARNING: [VRFC 10-3091] actual bit length 1 differs from formal bit length 32 for port 'Q' [C:/XJTU COMPARCH/project_5/project_5.srcs/sources_1/new/CPU_Datapath.v:169]
WARNING: [VRFC 10-3091] actual bit length 4 differs from formal bit length 32 for port 'Q' [C:/XJTU COMPARCH/project_5/project_5.srcs/sources_1/new/CPU_Datapath.v:170]
WARNING: [VRFC 10-3091] actual bit length 1 differs from formal bit length 32 for port 'Q' [C:/XJTU COMPARCH/project_5/project_5.srcs/sources_1/new/CPU_Datapath.v:171]
WARNING: [VRFC 10-3091] actual bit length 2 differs from formal bit length 32 for port 'Q' [C:/XJTU COMPARCH/project_5/project_5.srcs/sources_1/new/CPU_Datapath.v:172]
WARNING: [VRFC 10-3091] actual bit length 1 differs from formal bit length 32 for port 'Q' [C:/XJTU COMPARCH/project_5/project_5.srcs/sources_1/new/CPU_Datapath.v:224]
WARNING: [VRFC 10-3091] actual bit length 1 differs from formal bit length 32 for port 'Q' [C:/XJTU COMPARCH/project_5/project_5.srcs/sources_1/new/CPU_Datapath.v:225]
WARNING: [VRFC 10-3091] actual bit length 2 differs from formal bit length 32 for port 'Q' [C:/XJTU COMPARCH/project_5/project_5.srcs/sources_1/new/CPU_Datapath.v:226]
WARNING: [VRFC 10-3091] actual bit length 1 differs from formal bit length 32 for port 'Q' [C:/XJTU COMPARCH/project_5/project_5.srcs/sources_1/new/CPU_Datapath.v:242]
WARNING: [VRFC 10-3091] actual bit length 2 differs from formal bit length 32 for port 'Q' [C:/XJTU COMPARCH/project_5/project_5.srcs/sources_1/new/CPU_Datapath.v:243]
Completed static elaboration
Starting simulation data flow analysis
Completed simulation data flow analysis
Time Resolution for simulation is 1ps
Compiling module xil_defaultlib.IMem
Compiling module xil_defaultlib.Register
Compiling module xil_defaultlib.MainDsc
Compiling module xil_defaultlib.ControlLogic_ID
Compiling module xil_defaultlib.RegFile
Compiling module xil_defaultlib.ImmGen
Compiling module xil_defaultlib.ALU
Compiling module xil_defaultlib.MainDsc_EX
Compiling module xil_defaultlib.ControlLogic_EX
Compiling module xil_defaultlib.BranchComp
Compiling module xil_defaultlib.FourWaySACache
Compiling module xil_defaultlib.RAM_4Kx32_default
Compiling module xil_defaultlib.DMem
Compiling module xil_defaultlib.CPU_Datapath
Compiling module xil_defaultlib.CPU_sim
Compiling module xil_defaultlib.glbl
Built simulation snapshot CPU_sim_behav
INFO: [USF-XSim-69] 'elaborate' step finished in '2' seconds
INFO: [USF-XSim-4] XSim::Simulate design
INFO: [USF-XSim-61] Executing 'SIMULATE' step in 'C:/XJTU COMPARCH/project_5/project_5.sim/sim_1/behav/xsim'
INFO: [USF-XSim-98] *** Running xsim
   with args "CPU_sim_behav -key {Behavioral:sim_1:Functional:CPU_sim} -tclbatch {CPU_sim.tcl} -view {{C:/XJTU COMPARCH/project_5/CPU_sim_behav.wcfg}} -log {simulate.log}"
INFO: [USF-XSim-8] Loading simulator feature
Vivado Simulator 2019.2
Time resolution is 1 ps
open_wave_config {C:/XJTU COMPARCH/project_5/CPU_sim_behav.wcfg}
source CPU_sim.tcl
# set curr_wave [current_wave_config]
# if { [string length $curr_wave] == 0 } {
#   if { [llength [get_objects]] > 0} {
#     add_wave /
#     set_property needs_save false [current_wave_config]
#   } else {
#      send_msg_id Add_Wave-1 WARNING "No top level signals found. Simulator will start without a wave window. If you want to open a wave window go to 'File->New Waveform Configuration' or type 'create_wave_config' in the TCL console."
#   }
# }
# run 1000ns
INFO: [USF-XSim-96] XSim completed. Design snapshot 'CPU_sim_behav' loaded.
INFO: [USF-XSim-97] XSim simulation ran for 1000ns
launch_simulation: Time (s): cpu = 00:00:01 ; elapsed = 00:00:07 . Memory (MB): peak = 12716.434 ; gain = 0.000
close_sim
INFO: [Simtcl 6-16] Simulation closed
launch_simulation
Command: launch_simulation 
INFO: [Vivado 12-5682] Launching behavioral simulation in 'C:/XJTU COMPARCH/project_5/project_5.sim/sim_1/behav/xsim'
INFO: [SIM-utils-51] Simulation object is 'sim_1'
INFO: [SIM-utils-54] Inspecting design source files for 'CPU_sim' in fileset 'sim_1'...
INFO: [USF-XSim-97] Finding global include files...
INFO: [USF-XSim-98] Fetching design files from 'sim_1'...
INFO: [USF-XSim-2] XSim::Compile design
INFO: [USF-XSim-61] Executing 'COMPILE and ANALYZE' step in 'C:/XJTU COMPARCH/project_5/project_5.sim/sim_1/behav/xsim'
"xvlog --incr --relax -prj CPU_sim_vlog.prj"
INFO: [VRFC 10-2263] Analyzing Verilog file "C:/XJTU COMPARCH/project_5/project_5.srcs/sources_1/new/ALU.v" into library xil_defaultlib
INFO: [VRFC 10-311] analyzing module ALU
INFO: [VRFC 10-2263] Analyzing Verilog file "C:/XJTU COMPARCH/project_5/project_5.srcs/sources_1/new/BranchComp.v" into library xil_defaultlib
INFO: [VRFC 10-311] analyzing module BranchComp
INFO: [VRFC 10-2263] Analyzing Verilog file "C:/XJTU COMPARCH/project_5/project_5.srcs/sources_1/new/CPU_Datapath.v" into library xil_defaultlib
INFO: [VRFC 10-311] analyzing module CPU_Datapath
INFO: [VRFC 10-2263] Analyzing Verilog file "C:/XJTU COMPARCH/project_5/project_5.srcs/sources_1/new/ControlLogic_EX.v" into library xil_defaultlib
INFO: [VRFC 10-311] analyzing module ControlLogic_EX
INFO: [VRFC 10-2263] Analyzing Verilog file "C:/XJTU COMPARCH/project_5/project_5.srcs/sources_1/new/ControlLogic_ID.v" into library xil_defaultlib
INFO: [VRFC 10-311] analyzing module ControlLogic_ID
INFO: [VRFC 10-2263] Analyzing Verilog file "C:/XJTU COMPARCH/project_5/project_5.srcs/sources_1/new/DMem.v" into library xil_defaultlib
INFO: [VRFC 10-311] analyzing module DMem
INFO: [VRFC 10-2263] Analyzing Verilog file "C:/XJTU COMPARCH/project_5/project_5.srcs/sources_1/new/FourWaySACache.v" into library xil_defaultlib
INFO: [VRFC 10-311] analyzing module FourWaySACache
INFO: [VRFC 10-2263] Analyzing Verilog file "C:/XJTU COMPARCH/project_5/project_5.srcs/sources_1/new/IMem.v" into library xil_defaultlib
INFO: [VRFC 10-311] analyzing module IMem
INFO: [VRFC 10-2263] Analyzing Verilog file "C:/XJTU COMPARCH/project_5/project_5.srcs/sources_1/new/ImmGen.v" into library xil_defaultlib
INFO: [VRFC 10-311] analyzing module ImmGen
INFO: [VRFC 10-2263] Analyzing Verilog file "C:/XJTU COMPARCH/project_5/project_5.srcs/sources_1/new/MainDsc.v" into library xil_defaultlib
INFO: [VRFC 10-311] analyzing module MainDsc
INFO: [VRFC 10-2263] Analyzing Verilog file "C:/XJTU COMPARCH/project_5/project_5.srcs/sources_1/new/MainDsc_EX.v" into library xil_defaultlib
INFO: [VRFC 10-311] analyzing module MainDsc_EX
INFO: [VRFC 10-2263] Analyzing Verilog file "C:/XJTU COMPARCH/project_5/project_5.srcs/sources_1/new/RAM_4Kx32.v" into library xil_defaultlib
INFO: [VRFC 10-311] analyzing module RAM_4Kx32
INFO: [VRFC 10-2263] Analyzing Verilog file "C:/XJTU COMPARCH/project_5/project_5.srcs/sources_1/new/RegFile.v" into library xil_defaultlib
INFO: [VRFC 10-311] analyzing module RegFile
INFO: [VRFC 10-2263] Analyzing Verilog file "C:/XJTU COMPARCH/project_5/project_5.srcs/sources_1/new/Register.v" into library xil_defaultlib
INFO: [VRFC 10-311] analyzing module Register
INFO: [VRFC 10-2263] Analyzing Verilog file "C:/XJTU COMPARCH/project_5/project_5.srcs/sim_1/new/CPU_sim.v" into library xil_defaultlib
INFO: [VRFC 10-311] analyzing module CPU_sim
INFO: [USF-XSim-69] 'compile' step finished in '1' seconds
INFO: [USF-XSim-3] XSim::Elaborate design
INFO: [USF-XSim-61] Executing 'ELABORATE' step in 'C:/XJTU COMPARCH/project_5/project_5.sim/sim_1/behav/xsim'
"xelab -wto f1795959e9ee4683ab0147d6093c81ff --incr --debug typical --relax --mt 2 -L xil_defaultlib -L unisims_ver -L unimacro_ver -L secureip --snapshot CPU_sim_behav xil_defaultlib.CPU_sim xil_defaultlib.glbl -log elaborate.log"
Vivado Simulator 2019.2
Copyright 1986-1999, 2001-2019 Xilinx, Inc. All Rights Reserved.
Running: C:/Xilinx2019/Vivado/2019.2/bin/unwrapped/win64.o/xelab.exe -wto f1795959e9ee4683ab0147d6093c81ff --incr --debug typical --relax --mt 2 -L xil_defaultlib -L unisims_ver -L unimacro_ver -L secureip --snapshot CPU_sim_behav xil_defaultlib.CPU_sim xil_defaultlib.glbl -log elaborate.log 
Using 2 slave threads.
Starting static elaboration
Pass Through NonSizing Optimizer
WARNING: [VRFC 10-3091] actual bit length 1 differs from formal bit length 32 for port 'Q' [C:/XJTU COMPARCH/project_5/project_5.srcs/sources_1/new/CPU_Datapath.v:165]
WARNING: [VRFC 10-3091] actual bit length 3 differs from formal bit length 32 for port 'Q' [C:/XJTU COMPARCH/project_5/project_5.srcs/sources_1/new/CPU_Datapath.v:166]
WARNING: [VRFC 10-3091] actual bit length 1 differs from formal bit length 32 for port 'Q' [C:/XJTU COMPARCH/project_5/project_5.srcs/sources_1/new/CPU_Datapath.v:167]
WARNING: [VRFC 10-3091] actual bit length 1 differs from formal bit length 32 for port 'Q' [C:/XJTU COMPARCH/project_5/project_5.srcs/sources_1/new/CPU_Datapath.v:168]
WARNING: [VRFC 10-3091] actual bit length 1 differs from formal bit length 32 for port 'Q' [C:/XJTU COMPARCH/project_5/project_5.srcs/sources_1/new/CPU_Datapath.v:169]
WARNING: [VRFC 10-3091] actual bit length 4 differs from formal bit length 32 for port 'Q' [C:/XJTU COMPARCH/project_5/project_5.srcs/sources_1/new/CPU_Datapath.v:170]
WARNING: [VRFC 10-3091] actual bit length 1 differs from formal bit length 32 for port 'Q' [C:/XJTU COMPARCH/project_5/project_5.srcs/sources_1/new/CPU_Datapath.v:171]
WARNING: [VRFC 10-3091] actual bit length 2 differs from formal bit length 32 for port 'Q' [C:/XJTU COMPARCH/project_5/project_5.srcs/sources_1/new/CPU_Datapath.v:172]
WARNING: [VRFC 10-3091] actual bit length 1 differs from formal bit length 32 for port 'Q' [C:/XJTU COMPARCH/project_5/project_5.srcs/sources_1/new/CPU_Datapath.v:224]
WARNING: [VRFC 10-3091] actual bit length 1 differs from formal bit length 32 for port 'Q' [C:/XJTU COMPARCH/project_5/project_5.srcs/sources_1/new/CPU_Datapath.v:225]
WARNING: [VRFC 10-3091] actual bit length 2 differs from formal bit length 32 for port 'Q' [C:/XJTU COMPARCH/project_5/project_5.srcs/sources_1/new/CPU_Datapath.v:226]
WARNING: [VRFC 10-3091] actual bit length 1 differs from formal bit length 32 for port 'Q' [C:/XJTU COMPARCH/project_5/project_5.srcs/sources_1/new/CPU_Datapath.v:242]
WARNING: [VRFC 10-3091] actual bit length 2 differs from formal bit length 32 for port 'Q' [C:/XJTU COMPARCH/project_5/project_5.srcs/sources_1/new/CPU_Datapath.v:243]
Completed static elaboration
Starting simulation data flow analysis
Completed simulation data flow analysis
Time Resolution for simulation is 1ps
Compiling module xil_defaultlib.IMem
Compiling module xil_defaultlib.Register
Compiling module xil_defaultlib.MainDsc
Compiling module xil_defaultlib.ControlLogic_ID
Compiling module xil_defaultlib.RegFile
Compiling module xil_defaultlib.ImmGen
Compiling module xil_defaultlib.ALU
Compiling module xil_defaultlib.MainDsc_EX
Compiling module xil_defaultlib.ControlLogic_EX
Compiling module xil_defaultlib.BranchComp
Compiling module xil_defaultlib.FourWaySACache
Compiling module xil_defaultlib.RAM_4Kx32_default
Compiling module xil_defaultlib.DMem
Compiling module xil_defaultlib.CPU_Datapath
Compiling module xil_defaultlib.CPU_sim
Compiling module xil_defaultlib.glbl
Built simulation snapshot CPU_sim_behav
INFO: [USF-XSim-69] 'elaborate' step finished in '2' seconds
INFO: [USF-XSim-4] XSim::Simulate design
INFO: [USF-XSim-61] Executing 'SIMULATE' step in 'C:/XJTU COMPARCH/project_5/project_5.sim/sim_1/behav/xsim'
INFO: [USF-XSim-98] *** Running xsim
   with args "CPU_sim_behav -key {Behavioral:sim_1:Functional:CPU_sim} -tclbatch {CPU_sim.tcl} -view {{C:/XJTU COMPARCH/project_5/CPU_sim_behav.wcfg}} -log {simulate.log}"
INFO: [USF-XSim-8] Loading simulator feature
Vivado Simulator 2019.2
Time resolution is 1 ps
open_wave_config {C:/XJTU COMPARCH/project_5/CPU_sim_behav.wcfg}
source CPU_sim.tcl
# set curr_wave [current_wave_config]
# if { [string length $curr_wave] == 0 } {
#   if { [llength [get_objects]] > 0} {
#     add_wave /
#     set_property needs_save false [current_wave_config]
#   } else {
#      send_msg_id Add_Wave-1 WARNING "No top level signals found. Simulator will start without a wave window. If you want to open a wave window go to 'File->New Waveform Configuration' or type 'create_wave_config' in the TCL console."
#   }
# }
# run 1000ns
INFO: [USF-XSim-96] XSim completed. Design snapshot 'CPU_sim_behav' loaded.
INFO: [USF-XSim-97] XSim simulation ran for 1000ns
launch_simulation: Time (s): cpu = 00:00:01 ; elapsed = 00:00:07 . Memory (MB): peak = 12716.434 ; gain = 0.000
close_sim
INFO: [Simtcl 6-16] Simulation closed
launch_simulation
Command: launch_simulation 
INFO: [Vivado 12-5682] Launching behavioral simulation in 'C:/XJTU COMPARCH/project_5/project_5.sim/sim_1/behav/xsim'
INFO: [SIM-utils-51] Simulation object is 'sim_1'
INFO: [SIM-utils-54] Inspecting design source files for 'CPU_sim' in fileset 'sim_1'...
INFO: [USF-XSim-97] Finding global include files...
INFO: [USF-XSim-98] Fetching design files from 'sim_1'...
INFO: [USF-XSim-2] XSim::Compile design
INFO: [USF-XSim-61] Executing 'COMPILE and ANALYZE' step in 'C:/XJTU COMPARCH/project_5/project_5.sim/sim_1/behav/xsim'
"xvlog --incr --relax -prj CPU_sim_vlog.prj"
INFO: [VRFC 10-2263] Analyzing Verilog file "C:/XJTU COMPARCH/project_5/project_5.srcs/sources_1/new/ALU.v" into library xil_defaultlib
INFO: [VRFC 10-311] analyzing module ALU
INFO: [VRFC 10-2263] Analyzing Verilog file "C:/XJTU COMPARCH/project_5/project_5.srcs/sources_1/new/BranchComp.v" into library xil_defaultlib
INFO: [VRFC 10-311] analyzing module BranchComp
INFO: [VRFC 10-2263] Analyzing Verilog file "C:/XJTU COMPARCH/project_5/project_5.srcs/sources_1/new/CPU_Datapath.v" into library xil_defaultlib
INFO: [VRFC 10-311] analyzing module CPU_Datapath
INFO: [VRFC 10-2263] Analyzing Verilog file "C:/XJTU COMPARCH/project_5/project_5.srcs/sources_1/new/ControlLogic_EX.v" into library xil_defaultlib
INFO: [VRFC 10-311] analyzing module ControlLogic_EX
INFO: [VRFC 10-2263] Analyzing Verilog file "C:/XJTU COMPARCH/project_5/project_5.srcs/sources_1/new/ControlLogic_ID.v" into library xil_defaultlib
INFO: [VRFC 10-311] analyzing module ControlLogic_ID
INFO: [VRFC 10-2263] Analyzing Verilog file "C:/XJTU COMPARCH/project_5/project_5.srcs/sources_1/new/DMem.v" into library xil_defaultlib
INFO: [VRFC 10-311] analyzing module DMem
INFO: [VRFC 10-2263] Analyzing Verilog file "C:/XJTU COMPARCH/project_5/project_5.srcs/sources_1/new/FourWaySACache.v" into library xil_defaultlib
INFO: [VRFC 10-311] analyzing module FourWaySACache
INFO: [VRFC 10-2263] Analyzing Verilog file "C:/XJTU COMPARCH/project_5/project_5.srcs/sources_1/new/IMem.v" into library xil_defaultlib
INFO: [VRFC 10-311] analyzing module IMem
INFO: [VRFC 10-2263] Analyzing Verilog file "C:/XJTU COMPARCH/project_5/project_5.srcs/sources_1/new/ImmGen.v" into library xil_defaultlib
INFO: [VRFC 10-311] analyzing module ImmGen
INFO: [VRFC 10-2263] Analyzing Verilog file "C:/XJTU COMPARCH/project_5/project_5.srcs/sources_1/new/MainDsc.v" into library xil_defaultlib
INFO: [VRFC 10-311] analyzing module MainDsc
INFO: [VRFC 10-2263] Analyzing Verilog file "C:/XJTU COMPARCH/project_5/project_5.srcs/sources_1/new/MainDsc_EX.v" into library xil_defaultlib
INFO: [VRFC 10-311] analyzing module MainDsc_EX
INFO: [VRFC 10-2263] Analyzing Verilog file "C:/XJTU COMPARCH/project_5/project_5.srcs/sources_1/new/RAM_4Kx32.v" into library xil_defaultlib
INFO: [VRFC 10-311] analyzing module RAM_4Kx32
INFO: [VRFC 10-2263] Analyzing Verilog file "C:/XJTU COMPARCH/project_5/project_5.srcs/sources_1/new/RegFile.v" into library xil_defaultlib
INFO: [VRFC 10-311] analyzing module RegFile
INFO: [VRFC 10-2263] Analyzing Verilog file "C:/XJTU COMPARCH/project_5/project_5.srcs/sources_1/new/Register.v" into library xil_defaultlib
INFO: [VRFC 10-311] analyzing module Register
INFO: [VRFC 10-2263] Analyzing Verilog file "C:/XJTU COMPARCH/project_5/project_5.srcs/sim_1/new/CPU_sim.v" into library xil_defaultlib
INFO: [VRFC 10-311] analyzing module CPU_sim
INFO: [USF-XSim-69] 'compile' step finished in '1' seconds
INFO: [USF-XSim-3] XSim::Elaborate design
INFO: [USF-XSim-61] Executing 'ELABORATE' step in 'C:/XJTU COMPARCH/project_5/project_5.sim/sim_1/behav/xsim'
"xelab -wto f1795959e9ee4683ab0147d6093c81ff --incr --debug typical --relax --mt 2 -L xil_defaultlib -L unisims_ver -L unimacro_ver -L secureip --snapshot CPU_sim_behav xil_defaultlib.CPU_sim xil_defaultlib.glbl -log elaborate.log"
Vivado Simulator 2019.2
Copyright 1986-1999, 2001-2019 Xilinx, Inc. All Rights Reserved.
Running: C:/Xilinx2019/Vivado/2019.2/bin/unwrapped/win64.o/xelab.exe -wto f1795959e9ee4683ab0147d6093c81ff --incr --debug typical --relax --mt 2 -L xil_defaultlib -L unisims_ver -L unimacro_ver -L secureip --snapshot CPU_sim_behav xil_defaultlib.CPU_sim xil_defaultlib.glbl -log elaborate.log 
Using 2 slave threads.
Starting static elaboration
Pass Through NonSizing Optimizer
WARNING: [VRFC 10-3091] actual bit length 1 differs from formal bit length 32 for port 'Q' [C:/XJTU COMPARCH/project_5/project_5.srcs/sources_1/new/CPU_Datapath.v:165]
WARNING: [VRFC 10-3091] actual bit length 3 differs from formal bit length 32 for port 'Q' [C:/XJTU COMPARCH/project_5/project_5.srcs/sources_1/new/CPU_Datapath.v:166]
WARNING: [VRFC 10-3091] actual bit length 1 differs from formal bit length 32 for port 'Q' [C:/XJTU COMPARCH/project_5/project_5.srcs/sources_1/new/CPU_Datapath.v:167]
WARNING: [VRFC 10-3091] actual bit length 1 differs from formal bit length 32 for port 'Q' [C:/XJTU COMPARCH/project_5/project_5.srcs/sources_1/new/CPU_Datapath.v:168]
WARNING: [VRFC 10-3091] actual bit length 1 differs from formal bit length 32 for port 'Q' [C:/XJTU COMPARCH/project_5/project_5.srcs/sources_1/new/CPU_Datapath.v:169]
WARNING: [VRFC 10-3091] actual bit length 4 differs from formal bit length 32 for port 'Q' [C:/XJTU COMPARCH/project_5/project_5.srcs/sources_1/new/CPU_Datapath.v:170]
WARNING: [VRFC 10-3091] actual bit length 1 differs from formal bit length 32 for port 'Q' [C:/XJTU COMPARCH/project_5/project_5.srcs/sources_1/new/CPU_Datapath.v:171]
WARNING: [VRFC 10-3091] actual bit length 2 differs from formal bit length 32 for port 'Q' [C:/XJTU COMPARCH/project_5/project_5.srcs/sources_1/new/CPU_Datapath.v:172]
WARNING: [VRFC 10-3091] actual bit length 1 differs from formal bit length 32 for port 'Q' [C:/XJTU COMPARCH/project_5/project_5.srcs/sources_1/new/CPU_Datapath.v:224]
WARNING: [VRFC 10-3091] actual bit length 1 differs from formal bit length 32 for port 'Q' [C:/XJTU COMPARCH/project_5/project_5.srcs/sources_1/new/CPU_Datapath.v:225]
WARNING: [VRFC 10-3091] actual bit length 2 differs from formal bit length 32 for port 'Q' [C:/XJTU COMPARCH/project_5/project_5.srcs/sources_1/new/CPU_Datapath.v:226]
WARNING: [VRFC 10-3091] actual bit length 1 differs from formal bit length 32 for port 'Q' [C:/XJTU COMPARCH/project_5/project_5.srcs/sources_1/new/CPU_Datapath.v:242]
WARNING: [VRFC 10-3091] actual bit length 2 differs from formal bit length 32 for port 'Q' [C:/XJTU COMPARCH/project_5/project_5.srcs/sources_1/new/CPU_Datapath.v:243]
Completed static elaboration
Starting simulation data flow analysis
Completed simulation data flow analysis
Time Resolution for simulation is 1ps
Compiling module xil_defaultlib.IMem
Compiling module xil_defaultlib.Register
Compiling module xil_defaultlib.MainDsc
Compiling module xil_defaultlib.ControlLogic_ID
Compiling module xil_defaultlib.RegFile
Compiling module xil_defaultlib.ImmGen
Compiling module xil_defaultlib.ALU
Compiling module xil_defaultlib.MainDsc_EX
Compiling module xil_defaultlib.ControlLogic_EX
Compiling module xil_defaultlib.BranchComp
Compiling module xil_defaultlib.FourWaySACache
Compiling module xil_defaultlib.RAM_4Kx32_default
Compiling module xil_defaultlib.DMem
Compiling module xil_defaultlib.CPU_Datapath
Compiling module xil_defaultlib.CPU_sim
Compiling module xil_defaultlib.glbl
Built simulation snapshot CPU_sim_behav
INFO: [USF-XSim-69] 'elaborate' step finished in '2' seconds
INFO: [USF-XSim-4] XSim::Simulate design
INFO: [USF-XSim-61] Executing 'SIMULATE' step in 'C:/XJTU COMPARCH/project_5/project_5.sim/sim_1/behav/xsim'
INFO: [USF-XSim-98] *** Running xsim
   with args "CPU_sim_behav -key {Behavioral:sim_1:Functional:CPU_sim} -tclbatch {CPU_sim.tcl} -view {{C:/XJTU COMPARCH/project_5/CPU_sim_behav.wcfg}} -log {simulate.log}"
INFO: [USF-XSim-8] Loading simulator feature
Vivado Simulator 2019.2
Time resolution is 1 ps
open_wave_config {C:/XJTU COMPARCH/project_5/CPU_sim_behav.wcfg}
source CPU_sim.tcl
# set curr_wave [current_wave_config]
# if { [string length $curr_wave] == 0 } {
#   if { [llength [get_objects]] > 0} {
#     add_wave /
#     set_property needs_save false [current_wave_config]
#   } else {
#      send_msg_id Add_Wave-1 WARNING "No top level signals found. Simulator will start without a wave window. If you want to open a wave window go to 'File->New Waveform Configuration' or type 'create_wave_config' in the TCL console."
#   }
# }
# run 1000ns
INFO: [USF-XSim-96] XSim completed. Design snapshot 'CPU_sim_behav' loaded.
INFO: [USF-XSim-97] XSim simulation ran for 1000ns
launch_simulation: Time (s): cpu = 00:00:01 ; elapsed = 00:00:08 . Memory (MB): peak = 12716.434 ; gain = 0.000
close_sim
INFO: [Simtcl 6-16] Simulation closed
launch_simulation
Command: launch_simulation 
INFO: [Vivado 12-5682] Launching behavioral simulation in 'C:/XJTU COMPARCH/project_5/project_5.sim/sim_1/behav/xsim'
INFO: [SIM-utils-51] Simulation object is 'sim_1'
INFO: [SIM-utils-54] Inspecting design source files for 'CPU_sim' in fileset 'sim_1'...
INFO: [USF-XSim-97] Finding global include files...
INFO: [USF-XSim-98] Fetching design files from 'sim_1'...
INFO: [USF-XSim-2] XSim::Compile design
INFO: [USF-XSim-61] Executing 'COMPILE and ANALYZE' step in 'C:/XJTU COMPARCH/project_5/project_5.sim/sim_1/behav/xsim'
"xvlog --incr --relax -prj CPU_sim_vlog.prj"
INFO: [VRFC 10-2263] Analyzing Verilog file "C:/XJTU COMPARCH/project_5/project_5.srcs/sources_1/new/ALU.v" into library xil_defaultlib
INFO: [VRFC 10-311] analyzing module ALU
INFO: [VRFC 10-2263] Analyzing Verilog file "C:/XJTU COMPARCH/project_5/project_5.srcs/sources_1/new/BranchComp.v" into library xil_defaultlib
INFO: [VRFC 10-311] analyzing module BranchComp
INFO: [VRFC 10-2263] Analyzing Verilog file "C:/XJTU COMPARCH/project_5/project_5.srcs/sources_1/new/CPU_Datapath.v" into library xil_defaultlib
INFO: [VRFC 10-311] analyzing module CPU_Datapath
INFO: [VRFC 10-2263] Analyzing Verilog file "C:/XJTU COMPARCH/project_5/project_5.srcs/sources_1/new/ControlLogic_EX.v" into library xil_defaultlib
INFO: [VRFC 10-311] analyzing module ControlLogic_EX
INFO: [VRFC 10-2263] Analyzing Verilog file "C:/XJTU COMPARCH/project_5/project_5.srcs/sources_1/new/ControlLogic_ID.v" into library xil_defaultlib
INFO: [VRFC 10-311] analyzing module ControlLogic_ID
INFO: [VRFC 10-2263] Analyzing Verilog file "C:/XJTU COMPARCH/project_5/project_5.srcs/sources_1/new/DMem.v" into library xil_defaultlib
INFO: [VRFC 10-311] analyzing module DMem
INFO: [VRFC 10-2263] Analyzing Verilog file "C:/XJTU COMPARCH/project_5/project_5.srcs/sources_1/new/FourWaySACache.v" into library xil_defaultlib
INFO: [VRFC 10-311] analyzing module FourWaySACache
INFO: [VRFC 10-2263] Analyzing Verilog file "C:/XJTU COMPARCH/project_5/project_5.srcs/sources_1/new/IMem.v" into library xil_defaultlib
INFO: [VRFC 10-311] analyzing module IMem
INFO: [VRFC 10-2263] Analyzing Verilog file "C:/XJTU COMPARCH/project_5/project_5.srcs/sources_1/new/ImmGen.v" into library xil_defaultlib
INFO: [VRFC 10-311] analyzing module ImmGen
INFO: [VRFC 10-2263] Analyzing Verilog file "C:/XJTU COMPARCH/project_5/project_5.srcs/sources_1/new/MainDsc.v" into library xil_defaultlib
INFO: [VRFC 10-311] analyzing module MainDsc
INFO: [VRFC 10-2263] Analyzing Verilog file "C:/XJTU COMPARCH/project_5/project_5.srcs/sources_1/new/MainDsc_EX.v" into library xil_defaultlib
INFO: [VRFC 10-311] analyzing module MainDsc_EX
INFO: [VRFC 10-2263] Analyzing Verilog file "C:/XJTU COMPARCH/project_5/project_5.srcs/sources_1/new/RAM_4Kx32.v" into library xil_defaultlib
INFO: [VRFC 10-311] analyzing module RAM_4Kx32
INFO: [VRFC 10-2263] Analyzing Verilog file "C:/XJTU COMPARCH/project_5/project_5.srcs/sources_1/new/RegFile.v" into library xil_defaultlib
INFO: [VRFC 10-311] analyzing module RegFile
INFO: [VRFC 10-2263] Analyzing Verilog file "C:/XJTU COMPARCH/project_5/project_5.srcs/sources_1/new/Register.v" into library xil_defaultlib
INFO: [VRFC 10-311] analyzing module Register
INFO: [VRFC 10-2263] Analyzing Verilog file "C:/XJTU COMPARCH/project_5/project_5.srcs/sim_1/new/CPU_sim.v" into library xil_defaultlib
INFO: [VRFC 10-311] analyzing module CPU_sim
INFO: [USF-XSim-69] 'compile' step finished in '1' seconds
INFO: [USF-XSim-3] XSim::Elaborate design
INFO: [USF-XSim-61] Executing 'ELABORATE' step in 'C:/XJTU COMPARCH/project_5/project_5.sim/sim_1/behav/xsim'
"xelab -wto f1795959e9ee4683ab0147d6093c81ff --incr --debug typical --relax --mt 2 -L xil_defaultlib -L unisims_ver -L unimacro_ver -L secureip --snapshot CPU_sim_behav xil_defaultlib.CPU_sim xil_defaultlib.glbl -log elaborate.log"
Vivado Simulator 2019.2
Copyright 1986-1999, 2001-2019 Xilinx, Inc. All Rights Reserved.
Running: C:/Xilinx2019/Vivado/2019.2/bin/unwrapped/win64.o/xelab.exe -wto f1795959e9ee4683ab0147d6093c81ff --incr --debug typical --relax --mt 2 -L xil_defaultlib -L unisims_ver -L unimacro_ver -L secureip --snapshot CPU_sim_behav xil_defaultlib.CPU_sim xil_defaultlib.glbl -log elaborate.log 
Using 2 slave threads.
Starting static elaboration
Pass Through NonSizing Optimizer
WARNING: [VRFC 10-3091] actual bit length 1 differs from formal bit length 32 for port 'Q' [C:/XJTU COMPARCH/project_5/project_5.srcs/sources_1/new/CPU_Datapath.v:165]
WARNING: [VRFC 10-3091] actual bit length 3 differs from formal bit length 32 for port 'Q' [C:/XJTU COMPARCH/project_5/project_5.srcs/sources_1/new/CPU_Datapath.v:166]
WARNING: [VRFC 10-3091] actual bit length 1 differs from formal bit length 32 for port 'Q' [C:/XJTU COMPARCH/project_5/project_5.srcs/sources_1/new/CPU_Datapath.v:167]
WARNING: [VRFC 10-3091] actual bit length 1 differs from formal bit length 32 for port 'Q' [C:/XJTU COMPARCH/project_5/project_5.srcs/sources_1/new/CPU_Datapath.v:168]
WARNING: [VRFC 10-3091] actual bit length 1 differs from formal bit length 32 for port 'Q' [C:/XJTU COMPARCH/project_5/project_5.srcs/sources_1/new/CPU_Datapath.v:169]
WARNING: [VRFC 10-3091] actual bit length 4 differs from formal bit length 32 for port 'Q' [C:/XJTU COMPARCH/project_5/project_5.srcs/sources_1/new/CPU_Datapath.v:170]
WARNING: [VRFC 10-3091] actual bit length 1 differs from formal bit length 32 for port 'Q' [C:/XJTU COMPARCH/project_5/project_5.srcs/sources_1/new/CPU_Datapath.v:171]
WARNING: [VRFC 10-3091] actual bit length 1 differs from formal bit length 32 for port 'Q' [C:/XJTU COMPARCH/project_5/project_5.srcs/sources_1/new/CPU_Datapath.v:172]
WARNING: [VRFC 10-3091] actual bit length 2 differs from formal bit length 32 for port 'Q' [C:/XJTU COMPARCH/project_5/project_5.srcs/sources_1/new/CPU_Datapath.v:173]
WARNING: [VRFC 10-3091] actual bit length 1 differs from formal bit length 32 for port 'Q' [C:/XJTU COMPARCH/project_5/project_5.srcs/sources_1/new/CPU_Datapath.v:225]
WARNING: [VRFC 10-3091] actual bit length 1 differs from formal bit length 32 for port 'Q' [C:/XJTU COMPARCH/project_5/project_5.srcs/sources_1/new/CPU_Datapath.v:226]
WARNING: [VRFC 10-3091] actual bit length 1 differs from formal bit length 32 for port 'Q' [C:/XJTU COMPARCH/project_5/project_5.srcs/sources_1/new/CPU_Datapath.v:227]
WARNING: [VRFC 10-3091] actual bit length 2 differs from formal bit length 32 for port 'Q' [C:/XJTU COMPARCH/project_5/project_5.srcs/sources_1/new/CPU_Datapath.v:228]
WARNING: [VRFC 10-3091] actual bit length 1 differs from formal bit length 32 for port 'Q' [C:/XJTU COMPARCH/project_5/project_5.srcs/sources_1/new/CPU_Datapath.v:244]
WARNING: [VRFC 10-3091] actual bit length 2 differs from formal bit length 32 for port 'Q' [C:/XJTU COMPARCH/project_5/project_5.srcs/sources_1/new/CPU_Datapath.v:245]
Completed static elaboration
Starting simulation data flow analysis
Completed simulation data flow analysis
Time Resolution for simulation is 1ps
Compiling module xil_defaultlib.IMem
Compiling module xil_defaultlib.Register
Compiling module xil_defaultlib.MainDsc
Compiling module xil_defaultlib.ControlLogic_ID
Compiling module xil_defaultlib.RegFile
Compiling module xil_defaultlib.ImmGen
Compiling module xil_defaultlib.ALU
Compiling module xil_defaultlib.MainDsc_EX
Compiling module xil_defaultlib.ControlLogic_EX
Compiling module xil_defaultlib.BranchComp
Compiling module xil_defaultlib.FourWaySACache
Compiling module xil_defaultlib.RAM_4Kx32_default
Compiling module xil_defaultlib.DMem
Compiling module xil_defaultlib.CPU_Datapath
Compiling module xil_defaultlib.CPU_sim
Compiling module xil_defaultlib.glbl
Built simulation snapshot CPU_sim_behav
INFO: [USF-XSim-69] 'elaborate' step finished in '3' seconds
INFO: [USF-XSim-4] XSim::Simulate design
INFO: [USF-XSim-61] Executing 'SIMULATE' step in 'C:/XJTU COMPARCH/project_5/project_5.sim/sim_1/behav/xsim'
INFO: [USF-XSim-98] *** Running xsim
   with args "CPU_sim_behav -key {Behavioral:sim_1:Functional:CPU_sim} -tclbatch {CPU_sim.tcl} -view {{C:/XJTU COMPARCH/project_5/CPU_sim_behav.wcfg}} -log {simulate.log}"
INFO: [USF-XSim-8] Loading simulator feature
Vivado Simulator 2019.2
Time resolution is 1 ps
open_wave_config {C:/XJTU COMPARCH/project_5/CPU_sim_behav.wcfg}
source CPU_sim.tcl
# set curr_wave [current_wave_config]
# if { [string length $curr_wave] == 0 } {
#   if { [llength [get_objects]] > 0} {
#     add_wave /
#     set_property needs_save false [current_wave_config]
#   } else {
#      send_msg_id Add_Wave-1 WARNING "No top level signals found. Simulator will start without a wave window. If you want to open a wave window go to 'File->New Waveform Configuration' or type 'create_wave_config' in the TCL console."
#   }
# }
# run 1000ns
INFO: [USF-XSim-96] XSim completed. Design snapshot 'CPU_sim_behav' loaded.
INFO: [USF-XSim-97] XSim simulation ran for 1000ns
launch_simulation: Time (s): cpu = 00:00:02 ; elapsed = 00:00:08 . Memory (MB): peak = 12716.434 ; gain = 0.000
close_sim
INFO: [Simtcl 6-16] Simulation closed
launch_simulation
Command: launch_simulation 
INFO: [Vivado 12-5682] Launching behavioral simulation in 'C:/XJTU COMPARCH/project_5/project_5.sim/sim_1/behav/xsim'
INFO: [SIM-utils-51] Simulation object is 'sim_1'
INFO: [SIM-utils-54] Inspecting design source files for 'CPU_sim' in fileset 'sim_1'...
INFO: [USF-XSim-97] Finding global include files...
INFO: [USF-XSim-98] Fetching design files from 'sim_1'...
INFO: [USF-XSim-2] XSim::Compile design
INFO: [USF-XSim-61] Executing 'COMPILE and ANALYZE' step in 'C:/XJTU COMPARCH/project_5/project_5.sim/sim_1/behav/xsim'
"xvlog --incr --relax -prj CPU_sim_vlog.prj"
INFO: [VRFC 10-2263] Analyzing Verilog file "C:/XJTU COMPARCH/project_5/project_5.srcs/sources_1/new/ALU.v" into library xil_defaultlib
INFO: [VRFC 10-311] analyzing module ALU
INFO: [VRFC 10-2263] Analyzing Verilog file "C:/XJTU COMPARCH/project_5/project_5.srcs/sources_1/new/BranchComp.v" into library xil_defaultlib
INFO: [VRFC 10-311] analyzing module BranchComp
INFO: [VRFC 10-2263] Analyzing Verilog file "C:/XJTU COMPARCH/project_5/project_5.srcs/sources_1/new/CPU_Datapath.v" into library xil_defaultlib
INFO: [VRFC 10-311] analyzing module CPU_Datapath
INFO: [VRFC 10-2263] Analyzing Verilog file "C:/XJTU COMPARCH/project_5/project_5.srcs/sources_1/new/ControlLogic_EX.v" into library xil_defaultlib
INFO: [VRFC 10-311] analyzing module ControlLogic_EX
INFO: [VRFC 10-2263] Analyzing Verilog file "C:/XJTU COMPARCH/project_5/project_5.srcs/sources_1/new/ControlLogic_ID.v" into library xil_defaultlib
INFO: [VRFC 10-311] analyzing module ControlLogic_ID
INFO: [VRFC 10-2263] Analyzing Verilog file "C:/XJTU COMPARCH/project_5/project_5.srcs/sources_1/new/DMem.v" into library xil_defaultlib
INFO: [VRFC 10-311] analyzing module DMem
INFO: [VRFC 10-2263] Analyzing Verilog file "C:/XJTU COMPARCH/project_5/project_5.srcs/sources_1/new/FourWaySACache.v" into library xil_defaultlib
INFO: [VRFC 10-311] analyzing module FourWaySACache
INFO: [VRFC 10-2263] Analyzing Verilog file "C:/XJTU COMPARCH/project_5/project_5.srcs/sources_1/new/IMem.v" into library xil_defaultlib
INFO: [VRFC 10-311] analyzing module IMem
INFO: [VRFC 10-2263] Analyzing Verilog file "C:/XJTU COMPARCH/project_5/project_5.srcs/sources_1/new/ImmGen.v" into library xil_defaultlib
INFO: [VRFC 10-311] analyzing module ImmGen
INFO: [VRFC 10-2263] Analyzing Verilog file "C:/XJTU COMPARCH/project_5/project_5.srcs/sources_1/new/MainDsc.v" into library xil_defaultlib
INFO: [VRFC 10-311] analyzing module MainDsc
INFO: [VRFC 10-2263] Analyzing Verilog file "C:/XJTU COMPARCH/project_5/project_5.srcs/sources_1/new/MainDsc_EX.v" into library xil_defaultlib
INFO: [VRFC 10-311] analyzing module MainDsc_EX
INFO: [VRFC 10-2263] Analyzing Verilog file "C:/XJTU COMPARCH/project_5/project_5.srcs/sources_1/new/RAM_4Kx32.v" into library xil_defaultlib
INFO: [VRFC 10-311] analyzing module RAM_4Kx32
INFO: [VRFC 10-2263] Analyzing Verilog file "C:/XJTU COMPARCH/project_5/project_5.srcs/sources_1/new/RegFile.v" into library xil_defaultlib
INFO: [VRFC 10-311] analyzing module RegFile
INFO: [VRFC 10-2263] Analyzing Verilog file "C:/XJTU COMPARCH/project_5/project_5.srcs/sources_1/new/Register.v" into library xil_defaultlib
INFO: [VRFC 10-311] analyzing module Register
INFO: [VRFC 10-2263] Analyzing Verilog file "C:/XJTU COMPARCH/project_5/project_5.srcs/sim_1/new/CPU_sim.v" into library xil_defaultlib
INFO: [VRFC 10-311] analyzing module CPU_sim
INFO: [USF-XSim-69] 'compile' step finished in '1' seconds
INFO: [USF-XSim-3] XSim::Elaborate design
INFO: [USF-XSim-61] Executing 'ELABORATE' step in 'C:/XJTU COMPARCH/project_5/project_5.sim/sim_1/behav/xsim'
"xelab -wto f1795959e9ee4683ab0147d6093c81ff --incr --debug typical --relax --mt 2 -L xil_defaultlib -L unisims_ver -L unimacro_ver -L secureip --snapshot CPU_sim_behav xil_defaultlib.CPU_sim xil_defaultlib.glbl -log elaborate.log"
Vivado Simulator 2019.2
Copyright 1986-1999, 2001-2019 Xilinx, Inc. All Rights Reserved.
Running: C:/Xilinx2019/Vivado/2019.2/bin/unwrapped/win64.o/xelab.exe -wto f1795959e9ee4683ab0147d6093c81ff --incr --debug typical --relax --mt 2 -L xil_defaultlib -L unisims_ver -L unimacro_ver -L secureip --snapshot CPU_sim_behav xil_defaultlib.CPU_sim xil_defaultlib.glbl -log elaborate.log 
Using 2 slave threads.
Starting static elaboration
Pass Through NonSizing Optimizer
WARNING: [VRFC 10-3091] actual bit length 1 differs from formal bit length 32 for port 'Q' [C:/XJTU COMPARCH/project_5/project_5.srcs/sources_1/new/CPU_Datapath.v:165]
WARNING: [VRFC 10-3091] actual bit length 3 differs from formal bit length 32 for port 'Q' [C:/XJTU COMPARCH/project_5/project_5.srcs/sources_1/new/CPU_Datapath.v:166]
WARNING: [VRFC 10-3091] actual bit length 1 differs from formal bit length 32 for port 'Q' [C:/XJTU COMPARCH/project_5/project_5.srcs/sources_1/new/CPU_Datapath.v:167]
WARNING: [VRFC 10-3091] actual bit length 1 differs from formal bit length 32 for port 'Q' [C:/XJTU COMPARCH/project_5/project_5.srcs/sources_1/new/CPU_Datapath.v:168]
WARNING: [VRFC 10-3091] actual bit length 1 differs from formal bit length 32 for port 'Q' [C:/XJTU COMPARCH/project_5/project_5.srcs/sources_1/new/CPU_Datapath.v:169]
WARNING: [VRFC 10-3091] actual bit length 4 differs from formal bit length 32 for port 'Q' [C:/XJTU COMPARCH/project_5/project_5.srcs/sources_1/new/CPU_Datapath.v:170]
WARNING: [VRFC 10-3091] actual bit length 1 differs from formal bit length 32 for port 'Q' [C:/XJTU COMPARCH/project_5/project_5.srcs/sources_1/new/CPU_Datapath.v:171]
WARNING: [VRFC 10-3091] actual bit length 1 differs from formal bit length 32 for port 'Q' [C:/XJTU COMPARCH/project_5/project_5.srcs/sources_1/new/CPU_Datapath.v:172]
WARNING: [VRFC 10-3091] actual bit length 2 differs from formal bit length 32 for port 'Q' [C:/XJTU COMPARCH/project_5/project_5.srcs/sources_1/new/CPU_Datapath.v:173]
WARNING: [VRFC 10-3091] actual bit length 1 differs from formal bit length 32 for port 'Q' [C:/XJTU COMPARCH/project_5/project_5.srcs/sources_1/new/CPU_Datapath.v:225]
WARNING: [VRFC 10-3091] actual bit length 1 differs from formal bit length 32 for port 'Q' [C:/XJTU COMPARCH/project_5/project_5.srcs/sources_1/new/CPU_Datapath.v:226]
WARNING: [VRFC 10-3091] actual bit length 1 differs from formal bit length 32 for port 'Q' [C:/XJTU COMPARCH/project_5/project_5.srcs/sources_1/new/CPU_Datapath.v:227]
WARNING: [VRFC 10-3091] actual bit length 2 differs from formal bit length 32 for port 'Q' [C:/XJTU COMPARCH/project_5/project_5.srcs/sources_1/new/CPU_Datapath.v:228]
WARNING: [VRFC 10-3091] actual bit length 1 differs from formal bit length 32 for port 'Q' [C:/XJTU COMPARCH/project_5/project_5.srcs/sources_1/new/CPU_Datapath.v:244]
WARNING: [VRFC 10-3091] actual bit length 2 differs from formal bit length 32 for port 'Q' [C:/XJTU COMPARCH/project_5/project_5.srcs/sources_1/new/CPU_Datapath.v:245]
Completed static elaboration
Starting simulation data flow analysis
Completed simulation data flow analysis
Time Resolution for simulation is 1ps
Compiling module xil_defaultlib.IMem
Compiling module xil_defaultlib.Register
Compiling module xil_defaultlib.MainDsc
Compiling module xil_defaultlib.ControlLogic_ID
Compiling module xil_defaultlib.RegFile
Compiling module xil_defaultlib.ImmGen
Compiling module xil_defaultlib.ALU
Compiling module xil_defaultlib.MainDsc_EX
Compiling module xil_defaultlib.ControlLogic_EX
Compiling module xil_defaultlib.BranchComp
Compiling module xil_defaultlib.FourWaySACache
Compiling module xil_defaultlib.RAM_4Kx32_default
Compiling module xil_defaultlib.DMem
Compiling module xil_defaultlib.CPU_Datapath
Compiling module xil_defaultlib.CPU_sim
Compiling module xil_defaultlib.glbl
Built simulation snapshot CPU_sim_behav
INFO: [USF-XSim-69] 'elaborate' step finished in '3' seconds
INFO: [USF-XSim-4] XSim::Simulate design
INFO: [USF-XSim-61] Executing 'SIMULATE' step in 'C:/XJTU COMPARCH/project_5/project_5.sim/sim_1/behav/xsim'
INFO: [USF-XSim-98] *** Running xsim
   with args "CPU_sim_behav -key {Behavioral:sim_1:Functional:CPU_sim} -tclbatch {CPU_sim.tcl} -view {{C:/XJTU COMPARCH/project_5/CPU_sim_behav.wcfg}} -log {simulate.log}"
INFO: [USF-XSim-8] Loading simulator feature
Vivado Simulator 2019.2
Time resolution is 1 ps
open_wave_config {C:/XJTU COMPARCH/project_5/CPU_sim_behav.wcfg}
source CPU_sim.tcl
# set curr_wave [current_wave_config]
# if { [string length $curr_wave] == 0 } {
#   if { [llength [get_objects]] > 0} {
#     add_wave /
#     set_property needs_save false [current_wave_config]
#   } else {
#      send_msg_id Add_Wave-1 WARNING "No top level signals found. Simulator will start without a wave window. If you want to open a wave window go to 'File->New Waveform Configuration' or type 'create_wave_config' in the TCL console."
#   }
# }
# run 1000ns
INFO: [USF-XSim-96] XSim completed. Design snapshot 'CPU_sim_behav' loaded.
INFO: [USF-XSim-97] XSim simulation ran for 1000ns
launch_simulation: Time (s): cpu = 00:00:01 ; elapsed = 00:00:08 . Memory (MB): peak = 12716.434 ; gain = 0.000
close_sim
INFO: [Simtcl 6-16] Simulation closed
launch_simulation
Command: launch_simulation 
INFO: [Vivado 12-5682] Launching behavioral simulation in 'C:/XJTU COMPARCH/project_5/project_5.sim/sim_1/behav/xsim'
INFO: [SIM-utils-51] Simulation object is 'sim_1'
INFO: [SIM-utils-54] Inspecting design source files for 'CPU_sim' in fileset 'sim_1'...
INFO: [USF-XSim-97] Finding global include files...
INFO: [USF-XSim-98] Fetching design files from 'sim_1'...
INFO: [USF-XSim-2] XSim::Compile design
INFO: [USF-XSim-61] Executing 'COMPILE and ANALYZE' step in 'C:/XJTU COMPARCH/project_5/project_5.sim/sim_1/behav/xsim'
"xvlog --incr --relax -prj CPU_sim_vlog.prj"
INFO: [VRFC 10-2263] Analyzing Verilog file "C:/XJTU COMPARCH/project_5/project_5.srcs/sources_1/new/ALU.v" into library xil_defaultlib
INFO: [VRFC 10-311] analyzing module ALU
INFO: [VRFC 10-2263] Analyzing Verilog file "C:/XJTU COMPARCH/project_5/project_5.srcs/sources_1/new/BranchComp.v" into library xil_defaultlib
INFO: [VRFC 10-311] analyzing module BranchComp
INFO: [VRFC 10-2263] Analyzing Verilog file "C:/XJTU COMPARCH/project_5/project_5.srcs/sources_1/new/CPU_Datapath.v" into library xil_defaultlib
INFO: [VRFC 10-311] analyzing module CPU_Datapath
INFO: [VRFC 10-2263] Analyzing Verilog file "C:/XJTU COMPARCH/project_5/project_5.srcs/sources_1/new/ControlLogic_EX.v" into library xil_defaultlib
INFO: [VRFC 10-311] analyzing module ControlLogic_EX
INFO: [VRFC 10-2263] Analyzing Verilog file "C:/XJTU COMPARCH/project_5/project_5.srcs/sources_1/new/ControlLogic_ID.v" into library xil_defaultlib
INFO: [VRFC 10-311] analyzing module ControlLogic_ID
INFO: [VRFC 10-2263] Analyzing Verilog file "C:/XJTU COMPARCH/project_5/project_5.srcs/sources_1/new/DMem.v" into library xil_defaultlib
INFO: [VRFC 10-311] analyzing module DMem
INFO: [VRFC 10-2263] Analyzing Verilog file "C:/XJTU COMPARCH/project_5/project_5.srcs/sources_1/new/FourWaySACache.v" into library xil_defaultlib
INFO: [VRFC 10-311] analyzing module FourWaySACache
INFO: [VRFC 10-2263] Analyzing Verilog file "C:/XJTU COMPARCH/project_5/project_5.srcs/sources_1/new/IMem.v" into library xil_defaultlib
INFO: [VRFC 10-311] analyzing module IMem
INFO: [VRFC 10-2263] Analyzing Verilog file "C:/XJTU COMPARCH/project_5/project_5.srcs/sources_1/new/ImmGen.v" into library xil_defaultlib
INFO: [VRFC 10-311] analyzing module ImmGen
INFO: [VRFC 10-2263] Analyzing Verilog file "C:/XJTU COMPARCH/project_5/project_5.srcs/sources_1/new/MainDsc.v" into library xil_defaultlib
INFO: [VRFC 10-311] analyzing module MainDsc
INFO: [VRFC 10-2263] Analyzing Verilog file "C:/XJTU COMPARCH/project_5/project_5.srcs/sources_1/new/MainDsc_EX.v" into library xil_defaultlib
INFO: [VRFC 10-311] analyzing module MainDsc_EX
INFO: [VRFC 10-2263] Analyzing Verilog file "C:/XJTU COMPARCH/project_5/project_5.srcs/sources_1/new/RAM_4Kx32.v" into library xil_defaultlib
INFO: [VRFC 10-311] analyzing module RAM_4Kx32
INFO: [VRFC 10-2263] Analyzing Verilog file "C:/XJTU COMPARCH/project_5/project_5.srcs/sources_1/new/RegFile.v" into library xil_defaultlib
INFO: [VRFC 10-311] analyzing module RegFile
INFO: [VRFC 10-2263] Analyzing Verilog file "C:/XJTU COMPARCH/project_5/project_5.srcs/sources_1/new/Register.v" into library xil_defaultlib
INFO: [VRFC 10-311] analyzing module Register
INFO: [VRFC 10-2263] Analyzing Verilog file "C:/XJTU COMPARCH/project_5/project_5.srcs/sim_1/new/CPU_sim.v" into library xil_defaultlib
INFO: [VRFC 10-311] analyzing module CPU_sim
INFO: [USF-XSim-69] 'compile' step finished in '1' seconds
INFO: [USF-XSim-3] XSim::Elaborate design
INFO: [USF-XSim-61] Executing 'ELABORATE' step in 'C:/XJTU COMPARCH/project_5/project_5.sim/sim_1/behav/xsim'
"xelab -wto f1795959e9ee4683ab0147d6093c81ff --incr --debug typical --relax --mt 2 -L xil_defaultlib -L unisims_ver -L unimacro_ver -L secureip --snapshot CPU_sim_behav xil_defaultlib.CPU_sim xil_defaultlib.glbl -log elaborate.log"
Vivado Simulator 2019.2
Copyright 1986-1999, 2001-2019 Xilinx, Inc. All Rights Reserved.
Running: C:/Xilinx2019/Vivado/2019.2/bin/unwrapped/win64.o/xelab.exe -wto f1795959e9ee4683ab0147d6093c81ff --incr --debug typical --relax --mt 2 -L xil_defaultlib -L unisims_ver -L unimacro_ver -L secureip --snapshot CPU_sim_behav xil_defaultlib.CPU_sim xil_defaultlib.glbl -log elaborate.log 
Using 2 slave threads.
Starting static elaboration
Pass Through NonSizing Optimizer
WARNING: [VRFC 10-3091] actual bit length 1 differs from formal bit length 32 for port 'Q' [C:/XJTU COMPARCH/project_5/project_5.srcs/sources_1/new/CPU_Datapath.v:165]
WARNING: [VRFC 10-3091] actual bit length 3 differs from formal bit length 32 for port 'Q' [C:/XJTU COMPARCH/project_5/project_5.srcs/sources_1/new/CPU_Datapath.v:166]
WARNING: [VRFC 10-3091] actual bit length 1 differs from formal bit length 32 for port 'Q' [C:/XJTU COMPARCH/project_5/project_5.srcs/sources_1/new/CPU_Datapath.v:167]
WARNING: [VRFC 10-3091] actual bit length 1 differs from formal bit length 32 for port 'Q' [C:/XJTU COMPARCH/project_5/project_5.srcs/sources_1/new/CPU_Datapath.v:168]
WARNING: [VRFC 10-3091] actual bit length 1 differs from formal bit length 32 for port 'Q' [C:/XJTU COMPARCH/project_5/project_5.srcs/sources_1/new/CPU_Datapath.v:169]
WARNING: [VRFC 10-3091] actual bit length 4 differs from formal bit length 32 for port 'Q' [C:/XJTU COMPARCH/project_5/project_5.srcs/sources_1/new/CPU_Datapath.v:170]
WARNING: [VRFC 10-3091] actual bit length 1 differs from formal bit length 32 for port 'Q' [C:/XJTU COMPARCH/project_5/project_5.srcs/sources_1/new/CPU_Datapath.v:171]
WARNING: [VRFC 10-3091] actual bit length 1 differs from formal bit length 32 for port 'Q' [C:/XJTU COMPARCH/project_5/project_5.srcs/sources_1/new/CPU_Datapath.v:172]
WARNING: [VRFC 10-3091] actual bit length 2 differs from formal bit length 32 for port 'Q' [C:/XJTU COMPARCH/project_5/project_5.srcs/sources_1/new/CPU_Datapath.v:173]
WARNING: [VRFC 10-3091] actual bit length 1 differs from formal bit length 32 for port 'Q' [C:/XJTU COMPARCH/project_5/project_5.srcs/sources_1/new/CPU_Datapath.v:225]
WARNING: [VRFC 10-3091] actual bit length 1 differs from formal bit length 32 for port 'Q' [C:/XJTU COMPARCH/project_5/project_5.srcs/sources_1/new/CPU_Datapath.v:226]
WARNING: [VRFC 10-3091] actual bit length 1 differs from formal bit length 32 for port 'Q' [C:/XJTU COMPARCH/project_5/project_5.srcs/sources_1/new/CPU_Datapath.v:227]
WARNING: [VRFC 10-3091] actual bit length 2 differs from formal bit length 32 for port 'Q' [C:/XJTU COMPARCH/project_5/project_5.srcs/sources_1/new/CPU_Datapath.v:228]
WARNING: [VRFC 10-3091] actual bit length 1 differs from formal bit length 32 for port 'Q' [C:/XJTU COMPARCH/project_5/project_5.srcs/sources_1/new/CPU_Datapath.v:244]
WARNING: [VRFC 10-3091] actual bit length 2 differs from formal bit length 32 for port 'Q' [C:/XJTU COMPARCH/project_5/project_5.srcs/sources_1/new/CPU_Datapath.v:245]
Completed static elaboration
Starting simulation data flow analysis
Completed simulation data flow analysis
Time Resolution for simulation is 1ps
Compiling module xil_defaultlib.IMem
Compiling module xil_defaultlib.Register
Compiling module xil_defaultlib.MainDsc
Compiling module xil_defaultlib.ControlLogic_ID
Compiling module xil_defaultlib.RegFile
Compiling module xil_defaultlib.ImmGen
Compiling module xil_defaultlib.ALU
Compiling module xil_defaultlib.MainDsc_EX
Compiling module xil_defaultlib.ControlLogic_EX
Compiling module xil_defaultlib.BranchComp
Compiling module xil_defaultlib.FourWaySACache
Compiling module xil_defaultlib.RAM_4Kx32_default
Compiling module xil_defaultlib.DMem
Compiling module xil_defaultlib.CPU_Datapath
Compiling module xil_defaultlib.CPU_sim
Compiling module xil_defaultlib.glbl
Built simulation snapshot CPU_sim_behav
INFO: [USF-XSim-69] 'elaborate' step finished in '2' seconds
INFO: [USF-XSim-4] XSim::Simulate design
INFO: [USF-XSim-61] Executing 'SIMULATE' step in 'C:/XJTU COMPARCH/project_5/project_5.sim/sim_1/behav/xsim'
INFO: [USF-XSim-98] *** Running xsim
   with args "CPU_sim_behav -key {Behavioral:sim_1:Functional:CPU_sim} -tclbatch {CPU_sim.tcl} -view {{C:/XJTU COMPARCH/project_5/CPU_sim_behav.wcfg}} -log {simulate.log}"
INFO: [USF-XSim-8] Loading simulator feature
Vivado Simulator 2019.2
Time resolution is 1 ps
open_wave_config {C:/XJTU COMPARCH/project_5/CPU_sim_behav.wcfg}
source CPU_sim.tcl
# set curr_wave [current_wave_config]
# if { [string length $curr_wave] == 0 } {
#   if { [llength [get_objects]] > 0} {
#     add_wave /
#     set_property needs_save false [current_wave_config]
#   } else {
#      send_msg_id Add_Wave-1 WARNING "No top level signals found. Simulator will start without a wave window. If you want to open a wave window go to 'File->New Waveform Configuration' or type 'create_wave_config' in the TCL console."
#   }
# }
# run 1000ns
INFO: [USF-XSim-96] XSim completed. Design snapshot 'CPU_sim_behav' loaded.
INFO: [USF-XSim-97] XSim simulation ran for 1000ns
launch_simulation: Time (s): cpu = 00:00:01 ; elapsed = 00:00:08 . Memory (MB): peak = 12716.434 ; gain = 0.000
restart
INFO: [Simtcl 6-17] Simulation restarted
run 10 ns
run 10 ns
run 10 ns
run 10 ns
run 10 ns
run 10 ns
run 10 ns
run 10 ns
run 10 ns
run 10 ns
run 10 ns
run 10 ns
run 10 ns
run 10 ns
run 10 ns
run 10 ns
close_sim
INFO: [Simtcl 6-16] Simulation closed
launch_simulation
Command: launch_simulation 
INFO: [Vivado 12-5682] Launching behavioral simulation in 'C:/XJTU COMPARCH/project_5/project_5.sim/sim_1/behav/xsim'
INFO: [SIM-utils-51] Simulation object is 'sim_1'
INFO: [SIM-utils-54] Inspecting design source files for 'CPU_sim' in fileset 'sim_1'...
INFO: [USF-XSim-97] Finding global include files...
INFO: [USF-XSim-98] Fetching design files from 'sim_1'...
INFO: [USF-XSim-2] XSim::Compile design
INFO: [USF-XSim-61] Executing 'COMPILE and ANALYZE' step in 'C:/XJTU COMPARCH/project_5/project_5.sim/sim_1/behav/xsim'
"xvlog --incr --relax -prj CPU_sim_vlog.prj"
INFO: [VRFC 10-2263] Analyzing Verilog file "C:/XJTU COMPARCH/project_5/project_5.srcs/sources_1/new/ALU.v" into library xil_defaultlib
INFO: [VRFC 10-311] analyzing module ALU
INFO: [VRFC 10-2263] Analyzing Verilog file "C:/XJTU COMPARCH/project_5/project_5.srcs/sources_1/new/BranchComp.v" into library xil_defaultlib
INFO: [VRFC 10-311] analyzing module BranchComp
INFO: [VRFC 10-2263] Analyzing Verilog file "C:/XJTU COMPARCH/project_5/project_5.srcs/sources_1/new/CPU_Datapath.v" into library xil_defaultlib
INFO: [VRFC 10-311] analyzing module CPU_Datapath
INFO: [VRFC 10-2263] Analyzing Verilog file "C:/XJTU COMPARCH/project_5/project_5.srcs/sources_1/new/ControlLogic_EX.v" into library xil_defaultlib
INFO: [VRFC 10-311] analyzing module ControlLogic_EX
INFO: [VRFC 10-2263] Analyzing Verilog file "C:/XJTU COMPARCH/project_5/project_5.srcs/sources_1/new/ControlLogic_ID.v" into library xil_defaultlib
INFO: [VRFC 10-311] analyzing module ControlLogic_ID
INFO: [VRFC 10-2263] Analyzing Verilog file "C:/XJTU COMPARCH/project_5/project_5.srcs/sources_1/new/DMem.v" into library xil_defaultlib
INFO: [VRFC 10-311] analyzing module DMem
INFO: [VRFC 10-2263] Analyzing Verilog file "C:/XJTU COMPARCH/project_5/project_5.srcs/sources_1/new/FourWaySACache.v" into library xil_defaultlib
INFO: [VRFC 10-311] analyzing module FourWaySACache
INFO: [VRFC 10-2263] Analyzing Verilog file "C:/XJTU COMPARCH/project_5/project_5.srcs/sources_1/new/IMem.v" into library xil_defaultlib
INFO: [VRFC 10-311] analyzing module IMem
INFO: [VRFC 10-2263] Analyzing Verilog file "C:/XJTU COMPARCH/project_5/project_5.srcs/sources_1/new/ImmGen.v" into library xil_defaultlib
INFO: [VRFC 10-311] analyzing module ImmGen
INFO: [VRFC 10-2263] Analyzing Verilog file "C:/XJTU COMPARCH/project_5/project_5.srcs/sources_1/new/MainDsc.v" into library xil_defaultlib
INFO: [VRFC 10-311] analyzing module MainDsc
INFO: [VRFC 10-2263] Analyzing Verilog file "C:/XJTU COMPARCH/project_5/project_5.srcs/sources_1/new/MainDsc_EX.v" into library xil_defaultlib
INFO: [VRFC 10-311] analyzing module MainDsc_EX
INFO: [VRFC 10-2263] Analyzing Verilog file "C:/XJTU COMPARCH/project_5/project_5.srcs/sources_1/new/RAM_4Kx32.v" into library xil_defaultlib
INFO: [VRFC 10-311] analyzing module RAM_4Kx32
INFO: [VRFC 10-2263] Analyzing Verilog file "C:/XJTU COMPARCH/project_5/project_5.srcs/sources_1/new/RegFile.v" into library xil_defaultlib
INFO: [VRFC 10-311] analyzing module RegFile
INFO: [VRFC 10-2263] Analyzing Verilog file "C:/XJTU COMPARCH/project_5/project_5.srcs/sources_1/new/Register.v" into library xil_defaultlib
INFO: [VRFC 10-311] analyzing module Register
INFO: [VRFC 10-2263] Analyzing Verilog file "C:/XJTU COMPARCH/project_5/project_5.srcs/sim_1/new/CPU_sim.v" into library xil_defaultlib
INFO: [VRFC 10-311] analyzing module CPU_sim
INFO: [USF-XSim-69] 'compile' step finished in '2' seconds
INFO: [USF-XSim-3] XSim::Elaborate design
INFO: [USF-XSim-61] Executing 'ELABORATE' step in 'C:/XJTU COMPARCH/project_5/project_5.sim/sim_1/behav/xsim'
"xelab -wto f1795959e9ee4683ab0147d6093c81ff --incr --debug typical --relax --mt 2 -L xil_defaultlib -L unisims_ver -L unimacro_ver -L secureip --snapshot CPU_sim_behav xil_defaultlib.CPU_sim xil_defaultlib.glbl -log elaborate.log"
Vivado Simulator 2019.2
Copyright 1986-1999, 2001-2019 Xilinx, Inc. All Rights Reserved.
Running: C:/Xilinx2019/Vivado/2019.2/bin/unwrapped/win64.o/xelab.exe -wto f1795959e9ee4683ab0147d6093c81ff --incr --debug typical --relax --mt 2 -L xil_defaultlib -L unisims_ver -L unimacro_ver -L secureip --snapshot CPU_sim_behav xil_defaultlib.CPU_sim xil_defaultlib.glbl -log elaborate.log 
Using 2 slave threads.
Starting static elaboration
Pass Through NonSizing Optimizer
WARNING: [VRFC 10-3091] actual bit length 1 differs from formal bit length 32 for port 'Q' [C:/XJTU COMPARCH/project_5/project_5.srcs/sources_1/new/CPU_Datapath.v:165]
WARNING: [VRFC 10-3091] actual bit length 3 differs from formal bit length 32 for port 'Q' [C:/XJTU COMPARCH/project_5/project_5.srcs/sources_1/new/CPU_Datapath.v:166]
WARNING: [VRFC 10-3091] actual bit length 1 differs from formal bit length 32 for port 'Q' [C:/XJTU COMPARCH/project_5/project_5.srcs/sources_1/new/CPU_Datapath.v:167]
WARNING: [VRFC 10-3091] actual bit length 1 differs from formal bit length 32 for port 'Q' [C:/XJTU COMPARCH/project_5/project_5.srcs/sources_1/new/CPU_Datapath.v:168]
WARNING: [VRFC 10-3091] actual bit length 1 differs from formal bit length 32 for port 'Q' [C:/XJTU COMPARCH/project_5/project_5.srcs/sources_1/new/CPU_Datapath.v:169]
WARNING: [VRFC 10-3091] actual bit length 4 differs from formal bit length 32 for port 'Q' [C:/XJTU COMPARCH/project_5/project_5.srcs/sources_1/new/CPU_Datapath.v:170]
WARNING: [VRFC 10-3091] actual bit length 1 differs from formal bit length 32 for port 'Q' [C:/XJTU COMPARCH/project_5/project_5.srcs/sources_1/new/CPU_Datapath.v:171]
WARNING: [VRFC 10-3091] actual bit length 1 differs from formal bit length 32 for port 'Q' [C:/XJTU COMPARCH/project_5/project_5.srcs/sources_1/new/CPU_Datapath.v:172]
WARNING: [VRFC 10-3091] actual bit length 2 differs from formal bit length 32 for port 'Q' [C:/XJTU COMPARCH/project_5/project_5.srcs/sources_1/new/CPU_Datapath.v:173]
WARNING: [VRFC 10-3091] actual bit length 1 differs from formal bit length 32 for port 'Q' [C:/XJTU COMPARCH/project_5/project_5.srcs/sources_1/new/CPU_Datapath.v:225]
WARNING: [VRFC 10-3091] actual bit length 1 differs from formal bit length 32 for port 'Q' [C:/XJTU COMPARCH/project_5/project_5.srcs/sources_1/new/CPU_Datapath.v:226]
WARNING: [VRFC 10-3091] actual bit length 1 differs from formal bit length 32 for port 'Q' [C:/XJTU COMPARCH/project_5/project_5.srcs/sources_1/new/CPU_Datapath.v:227]
WARNING: [VRFC 10-3091] actual bit length 2 differs from formal bit length 32 for port 'Q' [C:/XJTU COMPARCH/project_5/project_5.srcs/sources_1/new/CPU_Datapath.v:228]
WARNING: [VRFC 10-3091] actual bit length 1 differs from formal bit length 32 for port 'Q' [C:/XJTU COMPARCH/project_5/project_5.srcs/sources_1/new/CPU_Datapath.v:244]
WARNING: [VRFC 10-3091] actual bit length 2 differs from formal bit length 32 for port 'Q' [C:/XJTU COMPARCH/project_5/project_5.srcs/sources_1/new/CPU_Datapath.v:245]
Completed static elaboration
Starting simulation data flow analysis
Completed simulation data flow analysis
Time Resolution for simulation is 1ps
Compiling module xil_defaultlib.IMem
Compiling module xil_defaultlib.Register
Compiling module xil_defaultlib.MainDsc
Compiling module xil_defaultlib.ControlLogic_ID
Compiling module xil_defaultlib.RegFile
Compiling module xil_defaultlib.ImmGen
Compiling module xil_defaultlib.ALU
Compiling module xil_defaultlib.MainDsc_EX
Compiling module xil_defaultlib.ControlLogic_EX
Compiling module xil_defaultlib.BranchComp
Compiling module xil_defaultlib.FourWaySACache
Compiling module xil_defaultlib.RAM_4Kx32_default
Compiling module xil_defaultlib.DMem
Compiling module xil_defaultlib.CPU_Datapath
Compiling module xil_defaultlib.CPU_sim
Compiling module xil_defaultlib.glbl
Built simulation snapshot CPU_sim_behav
INFO: [USF-XSim-69] 'elaborate' step finished in '1' seconds
INFO: [USF-XSim-4] XSim::Simulate design
INFO: [USF-XSim-61] Executing 'SIMULATE' step in 'C:/XJTU COMPARCH/project_5/project_5.sim/sim_1/behav/xsim'
INFO: [USF-XSim-98] *** Running xsim
   with args "CPU_sim_behav -key {Behavioral:sim_1:Functional:CPU_sim} -tclbatch {CPU_sim.tcl} -view {{C:/XJTU COMPARCH/project_5/CPU_sim_behav.wcfg}} -log {simulate.log}"
INFO: [USF-XSim-8] Loading simulator feature
Vivado Simulator 2019.2
Time resolution is 1 ps
open_wave_config {C:/XJTU COMPARCH/project_5/CPU_sim_behav.wcfg}
source CPU_sim.tcl
# set curr_wave [current_wave_config]
# if { [string length $curr_wave] == 0 } {
#   if { [llength [get_objects]] > 0} {
#     add_wave /
#     set_property needs_save false [current_wave_config]
#   } else {
#      send_msg_id Add_Wave-1 WARNING "No top level signals found. Simulator will start without a wave window. If you want to open a wave window go to 'File->New Waveform Configuration' or type 'create_wave_config' in the TCL console."
#   }
# }
# run 1000ns
INFO: [USF-XSim-96] XSim completed. Design snapshot 'CPU_sim_behav' loaded.
INFO: [USF-XSim-97] XSim simulation ran for 1000ns
launch_simulation: Time (s): cpu = 00:00:01 ; elapsed = 00:00:08 . Memory (MB): peak = 12716.434 ; gain = 0.000
restart
INFO: [Simtcl 6-17] Simulation restarted
run 10 ns
run 10 ns
run 10 ns
run 10 ns
run 10 ns
run 10 ns
run 10 ns
run 10 ns
run 10 ns
run 10 ns
run 10 ns
run 10 ns
run 10 ns
run 10 ns
run 10 ns
run 10 ns
run 10 ns
run 10 ns
run 10 ns
run 10 ns
run 10 ns
run 10 ns
run 10 ns
run 10 ns
run 10 ns
run 10 ns
run 10 ns
run 10 ns
run 10 ns
run 10 ns
run 10 ns
run 10 ns
run 10 ns
run 10 ns
run 10 ns
run 10 ns
run 10 ns
run 10 ns
run 10 ns
run 10 ns
run 10 ns
run 10 ns
run 10 ns
run 10 ns
run 10 ns
run 10 ns
run 10 ns
run 10 ns
run 10 ns
run 10 ns
run 10 ns
run 10 ns
run 10 ns
run 10 ns
run 10 ns
run 10 ns
run 10 ns
run 10 ns
run 10 ns
run 10 ns
run 10 ns
run 10 ns
run 10 ns
run 10 ns
run 10 ns
run 10 ns
run 10 ns
run 10 ns
run 10 ns
run 10 ns
run 10 ns
run 10 ns
run 10 ns
run 10 ns
run 10 ns
restart
INFO: [Simtcl 6-17] Simulation restarted
run 10 ns
run 10 ns
run 10 ns
run 10 ns
run 10 ns
run 10 ns
run 10 ns
run 10 ns
run 10 ns
run 10 ns
run 10 ns
run 10 ns
run 10 ns
run 10 ns
run 10 ns
run 10 ns
run 10 ns
run 10 ns
run 10 ns
run 10 ns
run 10 ns
run 10 ns
run 10 ns
run 10 ns
run 10 ns
run 10 ns
run 10 ns
run 10 ns
run 10 ns
run 10 ns
run 10 ns
run 10 ns
run 10 ns
run 10 ns
run 10 ns
run 10 ns
run 10 ns
run 10 ns
run 10 ns
run 10 ns
run 10 ns
run 10 ns
run 10 ns
run 10 ns
run 10 ns
run 10 ns
run 10 ns
run 10 ns
run 10 ns
run 10 ns
run 10 ns
restart
INFO: [Simtcl 6-17] Simulation restarted
run 10 ns
run 10 ns
run 10 ns
run 10 ns
run 10 ns
run 10 ns
run 10 ns
run 10 ns
run 10 ns
run 10 ns
run 10 ns
run 10 ns
run 10 ns
run 10 ns
run 10 ns
run 10 ns
run 10 ns
run 10 ns
run 10 ns
run 10 ns
run 10 ns
run 10 ns
run 10 ns
run 10 ns
run 10 ns
run 10 ns
run 10 ns
run 10 ns
run 10 ns
run 10 ns
run 10 ns
run 10 ns
run 10 ns
run 10 ns
run 10 ns
run 10 ns
run 10 ns
run 10 ns
run 10 ns
run 10 ns
run 10 ns
run 10 ns
run 10 ns
run 10 ns
run 10 ns
run 10 ns
run 10 ns
run 10 ns
run 10 ns
run 10 ns
close_sim
INFO: [Simtcl 6-16] Simulation closed
launch_simulation
Command: launch_simulation 
INFO: [Vivado 12-5682] Launching behavioral simulation in 'C:/XJTU COMPARCH/project_5/project_5.sim/sim_1/behav/xsim'
INFO: [SIM-utils-51] Simulation object is 'sim_1'
INFO: [SIM-utils-54] Inspecting design source files for 'CPU_sim' in fileset 'sim_1'...
INFO: [USF-XSim-97] Finding global include files...
INFO: [USF-XSim-98] Fetching design files from 'sim_1'...
INFO: [USF-XSim-2] XSim::Compile design
INFO: [USF-XSim-61] Executing 'COMPILE and ANALYZE' step in 'C:/XJTU COMPARCH/project_5/project_5.sim/sim_1/behav/xsim'
"xvlog --incr --relax -prj CPU_sim_vlog.prj"
INFO: [VRFC 10-2263] Analyzing Verilog file "C:/XJTU COMPARCH/project_5/project_5.srcs/sources_1/new/ALU.v" into library xil_defaultlib
INFO: [VRFC 10-311] analyzing module ALU
INFO: [VRFC 10-2263] Analyzing Verilog file "C:/XJTU COMPARCH/project_5/project_5.srcs/sources_1/new/BranchComp.v" into library xil_defaultlib
INFO: [VRFC 10-311] analyzing module BranchComp
INFO: [VRFC 10-2263] Analyzing Verilog file "C:/XJTU COMPARCH/project_5/project_5.srcs/sources_1/new/CPU_Datapath.v" into library xil_defaultlib
INFO: [VRFC 10-311] analyzing module CPU_Datapath
INFO: [VRFC 10-2263] Analyzing Verilog file "C:/XJTU COMPARCH/project_5/project_5.srcs/sources_1/new/ControlLogic_EX.v" into library xil_defaultlib
INFO: [VRFC 10-311] analyzing module ControlLogic_EX
INFO: [VRFC 10-2263] Analyzing Verilog file "C:/XJTU COMPARCH/project_5/project_5.srcs/sources_1/new/ControlLogic_ID.v" into library xil_defaultlib
INFO: [VRFC 10-311] analyzing module ControlLogic_ID
INFO: [VRFC 10-2263] Analyzing Verilog file "C:/XJTU COMPARCH/project_5/project_5.srcs/sources_1/new/DMem.v" into library xil_defaultlib
INFO: [VRFC 10-311] analyzing module DMem
INFO: [VRFC 10-2263] Analyzing Verilog file "C:/XJTU COMPARCH/project_5/project_5.srcs/sources_1/new/FourWaySACache.v" into library xil_defaultlib
INFO: [VRFC 10-311] analyzing module FourWaySACache
INFO: [VRFC 10-2263] Analyzing Verilog file "C:/XJTU COMPARCH/project_5/project_5.srcs/sources_1/new/IMem.v" into library xil_defaultlib
INFO: [VRFC 10-311] analyzing module IMem
INFO: [VRFC 10-2263] Analyzing Verilog file "C:/XJTU COMPARCH/project_5/project_5.srcs/sources_1/new/ImmGen.v" into library xil_defaultlib
INFO: [VRFC 10-311] analyzing module ImmGen
INFO: [VRFC 10-2263] Analyzing Verilog file "C:/XJTU COMPARCH/project_5/project_5.srcs/sources_1/new/MainDsc.v" into library xil_defaultlib
INFO: [VRFC 10-311] analyzing module MainDsc
INFO: [VRFC 10-2263] Analyzing Verilog file "C:/XJTU COMPARCH/project_5/project_5.srcs/sources_1/new/MainDsc_EX.v" into library xil_defaultlib
INFO: [VRFC 10-311] analyzing module MainDsc_EX
INFO: [VRFC 10-2263] Analyzing Verilog file "C:/XJTU COMPARCH/project_5/project_5.srcs/sources_1/new/RAM_4Kx32.v" into library xil_defaultlib
INFO: [VRFC 10-311] analyzing module RAM_4Kx32
INFO: [VRFC 10-2263] Analyzing Verilog file "C:/XJTU COMPARCH/project_5/project_5.srcs/sources_1/new/RegFile.v" into library xil_defaultlib
INFO: [VRFC 10-311] analyzing module RegFile
INFO: [VRFC 10-2263] Analyzing Verilog file "C:/XJTU COMPARCH/project_5/project_5.srcs/sources_1/new/Register.v" into library xil_defaultlib
INFO: [VRFC 10-311] analyzing module Register
INFO: [VRFC 10-2263] Analyzing Verilog file "C:/XJTU COMPARCH/project_5/project_5.srcs/sim_1/new/CPU_sim.v" into library xil_defaultlib
INFO: [VRFC 10-311] analyzing module CPU_sim
INFO: [USF-XSim-69] 'compile' step finished in '1' seconds
INFO: [USF-XSim-3] XSim::Elaborate design
INFO: [USF-XSim-61] Executing 'ELABORATE' step in 'C:/XJTU COMPARCH/project_5/project_5.sim/sim_1/behav/xsim'
"xelab -wto f1795959e9ee4683ab0147d6093c81ff --incr --debug typical --relax --mt 2 -L xil_defaultlib -L unisims_ver -L unimacro_ver -L secureip --snapshot CPU_sim_behav xil_defaultlib.CPU_sim xil_defaultlib.glbl -log elaborate.log"
Vivado Simulator 2019.2
Copyright 1986-1999, 2001-2019 Xilinx, Inc. All Rights Reserved.
Running: C:/Xilinx2019/Vivado/2019.2/bin/unwrapped/win64.o/xelab.exe -wto f1795959e9ee4683ab0147d6093c81ff --incr --debug typical --relax --mt 2 -L xil_defaultlib -L unisims_ver -L unimacro_ver -L secureip --snapshot CPU_sim_behav xil_defaultlib.CPU_sim xil_defaultlib.glbl -log elaborate.log 
Using 2 slave threads.
Starting static elaboration
Pass Through NonSizing Optimizer
WARNING: [VRFC 10-3091] actual bit length 1 differs from formal bit length 32 for port 'Q' [C:/XJTU COMPARCH/project_5/project_5.srcs/sources_1/new/CPU_Datapath.v:165]
WARNING: [VRFC 10-3091] actual bit length 3 differs from formal bit length 32 for port 'Q' [C:/XJTU COMPARCH/project_5/project_5.srcs/sources_1/new/CPU_Datapath.v:166]
WARNING: [VRFC 10-3091] actual bit length 1 differs from formal bit length 32 for port 'Q' [C:/XJTU COMPARCH/project_5/project_5.srcs/sources_1/new/CPU_Datapath.v:167]
WARNING: [VRFC 10-3091] actual bit length 1 differs from formal bit length 32 for port 'Q' [C:/XJTU COMPARCH/project_5/project_5.srcs/sources_1/new/CPU_Datapath.v:168]
WARNING: [VRFC 10-3091] actual bit length 1 differs from formal bit length 32 for port 'Q' [C:/XJTU COMPARCH/project_5/project_5.srcs/sources_1/new/CPU_Datapath.v:169]
WARNING: [VRFC 10-3091] actual bit length 4 differs from formal bit length 32 for port 'Q' [C:/XJTU COMPARCH/project_5/project_5.srcs/sources_1/new/CPU_Datapath.v:170]
WARNING: [VRFC 10-3091] actual bit length 1 differs from formal bit length 32 for port 'Q' [C:/XJTU COMPARCH/project_5/project_5.srcs/sources_1/new/CPU_Datapath.v:171]
WARNING: [VRFC 10-3091] actual bit length 1 differs from formal bit length 32 for port 'Q' [C:/XJTU COMPARCH/project_5/project_5.srcs/sources_1/new/CPU_Datapath.v:172]
WARNING: [VRFC 10-3091] actual bit length 2 differs from formal bit length 32 for port 'Q' [C:/XJTU COMPARCH/project_5/project_5.srcs/sources_1/new/CPU_Datapath.v:173]
WARNING: [VRFC 10-3091] actual bit length 1 differs from formal bit length 32 for port 'Q' [C:/XJTU COMPARCH/project_5/project_5.srcs/sources_1/new/CPU_Datapath.v:225]
WARNING: [VRFC 10-3091] actual bit length 1 differs from formal bit length 32 for port 'Q' [C:/XJTU COMPARCH/project_5/project_5.srcs/sources_1/new/CPU_Datapath.v:226]
WARNING: [VRFC 10-3091] actual bit length 1 differs from formal bit length 32 for port 'Q' [C:/XJTU COMPARCH/project_5/project_5.srcs/sources_1/new/CPU_Datapath.v:227]
WARNING: [VRFC 10-3091] actual bit length 2 differs from formal bit length 32 for port 'Q' [C:/XJTU COMPARCH/project_5/project_5.srcs/sources_1/new/CPU_Datapath.v:228]
WARNING: [VRFC 10-3091] actual bit length 1 differs from formal bit length 32 for port 'Q' [C:/XJTU COMPARCH/project_5/project_5.srcs/sources_1/new/CPU_Datapath.v:244]
WARNING: [VRFC 10-3091] actual bit length 2 differs from formal bit length 32 for port 'Q' [C:/XJTU COMPARCH/project_5/project_5.srcs/sources_1/new/CPU_Datapath.v:245]
Completed static elaboration
Starting simulation data flow analysis
Completed simulation data flow analysis
Time Resolution for simulation is 1ps
Compiling module xil_defaultlib.IMem
Compiling module xil_defaultlib.Register
Compiling module xil_defaultlib.MainDsc
Compiling module xil_defaultlib.ControlLogic_ID
Compiling module xil_defaultlib.RegFile
Compiling module xil_defaultlib.ImmGen
Compiling module xil_defaultlib.ALU
Compiling module xil_defaultlib.MainDsc_EX
Compiling module xil_defaultlib.ControlLogic_EX
Compiling module xil_defaultlib.BranchComp
Compiling module xil_defaultlib.FourWaySACache
Compiling module xil_defaultlib.RAM_4Kx32_default
Compiling module xil_defaultlib.DMem
Compiling module xil_defaultlib.CPU_Datapath
Compiling module xil_defaultlib.CPU_sim
Compiling module xil_defaultlib.glbl
Built simulation snapshot CPU_sim_behav
INFO: [USF-XSim-69] 'elaborate' step finished in '2' seconds
INFO: [USF-XSim-4] XSim::Simulate design
INFO: [USF-XSim-61] Executing 'SIMULATE' step in 'C:/XJTU COMPARCH/project_5/project_5.sim/sim_1/behav/xsim'
INFO: [USF-XSim-98] *** Running xsim
   with args "CPU_sim_behav -key {Behavioral:sim_1:Functional:CPU_sim} -tclbatch {CPU_sim.tcl} -view {{C:/XJTU COMPARCH/project_5/CPU_sim_behav.wcfg}} -log {simulate.log}"
INFO: [USF-XSim-8] Loading simulator feature
Vivado Simulator 2019.2
Time resolution is 1 ps
open_wave_config {C:/XJTU COMPARCH/project_5/CPU_sim_behav.wcfg}
source CPU_sim.tcl
# set curr_wave [current_wave_config]
# if { [string length $curr_wave] == 0 } {
#   if { [llength [get_objects]] > 0} {
#     add_wave /
#     set_property needs_save false [current_wave_config]
#   } else {
#      send_msg_id Add_Wave-1 WARNING "No top level signals found. Simulator will start without a wave window. If you want to open a wave window go to 'File->New Waveform Configuration' or type 'create_wave_config' in the TCL console."
#   }
# }
# run 1000ns
INFO: [USF-XSim-96] XSim completed. Design snapshot 'CPU_sim_behav' loaded.
INFO: [USF-XSim-97] XSim simulation ran for 1000ns
launch_simulation: Time (s): cpu = 00:00:01 ; elapsed = 00:00:07 . Memory (MB): peak = 12716.434 ; gain = 0.000
close_sim
INFO: [Simtcl 6-16] Simulation closed
launch_simulation
Command: launch_simulation 
INFO: [Vivado 12-5682] Launching behavioral simulation in 'C:/XJTU COMPARCH/project_5/project_5.sim/sim_1/behav/xsim'
INFO: [SIM-utils-51] Simulation object is 'sim_1'
INFO: [SIM-utils-54] Inspecting design source files for 'CPU_sim' in fileset 'sim_1'...
INFO: [USF-XSim-97] Finding global include files...
INFO: [USF-XSim-98] Fetching design files from 'sim_1'...
INFO: [USF-XSim-2] XSim::Compile design
INFO: [USF-XSim-61] Executing 'COMPILE and ANALYZE' step in 'C:/XJTU COMPARCH/project_5/project_5.sim/sim_1/behav/xsim'
"xvlog --incr --relax -prj CPU_sim_vlog.prj"
INFO: [VRFC 10-2263] Analyzing Verilog file "C:/XJTU COMPARCH/project_5/project_5.srcs/sources_1/new/ALU.v" into library xil_defaultlib
INFO: [VRFC 10-311] analyzing module ALU
INFO: [VRFC 10-2263] Analyzing Verilog file "C:/XJTU COMPARCH/project_5/project_5.srcs/sources_1/new/BranchComp.v" into library xil_defaultlib
INFO: [VRFC 10-311] analyzing module BranchComp
INFO: [VRFC 10-2263] Analyzing Verilog file "C:/XJTU COMPARCH/project_5/project_5.srcs/sources_1/new/CPU_Datapath.v" into library xil_defaultlib
INFO: [VRFC 10-311] analyzing module CPU_Datapath
INFO: [VRFC 10-2263] Analyzing Verilog file "C:/XJTU COMPARCH/project_5/project_5.srcs/sources_1/new/ControlLogic_EX.v" into library xil_defaultlib
INFO: [VRFC 10-311] analyzing module ControlLogic_EX
INFO: [VRFC 10-2263] Analyzing Verilog file "C:/XJTU COMPARCH/project_5/project_5.srcs/sources_1/new/ControlLogic_ID.v" into library xil_defaultlib
INFO: [VRFC 10-311] analyzing module ControlLogic_ID
INFO: [VRFC 10-2263] Analyzing Verilog file "C:/XJTU COMPARCH/project_5/project_5.srcs/sources_1/new/DMem.v" into library xil_defaultlib
INFO: [VRFC 10-311] analyzing module DMem
INFO: [VRFC 10-2263] Analyzing Verilog file "C:/XJTU COMPARCH/project_5/project_5.srcs/sources_1/new/FourWaySACache.v" into library xil_defaultlib
INFO: [VRFC 10-311] analyzing module FourWaySACache
INFO: [VRFC 10-2263] Analyzing Verilog file "C:/XJTU COMPARCH/project_5/project_5.srcs/sources_1/new/IMem.v" into library xil_defaultlib
INFO: [VRFC 10-311] analyzing module IMem
INFO: [VRFC 10-2263] Analyzing Verilog file "C:/XJTU COMPARCH/project_5/project_5.srcs/sources_1/new/ImmGen.v" into library xil_defaultlib
INFO: [VRFC 10-311] analyzing module ImmGen
INFO: [VRFC 10-2263] Analyzing Verilog file "C:/XJTU COMPARCH/project_5/project_5.srcs/sources_1/new/MainDsc.v" into library xil_defaultlib
INFO: [VRFC 10-311] analyzing module MainDsc
INFO: [VRFC 10-2263] Analyzing Verilog file "C:/XJTU COMPARCH/project_5/project_5.srcs/sources_1/new/MainDsc_EX.v" into library xil_defaultlib
INFO: [VRFC 10-311] analyzing module MainDsc_EX
INFO: [VRFC 10-2263] Analyzing Verilog file "C:/XJTU COMPARCH/project_5/project_5.srcs/sources_1/new/RAM_4Kx32.v" into library xil_defaultlib
INFO: [VRFC 10-311] analyzing module RAM_4Kx32
INFO: [VRFC 10-2263] Analyzing Verilog file "C:/XJTU COMPARCH/project_5/project_5.srcs/sources_1/new/RegFile.v" into library xil_defaultlib
INFO: [VRFC 10-311] analyzing module RegFile
INFO: [VRFC 10-2263] Analyzing Verilog file "C:/XJTU COMPARCH/project_5/project_5.srcs/sources_1/new/Register.v" into library xil_defaultlib
INFO: [VRFC 10-311] analyzing module Register
INFO: [VRFC 10-2263] Analyzing Verilog file "C:/XJTU COMPARCH/project_5/project_5.srcs/sim_1/new/CPU_sim.v" into library xil_defaultlib
INFO: [VRFC 10-311] analyzing module CPU_sim
INFO: [USF-XSim-69] 'compile' step finished in '1' seconds
INFO: [USF-XSim-3] XSim::Elaborate design
INFO: [USF-XSim-61] Executing 'ELABORATE' step in 'C:/XJTU COMPARCH/project_5/project_5.sim/sim_1/behav/xsim'
"xelab -wto f1795959e9ee4683ab0147d6093c81ff --incr --debug typical --relax --mt 2 -L xil_defaultlib -L unisims_ver -L unimacro_ver -L secureip --snapshot CPU_sim_behav xil_defaultlib.CPU_sim xil_defaultlib.glbl -log elaborate.log"
Vivado Simulator 2019.2
Copyright 1986-1999, 2001-2019 Xilinx, Inc. All Rights Reserved.
Running: C:/Xilinx2019/Vivado/2019.2/bin/unwrapped/win64.o/xelab.exe -wto f1795959e9ee4683ab0147d6093c81ff --incr --debug typical --relax --mt 2 -L xil_defaultlib -L unisims_ver -L unimacro_ver -L secureip --snapshot CPU_sim_behav xil_defaultlib.CPU_sim xil_defaultlib.glbl -log elaborate.log 
Using 2 slave threads.
Starting static elaboration
Pass Through NonSizing Optimizer
WARNING: [VRFC 10-3091] actual bit length 1 differs from formal bit length 32 for port 'Q' [C:/XJTU COMPARCH/project_5/project_5.srcs/sources_1/new/CPU_Datapath.v:165]
WARNING: [VRFC 10-3091] actual bit length 3 differs from formal bit length 32 for port 'Q' [C:/XJTU COMPARCH/project_5/project_5.srcs/sources_1/new/CPU_Datapath.v:166]
WARNING: [VRFC 10-3091] actual bit length 1 differs from formal bit length 32 for port 'Q' [C:/XJTU COMPARCH/project_5/project_5.srcs/sources_1/new/CPU_Datapath.v:167]
WARNING: [VRFC 10-3091] actual bit length 1 differs from formal bit length 32 for port 'Q' [C:/XJTU COMPARCH/project_5/project_5.srcs/sources_1/new/CPU_Datapath.v:168]
WARNING: [VRFC 10-3091] actual bit length 1 differs from formal bit length 32 for port 'Q' [C:/XJTU COMPARCH/project_5/project_5.srcs/sources_1/new/CPU_Datapath.v:169]
WARNING: [VRFC 10-3091] actual bit length 4 differs from formal bit length 32 for port 'Q' [C:/XJTU COMPARCH/project_5/project_5.srcs/sources_1/new/CPU_Datapath.v:170]
WARNING: [VRFC 10-3091] actual bit length 1 differs from formal bit length 32 for port 'Q' [C:/XJTU COMPARCH/project_5/project_5.srcs/sources_1/new/CPU_Datapath.v:171]
WARNING: [VRFC 10-3091] actual bit length 1 differs from formal bit length 32 for port 'Q' [C:/XJTU COMPARCH/project_5/project_5.srcs/sources_1/new/CPU_Datapath.v:172]
WARNING: [VRFC 10-3091] actual bit length 2 differs from formal bit length 32 for port 'Q' [C:/XJTU COMPARCH/project_5/project_5.srcs/sources_1/new/CPU_Datapath.v:173]
WARNING: [VRFC 10-3091] actual bit length 1 differs from formal bit length 32 for port 'Q' [C:/XJTU COMPARCH/project_5/project_5.srcs/sources_1/new/CPU_Datapath.v:225]
WARNING: [VRFC 10-3091] actual bit length 1 differs from formal bit length 32 for port 'Q' [C:/XJTU COMPARCH/project_5/project_5.srcs/sources_1/new/CPU_Datapath.v:226]
WARNING: [VRFC 10-3091] actual bit length 1 differs from formal bit length 32 for port 'Q' [C:/XJTU COMPARCH/project_5/project_5.srcs/sources_1/new/CPU_Datapath.v:227]
WARNING: [VRFC 10-3091] actual bit length 2 differs from formal bit length 32 for port 'Q' [C:/XJTU COMPARCH/project_5/project_5.srcs/sources_1/new/CPU_Datapath.v:228]
WARNING: [VRFC 10-3091] actual bit length 1 differs from formal bit length 32 for port 'Q' [C:/XJTU COMPARCH/project_5/project_5.srcs/sources_1/new/CPU_Datapath.v:244]
WARNING: [VRFC 10-3091] actual bit length 2 differs from formal bit length 32 for port 'Q' [C:/XJTU COMPARCH/project_5/project_5.srcs/sources_1/new/CPU_Datapath.v:245]
Completed static elaboration
Starting simulation data flow analysis
Completed simulation data flow analysis
Time Resolution for simulation is 1ps
Compiling module xil_defaultlib.IMem
Compiling module xil_defaultlib.Register
Compiling module xil_defaultlib.MainDsc
Compiling module xil_defaultlib.ControlLogic_ID
Compiling module xil_defaultlib.RegFile
Compiling module xil_defaultlib.ImmGen
Compiling module xil_defaultlib.ALU
Compiling module xil_defaultlib.MainDsc_EX
Compiling module xil_defaultlib.ControlLogic_EX
Compiling module xil_defaultlib.BranchComp
Compiling module xil_defaultlib.FourWaySACache
Compiling module xil_defaultlib.RAM_4Kx32_default
Compiling module xil_defaultlib.DMem
Compiling module xil_defaultlib.CPU_Datapath
Compiling module xil_defaultlib.CPU_sim
Compiling module xil_defaultlib.glbl
Built simulation snapshot CPU_sim_behav
INFO: [USF-XSim-69] 'elaborate' step finished in '2' seconds
INFO: [USF-XSim-4] XSim::Simulate design
INFO: [USF-XSim-61] Executing 'SIMULATE' step in 'C:/XJTU COMPARCH/project_5/project_5.sim/sim_1/behav/xsim'
INFO: [USF-XSim-98] *** Running xsim
   with args "CPU_sim_behav -key {Behavioral:sim_1:Functional:CPU_sim} -tclbatch {CPU_sim.tcl} -view {{C:/XJTU COMPARCH/project_5/CPU_sim_behav.wcfg}} -log {simulate.log}"
INFO: [USF-XSim-8] Loading simulator feature
Vivado Simulator 2019.2
Time resolution is 1 ps
open_wave_config {C:/XJTU COMPARCH/project_5/CPU_sim_behav.wcfg}
source CPU_sim.tcl
# set curr_wave [current_wave_config]
# if { [string length $curr_wave] == 0 } {
#   if { [llength [get_objects]] > 0} {
#     add_wave /
#     set_property needs_save false [current_wave_config]
#   } else {
#      send_msg_id Add_Wave-1 WARNING "No top level signals found. Simulator will start without a wave window. If you want to open a wave window go to 'File->New Waveform Configuration' or type 'create_wave_config' in the TCL console."
#   }
# }
# run 1000ns
INFO: [USF-XSim-96] XSim completed. Design snapshot 'CPU_sim_behav' loaded.
INFO: [USF-XSim-97] XSim simulation ran for 1000ns
launch_simulation: Time (s): cpu = 00:00:01 ; elapsed = 00:00:07 . Memory (MB): peak = 12716.434 ; gain = 0.000
close_sim
INFO: [Simtcl 6-16] Simulation closed
launch_simulation
Command: launch_simulation 
INFO: [Vivado 12-5682] Launching behavioral simulation in 'C:/XJTU COMPARCH/project_5/project_5.sim/sim_1/behav/xsim'
INFO: [SIM-utils-51] Simulation object is 'sim_1'
INFO: [SIM-utils-54] Inspecting design source files for 'CPU_sim' in fileset 'sim_1'...
INFO: [USF-XSim-97] Finding global include files...
INFO: [USF-XSim-98] Fetching design files from 'sim_1'...
INFO: [USF-XSim-2] XSim::Compile design
INFO: [USF-XSim-61] Executing 'COMPILE and ANALYZE' step in 'C:/XJTU COMPARCH/project_5/project_5.sim/sim_1/behav/xsim'
"xvlog --incr --relax -prj CPU_sim_vlog.prj"
INFO: [VRFC 10-2263] Analyzing Verilog file "C:/XJTU COMPARCH/project_5/project_5.srcs/sources_1/new/ALU.v" into library xil_defaultlib
INFO: [VRFC 10-311] analyzing module ALU
INFO: [VRFC 10-2263] Analyzing Verilog file "C:/XJTU COMPARCH/project_5/project_5.srcs/sources_1/new/BranchComp.v" into library xil_defaultlib
INFO: [VRFC 10-311] analyzing module BranchComp
INFO: [VRFC 10-2263] Analyzing Verilog file "C:/XJTU COMPARCH/project_5/project_5.srcs/sources_1/new/CPU_Datapath.v" into library xil_defaultlib
INFO: [VRFC 10-311] analyzing module CPU_Datapath
INFO: [VRFC 10-2263] Analyzing Verilog file "C:/XJTU COMPARCH/project_5/project_5.srcs/sources_1/new/ControlLogic_EX.v" into library xil_defaultlib
INFO: [VRFC 10-311] analyzing module ControlLogic_EX
INFO: [VRFC 10-2263] Analyzing Verilog file "C:/XJTU COMPARCH/project_5/project_5.srcs/sources_1/new/ControlLogic_ID.v" into library xil_defaultlib
INFO: [VRFC 10-311] analyzing module ControlLogic_ID
INFO: [VRFC 10-2263] Analyzing Verilog file "C:/XJTU COMPARCH/project_5/project_5.srcs/sources_1/new/DMem.v" into library xil_defaultlib
INFO: [VRFC 10-311] analyzing module DMem
INFO: [VRFC 10-2263] Analyzing Verilog file "C:/XJTU COMPARCH/project_5/project_5.srcs/sources_1/new/FourWaySACache.v" into library xil_defaultlib
INFO: [VRFC 10-311] analyzing module FourWaySACache
INFO: [VRFC 10-2263] Analyzing Verilog file "C:/XJTU COMPARCH/project_5/project_5.srcs/sources_1/new/IMem.v" into library xil_defaultlib
INFO: [VRFC 10-311] analyzing module IMem
INFO: [VRFC 10-2263] Analyzing Verilog file "C:/XJTU COMPARCH/project_5/project_5.srcs/sources_1/new/ImmGen.v" into library xil_defaultlib
INFO: [VRFC 10-311] analyzing module ImmGen
INFO: [VRFC 10-2263] Analyzing Verilog file "C:/XJTU COMPARCH/project_5/project_5.srcs/sources_1/new/MainDsc.v" into library xil_defaultlib
INFO: [VRFC 10-311] analyzing module MainDsc
INFO: [VRFC 10-2263] Analyzing Verilog file "C:/XJTU COMPARCH/project_5/project_5.srcs/sources_1/new/MainDsc_EX.v" into library xil_defaultlib
INFO: [VRFC 10-311] analyzing module MainDsc_EX
INFO: [VRFC 10-2263] Analyzing Verilog file "C:/XJTU COMPARCH/project_5/project_5.srcs/sources_1/new/RAM_4Kx32.v" into library xil_defaultlib
INFO: [VRFC 10-311] analyzing module RAM_4Kx32
INFO: [VRFC 10-2263] Analyzing Verilog file "C:/XJTU COMPARCH/project_5/project_5.srcs/sources_1/new/RegFile.v" into library xil_defaultlib
INFO: [VRFC 10-311] analyzing module RegFile
INFO: [VRFC 10-2263] Analyzing Verilog file "C:/XJTU COMPARCH/project_5/project_5.srcs/sources_1/new/Register.v" into library xil_defaultlib
INFO: [VRFC 10-311] analyzing module Register
INFO: [VRFC 10-2263] Analyzing Verilog file "C:/XJTU COMPARCH/project_5/project_5.srcs/sim_1/new/CPU_sim.v" into library xil_defaultlib
INFO: [VRFC 10-311] analyzing module CPU_sim
INFO: [USF-XSim-69] 'compile' step finished in '1' seconds
INFO: [USF-XSim-3] XSim::Elaborate design
INFO: [USF-XSim-61] Executing 'ELABORATE' step in 'C:/XJTU COMPARCH/project_5/project_5.sim/sim_1/behav/xsim'
"xelab -wto f1795959e9ee4683ab0147d6093c81ff --incr --debug typical --relax --mt 2 -L xil_defaultlib -L unisims_ver -L unimacro_ver -L secureip --snapshot CPU_sim_behav xil_defaultlib.CPU_sim xil_defaultlib.glbl -log elaborate.log"
Vivado Simulator 2019.2
Copyright 1986-1999, 2001-2019 Xilinx, Inc. All Rights Reserved.
Running: C:/Xilinx2019/Vivado/2019.2/bin/unwrapped/win64.o/xelab.exe -wto f1795959e9ee4683ab0147d6093c81ff --incr --debug typical --relax --mt 2 -L xil_defaultlib -L unisims_ver -L unimacro_ver -L secureip --snapshot CPU_sim_behav xil_defaultlib.CPU_sim xil_defaultlib.glbl -log elaborate.log 
Using 2 slave threads.
Starting static elaboration
Pass Through NonSizing Optimizer
WARNING: [VRFC 10-3091] actual bit length 1 differs from formal bit length 32 for port 'Q' [C:/XJTU COMPARCH/project_5/project_5.srcs/sources_1/new/CPU_Datapath.v:165]
WARNING: [VRFC 10-3091] actual bit length 3 differs from formal bit length 32 for port 'Q' [C:/XJTU COMPARCH/project_5/project_5.srcs/sources_1/new/CPU_Datapath.v:166]
WARNING: [VRFC 10-3091] actual bit length 1 differs from formal bit length 32 for port 'Q' [C:/XJTU COMPARCH/project_5/project_5.srcs/sources_1/new/CPU_Datapath.v:167]
WARNING: [VRFC 10-3091] actual bit length 1 differs from formal bit length 32 for port 'Q' [C:/XJTU COMPARCH/project_5/project_5.srcs/sources_1/new/CPU_Datapath.v:168]
WARNING: [VRFC 10-3091] actual bit length 1 differs from formal bit length 32 for port 'Q' [C:/XJTU COMPARCH/project_5/project_5.srcs/sources_1/new/CPU_Datapath.v:169]
WARNING: [VRFC 10-3091] actual bit length 4 differs from formal bit length 32 for port 'Q' [C:/XJTU COMPARCH/project_5/project_5.srcs/sources_1/new/CPU_Datapath.v:170]
WARNING: [VRFC 10-3091] actual bit length 1 differs from formal bit length 32 for port 'Q' [C:/XJTU COMPARCH/project_5/project_5.srcs/sources_1/new/CPU_Datapath.v:171]
WARNING: [VRFC 10-3091] actual bit length 1 differs from formal bit length 32 for port 'Q' [C:/XJTU COMPARCH/project_5/project_5.srcs/sources_1/new/CPU_Datapath.v:172]
WARNING: [VRFC 10-3091] actual bit length 2 differs from formal bit length 32 for port 'Q' [C:/XJTU COMPARCH/project_5/project_5.srcs/sources_1/new/CPU_Datapath.v:173]
WARNING: [VRFC 10-3091] actual bit length 1 differs from formal bit length 32 for port 'Q' [C:/XJTU COMPARCH/project_5/project_5.srcs/sources_1/new/CPU_Datapath.v:225]
WARNING: [VRFC 10-3091] actual bit length 1 differs from formal bit length 32 for port 'Q' [C:/XJTU COMPARCH/project_5/project_5.srcs/sources_1/new/CPU_Datapath.v:226]
WARNING: [VRFC 10-3091] actual bit length 1 differs from formal bit length 32 for port 'Q' [C:/XJTU COMPARCH/project_5/project_5.srcs/sources_1/new/CPU_Datapath.v:227]
WARNING: [VRFC 10-3091] actual bit length 2 differs from formal bit length 32 for port 'Q' [C:/XJTU COMPARCH/project_5/project_5.srcs/sources_1/new/CPU_Datapath.v:228]
WARNING: [VRFC 10-3091] actual bit length 1 differs from formal bit length 32 for port 'Q' [C:/XJTU COMPARCH/project_5/project_5.srcs/sources_1/new/CPU_Datapath.v:244]
WARNING: [VRFC 10-3091] actual bit length 2 differs from formal bit length 32 for port 'Q' [C:/XJTU COMPARCH/project_5/project_5.srcs/sources_1/new/CPU_Datapath.v:245]
Completed static elaboration
Starting simulation data flow analysis
Completed simulation data flow analysis
Time Resolution for simulation is 1ps
Compiling module xil_defaultlib.IMem
Compiling module xil_defaultlib.Register
Compiling module xil_defaultlib.MainDsc
Compiling module xil_defaultlib.ControlLogic_ID
Compiling module xil_defaultlib.RegFile
Compiling module xil_defaultlib.ImmGen
Compiling module xil_defaultlib.ALU
Compiling module xil_defaultlib.MainDsc_EX
Compiling module xil_defaultlib.ControlLogic_EX
Compiling module xil_defaultlib.BranchComp
Compiling module xil_defaultlib.FourWaySACache
Compiling module xil_defaultlib.RAM_4Kx32_default
Compiling module xil_defaultlib.DMem
Compiling module xil_defaultlib.CPU_Datapath
Compiling module xil_defaultlib.CPU_sim
Compiling module xil_defaultlib.glbl
Built simulation snapshot CPU_sim_behav
INFO: [USF-XSim-69] 'elaborate' step finished in '2' seconds
INFO: [USF-XSim-4] XSim::Simulate design
INFO: [USF-XSim-61] Executing 'SIMULATE' step in 'C:/XJTU COMPARCH/project_5/project_5.sim/sim_1/behav/xsim'
INFO: [USF-XSim-98] *** Running xsim
   with args "CPU_sim_behav -key {Behavioral:sim_1:Functional:CPU_sim} -tclbatch {CPU_sim.tcl} -view {{C:/XJTU COMPARCH/project_5/CPU_sim_behav.wcfg}} -log {simulate.log}"
INFO: [USF-XSim-8] Loading simulator feature
Vivado Simulator 2019.2
Time resolution is 1 ps
open_wave_config {C:/XJTU COMPARCH/project_5/CPU_sim_behav.wcfg}
source CPU_sim.tcl
# set curr_wave [current_wave_config]
# if { [string length $curr_wave] == 0 } {
#   if { [llength [get_objects]] > 0} {
#     add_wave /
#     set_property needs_save false [current_wave_config]
#   } else {
#      send_msg_id Add_Wave-1 WARNING "No top level signals found. Simulator will start without a wave window. If you want to open a wave window go to 'File->New Waveform Configuration' or type 'create_wave_config' in the TCL console."
#   }
# }
# run 1000ns
INFO: [USF-XSim-96] XSim completed. Design snapshot 'CPU_sim_behav' loaded.
INFO: [USF-XSim-97] XSim simulation ran for 1000ns
launch_simulation: Time (s): cpu = 00:00:01 ; elapsed = 00:00:07 . Memory (MB): peak = 12716.434 ; gain = 0.000
close_sim
INFO: [Simtcl 6-16] Simulation closed
launch_simulation
Command: launch_simulation 
INFO: [Vivado 12-5682] Launching behavioral simulation in 'C:/XJTU COMPARCH/project_5/project_5.sim/sim_1/behav/xsim'
INFO: [SIM-utils-51] Simulation object is 'sim_1'
INFO: [SIM-utils-54] Inspecting design source files for 'CPU_sim' in fileset 'sim_1'...
INFO: [USF-XSim-97] Finding global include files...
INFO: [USF-XSim-98] Fetching design files from 'sim_1'...
INFO: [USF-XSim-2] XSim::Compile design
INFO: [USF-XSim-61] Executing 'COMPILE and ANALYZE' step in 'C:/XJTU COMPARCH/project_5/project_5.sim/sim_1/behav/xsim'
"xvlog --incr --relax -prj CPU_sim_vlog.prj"
INFO: [VRFC 10-2263] Analyzing Verilog file "C:/XJTU COMPARCH/project_5/project_5.srcs/sources_1/new/ALU.v" into library xil_defaultlib
INFO: [VRFC 10-311] analyzing module ALU
INFO: [VRFC 10-2263] Analyzing Verilog file "C:/XJTU COMPARCH/project_5/project_5.srcs/sources_1/new/BranchComp.v" into library xil_defaultlib
INFO: [VRFC 10-311] analyzing module BranchComp
INFO: [VRFC 10-2263] Analyzing Verilog file "C:/XJTU COMPARCH/project_5/project_5.srcs/sources_1/new/CPU_Datapath.v" into library xil_defaultlib
INFO: [VRFC 10-311] analyzing module CPU_Datapath
INFO: [VRFC 10-2263] Analyzing Verilog file "C:/XJTU COMPARCH/project_5/project_5.srcs/sources_1/new/ControlLogic_EX.v" into library xil_defaultlib
INFO: [VRFC 10-311] analyzing module ControlLogic_EX
INFO: [VRFC 10-2263] Analyzing Verilog file "C:/XJTU COMPARCH/project_5/project_5.srcs/sources_1/new/ControlLogic_ID.v" into library xil_defaultlib
INFO: [VRFC 10-311] analyzing module ControlLogic_ID
INFO: [VRFC 10-2263] Analyzing Verilog file "C:/XJTU COMPARCH/project_5/project_5.srcs/sources_1/new/DMem.v" into library xil_defaultlib
INFO: [VRFC 10-311] analyzing module DMem
INFO: [VRFC 10-2263] Analyzing Verilog file "C:/XJTU COMPARCH/project_5/project_5.srcs/sources_1/new/FourWaySACache.v" into library xil_defaultlib
INFO: [VRFC 10-311] analyzing module FourWaySACache
INFO: [VRFC 10-2263] Analyzing Verilog file "C:/XJTU COMPARCH/project_5/project_5.srcs/sources_1/new/IMem.v" into library xil_defaultlib
INFO: [VRFC 10-311] analyzing module IMem
INFO: [VRFC 10-2263] Analyzing Verilog file "C:/XJTU COMPARCH/project_5/project_5.srcs/sources_1/new/ImmGen.v" into library xil_defaultlib
INFO: [VRFC 10-311] analyzing module ImmGen
INFO: [VRFC 10-2263] Analyzing Verilog file "C:/XJTU COMPARCH/project_5/project_5.srcs/sources_1/new/MainDsc.v" into library xil_defaultlib
INFO: [VRFC 10-311] analyzing module MainDsc
INFO: [VRFC 10-2263] Analyzing Verilog file "C:/XJTU COMPARCH/project_5/project_5.srcs/sources_1/new/MainDsc_EX.v" into library xil_defaultlib
INFO: [VRFC 10-311] analyzing module MainDsc_EX
INFO: [VRFC 10-2263] Analyzing Verilog file "C:/XJTU COMPARCH/project_5/project_5.srcs/sources_1/new/RAM_4Kx32.v" into library xil_defaultlib
INFO: [VRFC 10-311] analyzing module RAM_4Kx32
INFO: [VRFC 10-2263] Analyzing Verilog file "C:/XJTU COMPARCH/project_5/project_5.srcs/sources_1/new/RegFile.v" into library xil_defaultlib
INFO: [VRFC 10-311] analyzing module RegFile
INFO: [VRFC 10-2263] Analyzing Verilog file "C:/XJTU COMPARCH/project_5/project_5.srcs/sources_1/new/Register.v" into library xil_defaultlib
INFO: [VRFC 10-311] analyzing module Register
INFO: [VRFC 10-2263] Analyzing Verilog file "C:/XJTU COMPARCH/project_5/project_5.srcs/sim_1/new/CPU_sim.v" into library xil_defaultlib
INFO: [VRFC 10-311] analyzing module CPU_sim
INFO: [USF-XSim-69] 'compile' step finished in '1' seconds
INFO: [USF-XSim-3] XSim::Elaborate design
INFO: [USF-XSim-61] Executing 'ELABORATE' step in 'C:/XJTU COMPARCH/project_5/project_5.sim/sim_1/behav/xsim'
"xelab -wto f1795959e9ee4683ab0147d6093c81ff --incr --debug typical --relax --mt 2 -L xil_defaultlib -L unisims_ver -L unimacro_ver -L secureip --snapshot CPU_sim_behav xil_defaultlib.CPU_sim xil_defaultlib.glbl -log elaborate.log"
Vivado Simulator 2019.2
Copyright 1986-1999, 2001-2019 Xilinx, Inc. All Rights Reserved.
Running: C:/Xilinx2019/Vivado/2019.2/bin/unwrapped/win64.o/xelab.exe -wto f1795959e9ee4683ab0147d6093c81ff --incr --debug typical --relax --mt 2 -L xil_defaultlib -L unisims_ver -L unimacro_ver -L secureip --snapshot CPU_sim_behav xil_defaultlib.CPU_sim xil_defaultlib.glbl -log elaborate.log 
Using 2 slave threads.
Starting static elaboration
Pass Through NonSizing Optimizer
WARNING: [VRFC 10-3091] actual bit length 1 differs from formal bit length 32 for port 'Q' [C:/XJTU COMPARCH/project_5/project_5.srcs/sources_1/new/CPU_Datapath.v:165]
WARNING: [VRFC 10-3091] actual bit length 3 differs from formal bit length 32 for port 'Q' [C:/XJTU COMPARCH/project_5/project_5.srcs/sources_1/new/CPU_Datapath.v:166]
WARNING: [VRFC 10-3091] actual bit length 1 differs from formal bit length 32 for port 'Q' [C:/XJTU COMPARCH/project_5/project_5.srcs/sources_1/new/CPU_Datapath.v:167]
WARNING: [VRFC 10-3091] actual bit length 1 differs from formal bit length 32 for port 'Q' [C:/XJTU COMPARCH/project_5/project_5.srcs/sources_1/new/CPU_Datapath.v:168]
WARNING: [VRFC 10-3091] actual bit length 1 differs from formal bit length 32 for port 'Q' [C:/XJTU COMPARCH/project_5/project_5.srcs/sources_1/new/CPU_Datapath.v:169]
WARNING: [VRFC 10-3091] actual bit length 4 differs from formal bit length 32 for port 'Q' [C:/XJTU COMPARCH/project_5/project_5.srcs/sources_1/new/CPU_Datapath.v:170]
WARNING: [VRFC 10-3091] actual bit length 1 differs from formal bit length 32 for port 'Q' [C:/XJTU COMPARCH/project_5/project_5.srcs/sources_1/new/CPU_Datapath.v:171]
WARNING: [VRFC 10-3091] actual bit length 1 differs from formal bit length 32 for port 'Q' [C:/XJTU COMPARCH/project_5/project_5.srcs/sources_1/new/CPU_Datapath.v:172]
WARNING: [VRFC 10-3091] actual bit length 2 differs from formal bit length 32 for port 'Q' [C:/XJTU COMPARCH/project_5/project_5.srcs/sources_1/new/CPU_Datapath.v:173]
WARNING: [VRFC 10-3091] actual bit length 1 differs from formal bit length 32 for port 'Q' [C:/XJTU COMPARCH/project_5/project_5.srcs/sources_1/new/CPU_Datapath.v:225]
WARNING: [VRFC 10-3091] actual bit length 1 differs from formal bit length 32 for port 'Q' [C:/XJTU COMPARCH/project_5/project_5.srcs/sources_1/new/CPU_Datapath.v:226]
WARNING: [VRFC 10-3091] actual bit length 1 differs from formal bit length 32 for port 'Q' [C:/XJTU COMPARCH/project_5/project_5.srcs/sources_1/new/CPU_Datapath.v:227]
WARNING: [VRFC 10-3091] actual bit length 2 differs from formal bit length 32 for port 'Q' [C:/XJTU COMPARCH/project_5/project_5.srcs/sources_1/new/CPU_Datapath.v:228]
WARNING: [VRFC 10-3091] actual bit length 1 differs from formal bit length 32 for port 'Q' [C:/XJTU COMPARCH/project_5/project_5.srcs/sources_1/new/CPU_Datapath.v:244]
WARNING: [VRFC 10-3091] actual bit length 2 differs from formal bit length 32 for port 'Q' [C:/XJTU COMPARCH/project_5/project_5.srcs/sources_1/new/CPU_Datapath.v:245]
Completed static elaboration
Starting simulation data flow analysis
Completed simulation data flow analysis
Time Resolution for simulation is 1ps
Compiling module xil_defaultlib.IMem
Compiling module xil_defaultlib.Register
Compiling module xil_defaultlib.MainDsc
Compiling module xil_defaultlib.ControlLogic_ID
Compiling module xil_defaultlib.RegFile
Compiling module xil_defaultlib.ImmGen
Compiling module xil_defaultlib.ALU
Compiling module xil_defaultlib.MainDsc_EX
Compiling module xil_defaultlib.ControlLogic_EX
Compiling module xil_defaultlib.BranchComp
Compiling module xil_defaultlib.FourWaySACache
Compiling module xil_defaultlib.RAM_4Kx32_default
Compiling module xil_defaultlib.DMem
Compiling module xil_defaultlib.CPU_Datapath
Compiling module xil_defaultlib.CPU_sim
Compiling module xil_defaultlib.glbl
Built simulation snapshot CPU_sim_behav
INFO: [USF-XSim-69] 'elaborate' step finished in '3' seconds
INFO: [USF-XSim-4] XSim::Simulate design
INFO: [USF-XSim-61] Executing 'SIMULATE' step in 'C:/XJTU COMPARCH/project_5/project_5.sim/sim_1/behav/xsim'
INFO: [USF-XSim-98] *** Running xsim
   with args "CPU_sim_behav -key {Behavioral:sim_1:Functional:CPU_sim} -tclbatch {CPU_sim.tcl} -view {{C:/XJTU COMPARCH/project_5/CPU_sim_behav.wcfg}} -log {simulate.log}"
INFO: [USF-XSim-8] Loading simulator feature
Vivado Simulator 2019.2
Time resolution is 1 ps
open_wave_config {C:/XJTU COMPARCH/project_5/CPU_sim_behav.wcfg}
source CPU_sim.tcl
# set curr_wave [current_wave_config]
# if { [string length $curr_wave] == 0 } {
#   if { [llength [get_objects]] > 0} {
#     add_wave /
#     set_property needs_save false [current_wave_config]
#   } else {
#      send_msg_id Add_Wave-1 WARNING "No top level signals found. Simulator will start without a wave window. If you want to open a wave window go to 'File->New Waveform Configuration' or type 'create_wave_config' in the TCL console."
#   }
# }
# run 1000ns
INFO: [USF-XSim-96] XSim completed. Design snapshot 'CPU_sim_behav' loaded.
INFO: [USF-XSim-97] XSim simulation ran for 1000ns
launch_simulation: Time (s): cpu = 00:00:02 ; elapsed = 00:00:08 . Memory (MB): peak = 12716.434 ; gain = 0.000
close_sim
INFO: [Simtcl 6-16] Simulation closed
launch_simulation
Command: launch_simulation 
INFO: [Vivado 12-5682] Launching behavioral simulation in 'C:/XJTU COMPARCH/project_5/project_5.sim/sim_1/behav/xsim'
INFO: [SIM-utils-51] Simulation object is 'sim_1'
INFO: [SIM-utils-54] Inspecting design source files for 'CPU_sim' in fileset 'sim_1'...
INFO: [USF-XSim-97] Finding global include files...
INFO: [USF-XSim-98] Fetching design files from 'sim_1'...
INFO: [USF-XSim-2] XSim::Compile design
INFO: [USF-XSim-61] Executing 'COMPILE and ANALYZE' step in 'C:/XJTU COMPARCH/project_5/project_5.sim/sim_1/behav/xsim'
"xvlog --incr --relax -prj CPU_sim_vlog.prj"
INFO: [VRFC 10-2263] Analyzing Verilog file "C:/XJTU COMPARCH/project_5/project_5.srcs/sources_1/new/ALU.v" into library xil_defaultlib
INFO: [VRFC 10-311] analyzing module ALU
INFO: [VRFC 10-2263] Analyzing Verilog file "C:/XJTU COMPARCH/project_5/project_5.srcs/sources_1/new/BranchComp.v" into library xil_defaultlib
INFO: [VRFC 10-311] analyzing module BranchComp
INFO: [VRFC 10-2263] Analyzing Verilog file "C:/XJTU COMPARCH/project_5/project_5.srcs/sources_1/new/CPU_Datapath.v" into library xil_defaultlib
INFO: [VRFC 10-311] analyzing module CPU_Datapath
INFO: [VRFC 10-2263] Analyzing Verilog file "C:/XJTU COMPARCH/project_5/project_5.srcs/sources_1/new/ControlLogic_EX.v" into library xil_defaultlib
INFO: [VRFC 10-311] analyzing module ControlLogic_EX
INFO: [VRFC 10-2263] Analyzing Verilog file "C:/XJTU COMPARCH/project_5/project_5.srcs/sources_1/new/ControlLogic_ID.v" into library xil_defaultlib
INFO: [VRFC 10-311] analyzing module ControlLogic_ID
INFO: [VRFC 10-2263] Analyzing Verilog file "C:/XJTU COMPARCH/project_5/project_5.srcs/sources_1/new/DMem.v" into library xil_defaultlib
INFO: [VRFC 10-311] analyzing module DMem
INFO: [VRFC 10-2263] Analyzing Verilog file "C:/XJTU COMPARCH/project_5/project_5.srcs/sources_1/new/FourWaySACache.v" into library xil_defaultlib
INFO: [VRFC 10-311] analyzing module FourWaySACache
INFO: [VRFC 10-2263] Analyzing Verilog file "C:/XJTU COMPARCH/project_5/project_5.srcs/sources_1/new/IMem.v" into library xil_defaultlib
INFO: [VRFC 10-311] analyzing module IMem
INFO: [VRFC 10-2263] Analyzing Verilog file "C:/XJTU COMPARCH/project_5/project_5.srcs/sources_1/new/ImmGen.v" into library xil_defaultlib
INFO: [VRFC 10-311] analyzing module ImmGen
INFO: [VRFC 10-2263] Analyzing Verilog file "C:/XJTU COMPARCH/project_5/project_5.srcs/sources_1/new/MainDsc.v" into library xil_defaultlib
INFO: [VRFC 10-311] analyzing module MainDsc
INFO: [VRFC 10-2263] Analyzing Verilog file "C:/XJTU COMPARCH/project_5/project_5.srcs/sources_1/new/MainDsc_EX.v" into library xil_defaultlib
INFO: [VRFC 10-311] analyzing module MainDsc_EX
INFO: [VRFC 10-2263] Analyzing Verilog file "C:/XJTU COMPARCH/project_5/project_5.srcs/sources_1/new/RAM_4Kx32.v" into library xil_defaultlib
INFO: [VRFC 10-311] analyzing module RAM_4Kx32
INFO: [VRFC 10-2263] Analyzing Verilog file "C:/XJTU COMPARCH/project_5/project_5.srcs/sources_1/new/RegFile.v" into library xil_defaultlib
INFO: [VRFC 10-311] analyzing module RegFile
INFO: [VRFC 10-2263] Analyzing Verilog file "C:/XJTU COMPARCH/project_5/project_5.srcs/sources_1/new/Register.v" into library xil_defaultlib
INFO: [VRFC 10-311] analyzing module Register
INFO: [VRFC 10-2263] Analyzing Verilog file "C:/XJTU COMPARCH/project_5/project_5.srcs/sim_1/new/CPU_sim.v" into library xil_defaultlib
INFO: [VRFC 10-311] analyzing module CPU_sim
INFO: [USF-XSim-69] 'compile' step finished in '1' seconds
INFO: [USF-XSim-3] XSim::Elaborate design
INFO: [USF-XSim-61] Executing 'ELABORATE' step in 'C:/XJTU COMPARCH/project_5/project_5.sim/sim_1/behav/xsim'
"xelab -wto f1795959e9ee4683ab0147d6093c81ff --incr --debug typical --relax --mt 2 -L xil_defaultlib -L unisims_ver -L unimacro_ver -L secureip --snapshot CPU_sim_behav xil_defaultlib.CPU_sim xil_defaultlib.glbl -log elaborate.log"
Vivado Simulator 2019.2
Copyright 1986-1999, 2001-2019 Xilinx, Inc. All Rights Reserved.
Running: C:/Xilinx2019/Vivado/2019.2/bin/unwrapped/win64.o/xelab.exe -wto f1795959e9ee4683ab0147d6093c81ff --incr --debug typical --relax --mt 2 -L xil_defaultlib -L unisims_ver -L unimacro_ver -L secureip --snapshot CPU_sim_behav xil_defaultlib.CPU_sim xil_defaultlib.glbl -log elaborate.log 
Using 2 slave threads.
Starting static elaboration
Pass Through NonSizing Optimizer
WARNING: [VRFC 10-3091] actual bit length 1 differs from formal bit length 32 for port 'Q' [C:/XJTU COMPARCH/project_5/project_5.srcs/sources_1/new/CPU_Datapath.v:165]
WARNING: [VRFC 10-3091] actual bit length 3 differs from formal bit length 32 for port 'Q' [C:/XJTU COMPARCH/project_5/project_5.srcs/sources_1/new/CPU_Datapath.v:166]
WARNING: [VRFC 10-3091] actual bit length 1 differs from formal bit length 32 for port 'Q' [C:/XJTU COMPARCH/project_5/project_5.srcs/sources_1/new/CPU_Datapath.v:167]
WARNING: [VRFC 10-3091] actual bit length 1 differs from formal bit length 32 for port 'Q' [C:/XJTU COMPARCH/project_5/project_5.srcs/sources_1/new/CPU_Datapath.v:168]
WARNING: [VRFC 10-3091] actual bit length 1 differs from formal bit length 32 for port 'Q' [C:/XJTU COMPARCH/project_5/project_5.srcs/sources_1/new/CPU_Datapath.v:169]
WARNING: [VRFC 10-3091] actual bit length 4 differs from formal bit length 32 for port 'Q' [C:/XJTU COMPARCH/project_5/project_5.srcs/sources_1/new/CPU_Datapath.v:170]
WARNING: [VRFC 10-3091] actual bit length 1 differs from formal bit length 32 for port 'Q' [C:/XJTU COMPARCH/project_5/project_5.srcs/sources_1/new/CPU_Datapath.v:171]
WARNING: [VRFC 10-3091] actual bit length 1 differs from formal bit length 32 for port 'Q' [C:/XJTU COMPARCH/project_5/project_5.srcs/sources_1/new/CPU_Datapath.v:172]
WARNING: [VRFC 10-3091] actual bit length 2 differs from formal bit length 32 for port 'Q' [C:/XJTU COMPARCH/project_5/project_5.srcs/sources_1/new/CPU_Datapath.v:173]
WARNING: [VRFC 10-3091] actual bit length 1 differs from formal bit length 32 for port 'Q' [C:/XJTU COMPARCH/project_5/project_5.srcs/sources_1/new/CPU_Datapath.v:225]
WARNING: [VRFC 10-3091] actual bit length 1 differs from formal bit length 32 for port 'Q' [C:/XJTU COMPARCH/project_5/project_5.srcs/sources_1/new/CPU_Datapath.v:226]
WARNING: [VRFC 10-3091] actual bit length 1 differs from formal bit length 32 for port 'Q' [C:/XJTU COMPARCH/project_5/project_5.srcs/sources_1/new/CPU_Datapath.v:227]
WARNING: [VRFC 10-3091] actual bit length 2 differs from formal bit length 32 for port 'Q' [C:/XJTU COMPARCH/project_5/project_5.srcs/sources_1/new/CPU_Datapath.v:228]
WARNING: [VRFC 10-3091] actual bit length 1 differs from formal bit length 32 for port 'Q' [C:/XJTU COMPARCH/project_5/project_5.srcs/sources_1/new/CPU_Datapath.v:244]
WARNING: [VRFC 10-3091] actual bit length 2 differs from formal bit length 32 for port 'Q' [C:/XJTU COMPARCH/project_5/project_5.srcs/sources_1/new/CPU_Datapath.v:245]
Completed static elaboration
Starting simulation data flow analysis
Completed simulation data flow analysis
Time Resolution for simulation is 1ps
Compiling module xil_defaultlib.IMem
Compiling module xil_defaultlib.Register
Compiling module xil_defaultlib.MainDsc
Compiling module xil_defaultlib.ControlLogic_ID
Compiling module xil_defaultlib.RegFile
Compiling module xil_defaultlib.ImmGen
Compiling module xil_defaultlib.ALU
Compiling module xil_defaultlib.MainDsc_EX
Compiling module xil_defaultlib.ControlLogic_EX
Compiling module xil_defaultlib.BranchComp
Compiling module xil_defaultlib.FourWaySACache
Compiling module xil_defaultlib.RAM_4Kx32_default
Compiling module xil_defaultlib.DMem
Compiling module xil_defaultlib.CPU_Datapath
Compiling module xil_defaultlib.CPU_sim
Compiling module xil_defaultlib.glbl
Built simulation snapshot CPU_sim_behav
INFO: [USF-XSim-69] 'elaborate' step finished in '2' seconds
INFO: [USF-XSim-4] XSim::Simulate design
INFO: [USF-XSim-61] Executing 'SIMULATE' step in 'C:/XJTU COMPARCH/project_5/project_5.sim/sim_1/behav/xsim'
INFO: [USF-XSim-98] *** Running xsim
   with args "CPU_sim_behav -key {Behavioral:sim_1:Functional:CPU_sim} -tclbatch {CPU_sim.tcl} -view {{C:/XJTU COMPARCH/project_5/CPU_sim_behav.wcfg}} -log {simulate.log}"
INFO: [USF-XSim-8] Loading simulator feature
Vivado Simulator 2019.2
Time resolution is 1 ps
open_wave_config {C:/XJTU COMPARCH/project_5/CPU_sim_behav.wcfg}
source CPU_sim.tcl
# set curr_wave [current_wave_config]
# if { [string length $curr_wave] == 0 } {
#   if { [llength [get_objects]] > 0} {
#     add_wave /
#     set_property needs_save false [current_wave_config]
#   } else {
#      send_msg_id Add_Wave-1 WARNING "No top level signals found. Simulator will start without a wave window. If you want to open a wave window go to 'File->New Waveform Configuration' or type 'create_wave_config' in the TCL console."
#   }
# }
# run 1000ns
INFO: [USF-XSim-96] XSim completed. Design snapshot 'CPU_sim_behav' loaded.
INFO: [USF-XSim-97] XSim simulation ran for 1000ns
launch_simulation: Time (s): cpu = 00:00:01 ; elapsed = 00:00:07 . Memory (MB): peak = 12716.434 ; gain = 0.000
close_sim
INFO: [Simtcl 6-16] Simulation closed
launch_simulation
Command: launch_simulation 
INFO: [Vivado 12-5682] Launching behavioral simulation in 'C:/XJTU COMPARCH/project_5/project_5.sim/sim_1/behav/xsim'
INFO: [SIM-utils-51] Simulation object is 'sim_1'
INFO: [SIM-utils-54] Inspecting design source files for 'CPU_sim' in fileset 'sim_1'...
INFO: [USF-XSim-97] Finding global include files...
INFO: [USF-XSim-98] Fetching design files from 'sim_1'...
INFO: [USF-XSim-2] XSim::Compile design
INFO: [USF-XSim-61] Executing 'COMPILE and ANALYZE' step in 'C:/XJTU COMPARCH/project_5/project_5.sim/sim_1/behav/xsim'
"xvlog --incr --relax -prj CPU_sim_vlog.prj"
INFO: [VRFC 10-2263] Analyzing Verilog file "C:/XJTU COMPARCH/project_5/project_5.srcs/sources_1/new/ALU.v" into library xil_defaultlib
INFO: [VRFC 10-311] analyzing module ALU
INFO: [VRFC 10-2263] Analyzing Verilog file "C:/XJTU COMPARCH/project_5/project_5.srcs/sources_1/new/BranchComp.v" into library xil_defaultlib
INFO: [VRFC 10-311] analyzing module BranchComp
INFO: [VRFC 10-2263] Analyzing Verilog file "C:/XJTU COMPARCH/project_5/project_5.srcs/sources_1/new/CPU_Datapath.v" into library xil_defaultlib
INFO: [VRFC 10-311] analyzing module CPU_Datapath
INFO: [VRFC 10-2263] Analyzing Verilog file "C:/XJTU COMPARCH/project_5/project_5.srcs/sources_1/new/ControlLogic_EX.v" into library xil_defaultlib
INFO: [VRFC 10-311] analyzing module ControlLogic_EX
INFO: [VRFC 10-2263] Analyzing Verilog file "C:/XJTU COMPARCH/project_5/project_5.srcs/sources_1/new/ControlLogic_ID.v" into library xil_defaultlib
INFO: [VRFC 10-311] analyzing module ControlLogic_ID
INFO: [VRFC 10-2263] Analyzing Verilog file "C:/XJTU COMPARCH/project_5/project_5.srcs/sources_1/new/DMem.v" into library xil_defaultlib
INFO: [VRFC 10-311] analyzing module DMem
INFO: [VRFC 10-2263] Analyzing Verilog file "C:/XJTU COMPARCH/project_5/project_5.srcs/sources_1/new/FourWaySACache.v" into library xil_defaultlib
INFO: [VRFC 10-311] analyzing module FourWaySACache
INFO: [VRFC 10-2263] Analyzing Verilog file "C:/XJTU COMPARCH/project_5/project_5.srcs/sources_1/new/IMem.v" into library xil_defaultlib
INFO: [VRFC 10-311] analyzing module IMem
INFO: [VRFC 10-2263] Analyzing Verilog file "C:/XJTU COMPARCH/project_5/project_5.srcs/sources_1/new/ImmGen.v" into library xil_defaultlib
INFO: [VRFC 10-311] analyzing module ImmGen
INFO: [VRFC 10-2263] Analyzing Verilog file "C:/XJTU COMPARCH/project_5/project_5.srcs/sources_1/new/MainDsc.v" into library xil_defaultlib
INFO: [VRFC 10-311] analyzing module MainDsc
INFO: [VRFC 10-2263] Analyzing Verilog file "C:/XJTU COMPARCH/project_5/project_5.srcs/sources_1/new/MainDsc_EX.v" into library xil_defaultlib
INFO: [VRFC 10-311] analyzing module MainDsc_EX
INFO: [VRFC 10-2263] Analyzing Verilog file "C:/XJTU COMPARCH/project_5/project_5.srcs/sources_1/new/RAM_4Kx32.v" into library xil_defaultlib
INFO: [VRFC 10-311] analyzing module RAM_4Kx32
INFO: [VRFC 10-2263] Analyzing Verilog file "C:/XJTU COMPARCH/project_5/project_5.srcs/sources_1/new/RegFile.v" into library xil_defaultlib
INFO: [VRFC 10-311] analyzing module RegFile
INFO: [VRFC 10-2263] Analyzing Verilog file "C:/XJTU COMPARCH/project_5/project_5.srcs/sources_1/new/Register.v" into library xil_defaultlib
INFO: [VRFC 10-311] analyzing module Register
INFO: [VRFC 10-2263] Analyzing Verilog file "C:/XJTU COMPARCH/project_5/project_5.srcs/sim_1/new/CPU_sim.v" into library xil_defaultlib
INFO: [VRFC 10-311] analyzing module CPU_sim
INFO: [USF-XSim-69] 'compile' step finished in '2' seconds
INFO: [USF-XSim-3] XSim::Elaborate design
INFO: [USF-XSim-61] Executing 'ELABORATE' step in 'C:/XJTU COMPARCH/project_5/project_5.sim/sim_1/behav/xsim'
"xelab -wto f1795959e9ee4683ab0147d6093c81ff --incr --debug typical --relax --mt 2 -L xil_defaultlib -L unisims_ver -L unimacro_ver -L secureip --snapshot CPU_sim_behav xil_defaultlib.CPU_sim xil_defaultlib.glbl -log elaborate.log"
Vivado Simulator 2019.2
Copyright 1986-1999, 2001-2019 Xilinx, Inc. All Rights Reserved.
Running: C:/Xilinx2019/Vivado/2019.2/bin/unwrapped/win64.o/xelab.exe -wto f1795959e9ee4683ab0147d6093c81ff --incr --debug typical --relax --mt 2 -L xil_defaultlib -L unisims_ver -L unimacro_ver -L secureip --snapshot CPU_sim_behav xil_defaultlib.CPU_sim xil_defaultlib.glbl -log elaborate.log 
Using 2 slave threads.
Starting static elaboration
Pass Through NonSizing Optimizer
WARNING: [VRFC 10-3091] actual bit length 1 differs from formal bit length 32 for port 'Q' [C:/XJTU COMPARCH/project_5/project_5.srcs/sources_1/new/CPU_Datapath.v:165]
WARNING: [VRFC 10-3091] actual bit length 3 differs from formal bit length 32 for port 'Q' [C:/XJTU COMPARCH/project_5/project_5.srcs/sources_1/new/CPU_Datapath.v:166]
WARNING: [VRFC 10-3091] actual bit length 1 differs from formal bit length 32 for port 'Q' [C:/XJTU COMPARCH/project_5/project_5.srcs/sources_1/new/CPU_Datapath.v:167]
WARNING: [VRFC 10-3091] actual bit length 1 differs from formal bit length 32 for port 'Q' [C:/XJTU COMPARCH/project_5/project_5.srcs/sources_1/new/CPU_Datapath.v:168]
WARNING: [VRFC 10-3091] actual bit length 1 differs from formal bit length 32 for port 'Q' [C:/XJTU COMPARCH/project_5/project_5.srcs/sources_1/new/CPU_Datapath.v:169]
WARNING: [VRFC 10-3091] actual bit length 4 differs from formal bit length 32 for port 'Q' [C:/XJTU COMPARCH/project_5/project_5.srcs/sources_1/new/CPU_Datapath.v:170]
WARNING: [VRFC 10-3091] actual bit length 1 differs from formal bit length 32 for port 'Q' [C:/XJTU COMPARCH/project_5/project_5.srcs/sources_1/new/CPU_Datapath.v:171]
WARNING: [VRFC 10-3091] actual bit length 1 differs from formal bit length 32 for port 'Q' [C:/XJTU COMPARCH/project_5/project_5.srcs/sources_1/new/CPU_Datapath.v:172]
WARNING: [VRFC 10-3091] actual bit length 2 differs from formal bit length 32 for port 'Q' [C:/XJTU COMPARCH/project_5/project_5.srcs/sources_1/new/CPU_Datapath.v:173]
WARNING: [VRFC 10-3091] actual bit length 1 differs from formal bit length 32 for port 'Q' [C:/XJTU COMPARCH/project_5/project_5.srcs/sources_1/new/CPU_Datapath.v:225]
WARNING: [VRFC 10-3091] actual bit length 1 differs from formal bit length 32 for port 'Q' [C:/XJTU COMPARCH/project_5/project_5.srcs/sources_1/new/CPU_Datapath.v:226]
WARNING: [VRFC 10-3091] actual bit length 1 differs from formal bit length 32 for port 'Q' [C:/XJTU COMPARCH/project_5/project_5.srcs/sources_1/new/CPU_Datapath.v:227]
WARNING: [VRFC 10-3091] actual bit length 2 differs from formal bit length 32 for port 'Q' [C:/XJTU COMPARCH/project_5/project_5.srcs/sources_1/new/CPU_Datapath.v:228]
WARNING: [VRFC 10-3091] actual bit length 1 differs from formal bit length 32 for port 'Q' [C:/XJTU COMPARCH/project_5/project_5.srcs/sources_1/new/CPU_Datapath.v:244]
WARNING: [VRFC 10-3091] actual bit length 2 differs from formal bit length 32 for port 'Q' [C:/XJTU COMPARCH/project_5/project_5.srcs/sources_1/new/CPU_Datapath.v:245]
Completed static elaboration
Starting simulation data flow analysis
Completed simulation data flow analysis
Time Resolution for simulation is 1ps
Compiling module xil_defaultlib.IMem
Compiling module xil_defaultlib.Register
Compiling module xil_defaultlib.MainDsc
Compiling module xil_defaultlib.ControlLogic_ID
Compiling module xil_defaultlib.RegFile
Compiling module xil_defaultlib.ImmGen
Compiling module xil_defaultlib.ALU
Compiling module xil_defaultlib.MainDsc_EX
Compiling module xil_defaultlib.ControlLogic_EX
Compiling module xil_defaultlib.BranchComp
Compiling module xil_defaultlib.FourWaySACache
Compiling module xil_defaultlib.RAM_4Kx32_default
Compiling module xil_defaultlib.DMem
Compiling module xil_defaultlib.CPU_Datapath
Compiling module xil_defaultlib.CPU_sim
Compiling module xil_defaultlib.glbl
Built simulation snapshot CPU_sim_behav
INFO: [USF-XSim-69] 'elaborate' step finished in '2' seconds
INFO: [USF-XSim-4] XSim::Simulate design
INFO: [USF-XSim-61] Executing 'SIMULATE' step in 'C:/XJTU COMPARCH/project_5/project_5.sim/sim_1/behav/xsim'
INFO: [USF-XSim-98] *** Running xsim
   with args "CPU_sim_behav -key {Behavioral:sim_1:Functional:CPU_sim} -tclbatch {CPU_sim.tcl} -view {{C:/XJTU COMPARCH/project_5/CPU_sim_behav.wcfg}} -log {simulate.log}"
INFO: [USF-XSim-8] Loading simulator feature
Vivado Simulator 2019.2
Time resolution is 1 ps
open_wave_config {C:/XJTU COMPARCH/project_5/CPU_sim_behav.wcfg}
source CPU_sim.tcl
# set curr_wave [current_wave_config]
# if { [string length $curr_wave] == 0 } {
#   if { [llength [get_objects]] > 0} {
#     add_wave /
#     set_property needs_save false [current_wave_config]
#   } else {
#      send_msg_id Add_Wave-1 WARNING "No top level signals found. Simulator will start without a wave window. If you want to open a wave window go to 'File->New Waveform Configuration' or type 'create_wave_config' in the TCL console."
#   }
# }
# run 1000ns
INFO: [USF-XSim-96] XSim completed. Design snapshot 'CPU_sim_behav' loaded.
INFO: [USF-XSim-97] XSim simulation ran for 1000ns
launch_simulation: Time (s): cpu = 00:00:01 ; elapsed = 00:00:07 . Memory (MB): peak = 12716.434 ; gain = 0.000
close_sim
INFO: [Simtcl 6-16] Simulation closed
exit
INFO: [Common 17-206] Exiting Vivado at Thu Dec 26 01:41:03 2024...
