#-----------------------------------------------------------
# Vivado v2019.2 (64-bit)
# SW Build 2708876 on Wed Nov  6 21:40:23 MST 2019
# IP Build 2700528 on Thu Nov  7 00:09:20 MST 2019
# Start of session at: Tue Oct 29 11:08:42 2024
# Process ID: 18928
# Current directory: C:/XJTU COMPARCH/project_3
# Command line: vivado.exe -gui_launcher_event rodinguilauncherevent11060 C:\XJTU COMPARCH\project_3\project_3.xpr
# Log file: C:/XJTU COMPARCH/project_3/vivado.log
# Journal file: C:/XJTU COMPARCH/project_3\vivado.jou
#-----------------------------------------------------------
start_gui
open_project {C:/XJTU COMPARCH/project_3/project_3.xpr}
Scanning sources...
Finished scanning sources
INFO: [IP_Flow 19-234] Refreshing IP repositories
INFO: [IP_Flow 19-1704] No user IP repositories specified
INFO: [IP_Flow 19-2313] Loaded Vivado IP repository 'C:/Xilinx2019/Vivado/2019.2/data/ip'.
update_compile_order -fileset sources_1
launch_simulation
Command: launch_simulation 
INFO: [Vivado 12-5682] Launching behavioral simulation in 'C:/XJTU COMPARCH/project_3/project_3.sim/sim_1/behav/xsim'
INFO: [SIM-utils-51] Simulation object is 'sim_1'
INFO: [SIM-utils-54] Inspecting design source files for 'sim_ALU' in fileset 'sim_1'...
INFO: [USF-XSim-97] Finding global include files...
INFO: [USF-XSim-98] Fetching design files from 'sim_1'...
INFO: [USF-XSim-2] XSim::Compile design
INFO: [USF-XSim-61] Executing 'COMPILE and ANALYZE' step in 'C:/XJTU COMPARCH/project_3/project_3.sim/sim_1/behav/xsim'
"xvlog --incr --relax -prj sim_ALU_vlog.prj"
INFO: [VRFC 10-2263] Analyzing Verilog file "C:/XJTU COMPARCH/project_3/project_3.srcs/sources_1/new/ADD.v" into library xil_defaultlib
INFO: [VRFC 10-311] analyzing module ADD
INFO: [VRFC 10-2263] Analyzing Verilog file "C:/XJTU COMPARCH/project_3/project_3.srcs/sources_1/new/ALU.v" into library xil_defaultlib
INFO: [VRFC 10-311] analyzing module ALU
INFO: [VRFC 10-2263] Analyzing Verilog file "C:/XJTU COMPARCH/project_3/project_3.srcs/sources_1/new/ALU_8.v" into library xil_defaultlib
INFO: [VRFC 10-311] analyzing module ALU_8
INFO: [VRFC 10-2263] Analyzing Verilog file "C:/XJTU COMPARCH/project_3/project_3.srcs/sources_1/new/Decoder38.v" into library xil_defaultlib
INFO: [VRFC 10-311] analyzing module Decoder38
INFO: [VRFC 10-2263] Analyzing Verilog file "C:/XJTU COMPARCH/project_3/project_3.srcs/sources_1/new/SLL.v" into library xil_defaultlib
INFO: [VRFC 10-311] analyzing module SLL
INFO: [VRFC 10-2263] Analyzing Verilog file "C:/XJTU COMPARCH/project_3/project_3.srcs/sources_1/new/SLT.v" into library xil_defaultlib
INFO: [VRFC 10-311] analyzing module SLT
INFO: [VRFC 10-2263] Analyzing Verilog file "C:/XJTU COMPARCH/project_3/project_3.srcs/sources_1/new/SUB.v" into library xil_defaultlib
INFO: [VRFC 10-311] analyzing module SUB
INFO: [VRFC 10-2263] Analyzing Verilog file "C:/XJTU COMPARCH/project_3/project_3.srcs/sources_1/new/fulladder_1.v" into library xil_defaultlib
INFO: [VRFC 10-311] analyzing module fulladder_1
INFO: [VRFC 10-2263] Analyzing Verilog file "C:/XJTU COMPARCH/project_3/project_3.srcs/sources_1/new/fulladder_16.v" into library xil_defaultlib
INFO: [VRFC 10-311] analyzing module fulladder_16
INFO: [VRFC 10-2263] Analyzing Verilog file "C:/XJTU COMPARCH/project_3/project_3.srcs/sources_1/new/fulladder_32.v" into library xil_defaultlib
INFO: [VRFC 10-311] analyzing module fulladder_32
INFO: [VRFC 10-2263] Analyzing Verilog file "C:/XJTU COMPARCH/project_3/project_3.srcs/sources_1/new/fulladder_4.v" into library xil_defaultlib
INFO: [VRFC 10-311] analyzing module fulladder_4
INFO: [VRFC 10-2263] Analyzing Verilog file "C:/XJTU COMPARCH/project_3/project_3.srcs/sim_1/new/sim_ALU.v" into library xil_defaultlib
INFO: [VRFC 10-311] analyzing module sim_ALU
WARNING: [VRFC 10-526] concatenation with unsized literal; will interpret as 32 bits [C:/XJTU COMPARCH/project_3/project_3.srcs/sim_1/new/sim_ALU.v:37]
INFO: [USF-XSim-69] 'compile' step finished in '2' seconds
INFO: [USF-XSim-3] XSim::Elaborate design
INFO: [USF-XSim-61] Executing 'ELABORATE' step in 'C:/XJTU COMPARCH/project_3/project_3.sim/sim_1/behav/xsim'
"xelab -wto 16b8627c71ef4d079f8c706a6e47f435 --incr --debug typical --relax --mt 2 -L xil_defaultlib -L unisims_ver -L unimacro_ver -L secureip --snapshot sim_ALU_behav xil_defaultlib.sim_ALU xil_defaultlib.glbl -log elaborate.log"
Vivado Simulator 2019.2
Copyright 1986-1999, 2001-2019 Xilinx, Inc. All Rights Reserved.
Running: C:/Xilinx2019/Vivado/2019.2/bin/unwrapped/win64.o/xelab.exe -wto 16b8627c71ef4d079f8c706a6e47f435 --incr --debug typical --relax --mt 2 -L xil_defaultlib -L unisims_ver -L unimacro_ver -L secureip --snapshot sim_ALU_behav xil_defaultlib.sim_ALU xil_defaultlib.glbl -log elaborate.log 
Using 2 slave threads.
Starting static elaboration
Pass Through NonSizing Optimizer
WARNING: [VRFC 10-3091] actual bit length 1 differs from formal bit length 32 for port 'A' [C:/XJTU COMPARCH/project_3/project_3.srcs/sources_1/new/ALU_8.v:53]
WARNING: [VRFC 10-3091] actual bit length 32 differs from formal bit length 1 for port 'Cin' [C:/XJTU COMPARCH/project_3/project_3.srcs/sources_1/new/ADD.v:37]
WARNING: [VRFC 10-3091] actual bit length 1 differs from formal bit length 32 for port 'A' [C:/XJTU COMPARCH/project_3/project_3.srcs/sources_1/new/ALU_8.v:54]
WARNING: [VRFC 10-526] concatenation with unsized literal; will interpret as 32 bits [C:/XJTU COMPARCH/project_3/project_3.srcs/sim_1/new/sim_ALU.v:37]
Completed static elaboration
Starting simulation data flow analysis
Completed simulation data flow analysis
Time Resolution for simulation is 1ps
Compiling module xil_defaultlib.Decoder38
Compiling module xil_defaultlib.fulladder_1
Compiling module xil_defaultlib.fulladder_4
Compiling module xil_defaultlib.fulladder_16
Compiling module xil_defaultlib.fulladder_32
Compiling module xil_defaultlib.ADD
Compiling module xil_defaultlib.SUB
Compiling module xil_defaultlib.SLT
Compiling module xil_defaultlib.SLL
Compiling module xil_defaultlib.ALU_8
Compiling module xil_defaultlib.ALU
Compiling module xil_defaultlib.sim_ALU
Compiling module xil_defaultlib.glbl
Built simulation snapshot sim_ALU_behav

****** Webtalk v2019.2 (64-bit)
  **** SW Build 2708876 on Wed Nov  6 21:40:23 MST 2019
  **** IP Build 2700528 on Thu Nov  7 00:09:20 MST 2019
    ** Copyright 1986-2019 Xilinx, Inc. All Rights Reserved.

source C:/XJTU -notrace
couldn't read file "C:/XJTU": permission denied
INFO: [Common 17-206] Exiting Webtalk at Tue Oct 29 11:15:09 2024...
INFO: [USF-XSim-69] 'elaborate' step finished in '4' seconds
INFO: [USF-XSim-4] XSim::Simulate design
INFO: [USF-XSim-61] Executing 'SIMULATE' step in 'C:/XJTU COMPARCH/project_3/project_3.sim/sim_1/behav/xsim'
INFO: [USF-XSim-98] *** Running xsim
   with args "sim_ALU_behav -key {Behavioral:sim_1:Functional:sim_ALU} -tclbatch {sim_ALU.tcl} -log {simulate.log}"
INFO: [USF-XSim-8] Loading simulator feature
Vivado Simulator 2019.2
Time resolution is 1 ps
source sim_ALU.tcl
# set curr_wave [current_wave_config]
# if { [string length $curr_wave] == 0 } {
#   if { [llength [get_objects]] > 0} {
#     add_wave /
#     set_property needs_save false [current_wave_config]
#   } else {
#      send_msg_id Add_Wave-1 WARNING "No top level signals found. Simulator will start without a wave window. If you want to open a wave window go to 'File->New Waveform Configuration' or type 'create_wave_config' in the TCL console."
#   }
# }
# run 1000ns
INFO: [USF-XSim-96] XSim completed. Design snapshot 'sim_ALU_behav' loaded.
INFO: [USF-XSim-97] XSim simulation ran for 1000ns
launch_simulation: Time (s): cpu = 00:00:01 ; elapsed = 00:00:10 . Memory (MB): peak = 835.109 ; gain = 0.000
close_sim
INFO: [Simtcl 6-16] Simulation closed
launch_simulation
Command: launch_simulation 
INFO: [Vivado 12-5682] Launching behavioral simulation in 'C:/XJTU COMPARCH/project_3/project_3.sim/sim_1/behav/xsim'
INFO: [SIM-utils-51] Simulation object is 'sim_1'
INFO: [SIM-utils-54] Inspecting design source files for 'sim_ALU' in fileset 'sim_1'...
INFO: [USF-XSim-97] Finding global include files...
INFO: [USF-XSim-98] Fetching design files from 'sim_1'...
INFO: [USF-XSim-2] XSim::Compile design
INFO: [USF-XSim-61] Executing 'COMPILE and ANALYZE' step in 'C:/XJTU COMPARCH/project_3/project_3.sim/sim_1/behav/xsim'
"xvlog --incr --relax -prj sim_ALU_vlog.prj"
INFO: [VRFC 10-2263] Analyzing Verilog file "C:/XJTU COMPARCH/project_3/project_3.srcs/sources_1/new/ADD.v" into library xil_defaultlib
INFO: [VRFC 10-311] analyzing module ADD
INFO: [VRFC 10-2263] Analyzing Verilog file "C:/XJTU COMPARCH/project_3/project_3.srcs/sources_1/new/ALU.v" into library xil_defaultlib
INFO: [VRFC 10-311] analyzing module ALU
INFO: [VRFC 10-2263] Analyzing Verilog file "C:/XJTU COMPARCH/project_3/project_3.srcs/sources_1/new/ALU_8.v" into library xil_defaultlib
INFO: [VRFC 10-311] analyzing module ALU_8
INFO: [VRFC 10-2263] Analyzing Verilog file "C:/XJTU COMPARCH/project_3/project_3.srcs/sources_1/new/Decoder38.v" into library xil_defaultlib
INFO: [VRFC 10-311] analyzing module Decoder38
INFO: [VRFC 10-2263] Analyzing Verilog file "C:/XJTU COMPARCH/project_3/project_3.srcs/sources_1/new/SLL.v" into library xil_defaultlib
INFO: [VRFC 10-311] analyzing module SLL
INFO: [VRFC 10-2263] Analyzing Verilog file "C:/XJTU COMPARCH/project_3/project_3.srcs/sources_1/new/SLT.v" into library xil_defaultlib
INFO: [VRFC 10-311] analyzing module SLT
INFO: [VRFC 10-2263] Analyzing Verilog file "C:/XJTU COMPARCH/project_3/project_3.srcs/sources_1/new/SUB.v" into library xil_defaultlib
INFO: [VRFC 10-311] analyzing module SUB
INFO: [VRFC 10-2263] Analyzing Verilog file "C:/XJTU COMPARCH/project_3/project_3.srcs/sources_1/new/fulladder_1.v" into library xil_defaultlib
INFO: [VRFC 10-311] analyzing module fulladder_1
INFO: [VRFC 10-2263] Analyzing Verilog file "C:/XJTU COMPARCH/project_3/project_3.srcs/sources_1/new/fulladder_16.v" into library xil_defaultlib
INFO: [VRFC 10-311] analyzing module fulladder_16
INFO: [VRFC 10-2263] Analyzing Verilog file "C:/XJTU COMPARCH/project_3/project_3.srcs/sources_1/new/fulladder_32.v" into library xil_defaultlib
INFO: [VRFC 10-311] analyzing module fulladder_32
INFO: [VRFC 10-2263] Analyzing Verilog file "C:/XJTU COMPARCH/project_3/project_3.srcs/sources_1/new/fulladder_4.v" into library xil_defaultlib
INFO: [VRFC 10-311] analyzing module fulladder_4
INFO: [VRFC 10-2263] Analyzing Verilog file "C:/XJTU COMPARCH/project_3/project_3.srcs/sim_1/new/sim_ALU.v" into library xil_defaultlib
INFO: [VRFC 10-311] analyzing module sim_ALU
WARNING: [VRFC 10-526] concatenation with unsized literal; will interpret as 32 bits [C:/XJTU COMPARCH/project_3/project_3.srcs/sim_1/new/sim_ALU.v:37]
INFO: [USF-XSim-69] 'compile' step finished in '1' seconds
INFO: [USF-XSim-3] XSim::Elaborate design
INFO: [USF-XSim-61] Executing 'ELABORATE' step in 'C:/XJTU COMPARCH/project_3/project_3.sim/sim_1/behav/xsim'
"xelab -wto 16b8627c71ef4d079f8c706a6e47f435 --incr --debug typical --relax --mt 2 -L xil_defaultlib -L unisims_ver -L unimacro_ver -L secureip --snapshot sim_ALU_behav xil_defaultlib.sim_ALU xil_defaultlib.glbl -log elaborate.log"
Vivado Simulator 2019.2
Copyright 1986-1999, 2001-2019 Xilinx, Inc. All Rights Reserved.
Running: C:/Xilinx2019/Vivado/2019.2/bin/unwrapped/win64.o/xelab.exe -wto 16b8627c71ef4d079f8c706a6e47f435 --incr --debug typical --relax --mt 2 -L xil_defaultlib -L unisims_ver -L unimacro_ver -L secureip --snapshot sim_ALU_behav xil_defaultlib.sim_ALU xil_defaultlib.glbl -log elaborate.log 
Using 2 slave threads.
Starting static elaboration
Pass Through NonSizing Optimizer
WARNING: [VRFC 10-3091] actual bit length 1 differs from formal bit length 32 for port 'A' [C:/XJTU COMPARCH/project_3/project_3.srcs/sources_1/new/ALU_8.v:53]
WARNING: [VRFC 10-3091] actual bit length 32 differs from formal bit length 1 for port 'Cin' [C:/XJTU COMPARCH/project_3/project_3.srcs/sources_1/new/ADD.v:37]
WARNING: [VRFC 10-3091] actual bit length 1 differs from formal bit length 32 for port 'A' [C:/XJTU COMPARCH/project_3/project_3.srcs/sources_1/new/ALU_8.v:54]
WARNING: [VRFC 10-526] concatenation with unsized literal; will interpret as 32 bits [C:/XJTU COMPARCH/project_3/project_3.srcs/sim_1/new/sim_ALU.v:37]
Completed static elaboration
Starting simulation data flow analysis
Completed simulation data flow analysis
Time Resolution for simulation is 1ps
Compiling module xil_defaultlib.Decoder38
Compiling module xil_defaultlib.fulladder_1
Compiling module xil_defaultlib.fulladder_4
Compiling module xil_defaultlib.fulladder_16
Compiling module xil_defaultlib.fulladder_32
Compiling module xil_defaultlib.ADD
Compiling module xil_defaultlib.SUB
Compiling module xil_defaultlib.SLT
Compiling module xil_defaultlib.SLL
Compiling module xil_defaultlib.ALU_8
Compiling module xil_defaultlib.ALU
Compiling module xil_defaultlib.sim_ALU
Compiling module xil_defaultlib.glbl
Built simulation snapshot sim_ALU_behav
INFO: [USF-XSim-69] 'elaborate' step finished in '1' seconds
INFO: [USF-XSim-4] XSim::Simulate design
INFO: [USF-XSim-61] Executing 'SIMULATE' step in 'C:/XJTU COMPARCH/project_3/project_3.sim/sim_1/behav/xsim'
INFO: [USF-XSim-98] *** Running xsim
   with args "sim_ALU_behav -key {Behavioral:sim_1:Functional:sim_ALU} -tclbatch {sim_ALU.tcl} -log {simulate.log}"
INFO: [USF-XSim-8] Loading simulator feature
Vivado Simulator 2019.2
Time resolution is 1 ps
source sim_ALU.tcl
# set curr_wave [current_wave_config]
# if { [string length $curr_wave] == 0 } {
#   if { [llength [get_objects]] > 0} {
#     add_wave /
#     set_property needs_save false [current_wave_config]
#   } else {
#      send_msg_id Add_Wave-1 WARNING "No top level signals found. Simulator will start without a wave window. If you want to open a wave window go to 'File->New Waveform Configuration' or type 'create_wave_config' in the TCL console."
#   }
# }
# run 1000ns
INFO: [USF-XSim-96] XSim completed. Design snapshot 'sim_ALU_behav' loaded.
INFO: [USF-XSim-97] XSim simulation ran for 1000ns
close_sim
INFO: [Simtcl 6-16] Simulation closed
launch_simulation
Command: launch_simulation 
INFO: [Vivado 12-5682] Launching behavioral simulation in 'C:/XJTU COMPARCH/project_3/project_3.sim/sim_1/behav/xsim'
INFO: [SIM-utils-51] Simulation object is 'sim_1'
INFO: [SIM-utils-54] Inspecting design source files for 'sim_ALU' in fileset 'sim_1'...
INFO: [USF-XSim-97] Finding global include files...
INFO: [USF-XSim-98] Fetching design files from 'sim_1'...
INFO: [USF-XSim-2] XSim::Compile design
INFO: [USF-XSim-61] Executing 'COMPILE and ANALYZE' step in 'C:/XJTU COMPARCH/project_3/project_3.sim/sim_1/behav/xsim'
"xvlog --incr --relax -prj sim_ALU_vlog.prj"
INFO: [VRFC 10-2263] Analyzing Verilog file "C:/XJTU COMPARCH/project_3/project_3.srcs/sources_1/new/ADD.v" into library xil_defaultlib
INFO: [VRFC 10-311] analyzing module ADD
INFO: [VRFC 10-2263] Analyzing Verilog file "C:/XJTU COMPARCH/project_3/project_3.srcs/sources_1/new/ALU.v" into library xil_defaultlib
INFO: [VRFC 10-311] analyzing module ALU
INFO: [VRFC 10-2263] Analyzing Verilog file "C:/XJTU COMPARCH/project_3/project_3.srcs/sources_1/new/ALU_8.v" into library xil_defaultlib
INFO: [VRFC 10-311] analyzing module ALU_8
INFO: [VRFC 10-2263] Analyzing Verilog file "C:/XJTU COMPARCH/project_3/project_3.srcs/sources_1/new/Decoder38.v" into library xil_defaultlib
INFO: [VRFC 10-311] analyzing module Decoder38
INFO: [VRFC 10-2263] Analyzing Verilog file "C:/XJTU COMPARCH/project_3/project_3.srcs/sources_1/new/SLL.v" into library xil_defaultlib
INFO: [VRFC 10-311] analyzing module SLL
INFO: [VRFC 10-2263] Analyzing Verilog file "C:/XJTU COMPARCH/project_3/project_3.srcs/sources_1/new/SLT.v" into library xil_defaultlib
INFO: [VRFC 10-311] analyzing module SLT
INFO: [VRFC 10-2263] Analyzing Verilog file "C:/XJTU COMPARCH/project_3/project_3.srcs/sources_1/new/SUB.v" into library xil_defaultlib
INFO: [VRFC 10-311] analyzing module SUB
INFO: [VRFC 10-2263] Analyzing Verilog file "C:/XJTU COMPARCH/project_3/project_3.srcs/sources_1/new/fulladder_1.v" into library xil_defaultlib
INFO: [VRFC 10-311] analyzing module fulladder_1
INFO: [VRFC 10-2263] Analyzing Verilog file "C:/XJTU COMPARCH/project_3/project_3.srcs/sources_1/new/fulladder_16.v" into library xil_defaultlib
INFO: [VRFC 10-311] analyzing module fulladder_16
INFO: [VRFC 10-2263] Analyzing Verilog file "C:/XJTU COMPARCH/project_3/project_3.srcs/sources_1/new/fulladder_32.v" into library xil_defaultlib
INFO: [VRFC 10-311] analyzing module fulladder_32
INFO: [VRFC 10-2263] Analyzing Verilog file "C:/XJTU COMPARCH/project_3/project_3.srcs/sources_1/new/fulladder_4.v" into library xil_defaultlib
INFO: [VRFC 10-311] analyzing module fulladder_4
INFO: [VRFC 10-2263] Analyzing Verilog file "C:/XJTU COMPARCH/project_3/project_3.srcs/sim_1/new/sim_ALU.v" into library xil_defaultlib
INFO: [VRFC 10-311] analyzing module sim_ALU
WARNING: [VRFC 10-526] concatenation with unsized literal; will interpret as 32 bits [C:/XJTU COMPARCH/project_3/project_3.srcs/sim_1/new/sim_ALU.v:37]
INFO: [USF-XSim-69] 'compile' step finished in '1' seconds
INFO: [USF-XSim-3] XSim::Elaborate design
INFO: [USF-XSim-61] Executing 'ELABORATE' step in 'C:/XJTU COMPARCH/project_3/project_3.sim/sim_1/behav/xsim'
"xelab -wto 16b8627c71ef4d079f8c706a6e47f435 --incr --debug typical --relax --mt 2 -L xil_defaultlib -L unisims_ver -L unimacro_ver -L secureip --snapshot sim_ALU_behav xil_defaultlib.sim_ALU xil_defaultlib.glbl -log elaborate.log"
Vivado Simulator 2019.2
Copyright 1986-1999, 2001-2019 Xilinx, Inc. All Rights Reserved.
Running: C:/Xilinx2019/Vivado/2019.2/bin/unwrapped/win64.o/xelab.exe -wto 16b8627c71ef4d079f8c706a6e47f435 --incr --debug typical --relax --mt 2 -L xil_defaultlib -L unisims_ver -L unimacro_ver -L secureip --snapshot sim_ALU_behav xil_defaultlib.sim_ALU xil_defaultlib.glbl -log elaborate.log 
Using 2 slave threads.
Starting static elaboration
Pass Through NonSizing Optimizer
WARNING: [VRFC 10-3091] actual bit length 1 differs from formal bit length 32 for port 'A' [C:/XJTU COMPARCH/project_3/project_3.srcs/sources_1/new/ALU_8.v:53]
WARNING: [VRFC 10-3091] actual bit length 32 differs from formal bit length 1 for port 'Cin' [C:/XJTU COMPARCH/project_3/project_3.srcs/sources_1/new/ADD.v:37]
WARNING: [VRFC 10-3091] actual bit length 1 differs from formal bit length 32 for port 'A' [C:/XJTU COMPARCH/project_3/project_3.srcs/sources_1/new/ALU_8.v:54]
WARNING: [VRFC 10-526] concatenation with unsized literal; will interpret as 32 bits [C:/XJTU COMPARCH/project_3/project_3.srcs/sim_1/new/sim_ALU.v:37]
Completed static elaboration
Starting simulation data flow analysis
Completed simulation data flow analysis
Time Resolution for simulation is 1ps
Compiling module xil_defaultlib.Decoder38
Compiling module xil_defaultlib.fulladder_1
Compiling module xil_defaultlib.fulladder_4
Compiling module xil_defaultlib.fulladder_16
Compiling module xil_defaultlib.fulladder_32
Compiling module xil_defaultlib.ADD
Compiling module xil_defaultlib.SUB
Compiling module xil_defaultlib.SLT
Compiling module xil_defaultlib.SLL
Compiling module xil_defaultlib.ALU_8
Compiling module xil_defaultlib.ALU
Compiling module xil_defaultlib.sim_ALU
Compiling module xil_defaultlib.glbl
Built simulation snapshot sim_ALU_behav
INFO: [USF-XSim-69] 'elaborate' step finished in '1' seconds
INFO: [USF-XSim-4] XSim::Simulate design
INFO: [USF-XSim-61] Executing 'SIMULATE' step in 'C:/XJTU COMPARCH/project_3/project_3.sim/sim_1/behav/xsim'
INFO: [USF-XSim-98] *** Running xsim
   with args "sim_ALU_behav -key {Behavioral:sim_1:Functional:sim_ALU} -tclbatch {sim_ALU.tcl} -log {simulate.log}"
INFO: [USF-XSim-8] Loading simulator feature
Vivado Simulator 2019.2
Time resolution is 1 ps
source sim_ALU.tcl
# set curr_wave [current_wave_config]
# if { [string length $curr_wave] == 0 } {
#   if { [llength [get_objects]] > 0} {
#     add_wave /
#     set_property needs_save false [current_wave_config]
#   } else {
#      send_msg_id Add_Wave-1 WARNING "No top level signals found. Simulator will start without a wave window. If you want to open a wave window go to 'File->New Waveform Configuration' or type 'create_wave_config' in the TCL console."
#   }
# }
# run 1000ns
INFO: [USF-XSim-96] XSim completed. Design snapshot 'sim_ALU_behav' loaded.
INFO: [USF-XSim-97] XSim simulation ran for 1000ns
close_sim
INFO: [Simtcl 6-16] Simulation closed
launch_simulation
Command: launch_simulation 
INFO: [Vivado 12-5682] Launching behavioral simulation in 'C:/XJTU COMPARCH/project_3/project_3.sim/sim_1/behav/xsim'
INFO: [SIM-utils-51] Simulation object is 'sim_1'
INFO: [SIM-utils-54] Inspecting design source files for 'sim_ALU' in fileset 'sim_1'...
INFO: [USF-XSim-97] Finding global include files...
INFO: [USF-XSim-98] Fetching design files from 'sim_1'...
INFO: [USF-XSim-2] XSim::Compile design
INFO: [USF-XSim-61] Executing 'COMPILE and ANALYZE' step in 'C:/XJTU COMPARCH/project_3/project_3.sim/sim_1/behav/xsim'
"xvlog --incr --relax -prj sim_ALU_vlog.prj"
INFO: [VRFC 10-2263] Analyzing Verilog file "C:/XJTU COMPARCH/project_3/project_3.srcs/sources_1/new/ADD.v" into library xil_defaultlib
INFO: [VRFC 10-311] analyzing module ADD
INFO: [VRFC 10-2263] Analyzing Verilog file "C:/XJTU COMPARCH/project_3/project_3.srcs/sources_1/new/ALU.v" into library xil_defaultlib
INFO: [VRFC 10-311] analyzing module ALU
INFO: [VRFC 10-2263] Analyzing Verilog file "C:/XJTU COMPARCH/project_3/project_3.srcs/sources_1/new/ALU_8.v" into library xil_defaultlib
INFO: [VRFC 10-311] analyzing module ALU_8
INFO: [VRFC 10-2263] Analyzing Verilog file "C:/XJTU COMPARCH/project_3/project_3.srcs/sources_1/new/Decoder38.v" into library xil_defaultlib
INFO: [VRFC 10-311] analyzing module Decoder38
INFO: [VRFC 10-2263] Analyzing Verilog file "C:/XJTU COMPARCH/project_3/project_3.srcs/sources_1/new/SLL.v" into library xil_defaultlib
INFO: [VRFC 10-311] analyzing module SLL
INFO: [VRFC 10-2263] Analyzing Verilog file "C:/XJTU COMPARCH/project_3/project_3.srcs/sources_1/new/SLT.v" into library xil_defaultlib
INFO: [VRFC 10-311] analyzing module SLT
INFO: [VRFC 10-2263] Analyzing Verilog file "C:/XJTU COMPARCH/project_3/project_3.srcs/sources_1/new/SUB.v" into library xil_defaultlib
INFO: [VRFC 10-311] analyzing module SUB
INFO: [VRFC 10-2263] Analyzing Verilog file "C:/XJTU COMPARCH/project_3/project_3.srcs/sources_1/new/fulladder_1.v" into library xil_defaultlib
INFO: [VRFC 10-311] analyzing module fulladder_1
INFO: [VRFC 10-2263] Analyzing Verilog file "C:/XJTU COMPARCH/project_3/project_3.srcs/sources_1/new/fulladder_16.v" into library xil_defaultlib
INFO: [VRFC 10-311] analyzing module fulladder_16
INFO: [VRFC 10-2263] Analyzing Verilog file "C:/XJTU COMPARCH/project_3/project_3.srcs/sources_1/new/fulladder_32.v" into library xil_defaultlib
INFO: [VRFC 10-311] analyzing module fulladder_32
INFO: [VRFC 10-2263] Analyzing Verilog file "C:/XJTU COMPARCH/project_3/project_3.srcs/sources_1/new/fulladder_4.v" into library xil_defaultlib
INFO: [VRFC 10-311] analyzing module fulladder_4
INFO: [VRFC 10-2263] Analyzing Verilog file "C:/XJTU COMPARCH/project_3/project_3.srcs/sim_1/new/sim_ALU.v" into library xil_defaultlib
INFO: [VRFC 10-311] analyzing module sim_ALU
WARNING: [VRFC 10-526] concatenation with unsized literal; will interpret as 32 bits [C:/XJTU COMPARCH/project_3/project_3.srcs/sim_1/new/sim_ALU.v:37]
INFO: [USF-XSim-69] 'compile' step finished in '1' seconds
INFO: [USF-XSim-3] XSim::Elaborate design
INFO: [USF-XSim-61] Executing 'ELABORATE' step in 'C:/XJTU COMPARCH/project_3/project_3.sim/sim_1/behav/xsim'
"xelab -wto 16b8627c71ef4d079f8c706a6e47f435 --incr --debug typical --relax --mt 2 -L xil_defaultlib -L unisims_ver -L unimacro_ver -L secureip --snapshot sim_ALU_behav xil_defaultlib.sim_ALU xil_defaultlib.glbl -log elaborate.log"
Vivado Simulator 2019.2
Copyright 1986-1999, 2001-2019 Xilinx, Inc. All Rights Reserved.
Running: C:/Xilinx2019/Vivado/2019.2/bin/unwrapped/win64.o/xelab.exe -wto 16b8627c71ef4d079f8c706a6e47f435 --incr --debug typical --relax --mt 2 -L xil_defaultlib -L unisims_ver -L unimacro_ver -L secureip --snapshot sim_ALU_behav xil_defaultlib.sim_ALU xil_defaultlib.glbl -log elaborate.log 
Using 2 slave threads.
Starting static elaboration
Pass Through NonSizing Optimizer
WARNING: [VRFC 10-3091] actual bit length 1 differs from formal bit length 32 for port 'A' [C:/XJTU COMPARCH/project_3/project_3.srcs/sources_1/new/ALU_8.v:54]
WARNING: [VRFC 10-3091] actual bit length 32 differs from formal bit length 1 for port 'Cin' [C:/XJTU COMPARCH/project_3/project_3.srcs/sources_1/new/ADD.v:37]
WARNING: [VRFC 10-3091] actual bit length 1 differs from formal bit length 32 for port 'A' [C:/XJTU COMPARCH/project_3/project_3.srcs/sources_1/new/ALU_8.v:55]
WARNING: [VRFC 10-526] concatenation with unsized literal; will interpret as 32 bits [C:/XJTU COMPARCH/project_3/project_3.srcs/sim_1/new/sim_ALU.v:37]
Completed static elaboration
Starting simulation data flow analysis
Completed simulation data flow analysis
Time Resolution for simulation is 1ps
Compiling module xil_defaultlib.Decoder38
Compiling module xil_defaultlib.fulladder_1
Compiling module xil_defaultlib.fulladder_4
Compiling module xil_defaultlib.fulladder_16
Compiling module xil_defaultlib.fulladder_32
Compiling module xil_defaultlib.ADD
Compiling module xil_defaultlib.SUB
Compiling module xil_defaultlib.SLT
Compiling module xil_defaultlib.SLL
Compiling module xil_defaultlib.ALU_8
Compiling module xil_defaultlib.ALU
Compiling module xil_defaultlib.sim_ALU
Compiling module xil_defaultlib.glbl
Built simulation snapshot sim_ALU_behav
INFO: [USF-XSim-69] 'elaborate' step finished in '1' seconds
INFO: [USF-XSim-4] XSim::Simulate design
INFO: [USF-XSim-61] Executing 'SIMULATE' step in 'C:/XJTU COMPARCH/project_3/project_3.sim/sim_1/behav/xsim'
INFO: [USF-XSim-98] *** Running xsim
   with args "sim_ALU_behav -key {Behavioral:sim_1:Functional:sim_ALU} -tclbatch {sim_ALU.tcl} -log {simulate.log}"
INFO: [USF-XSim-8] Loading simulator feature
Vivado Simulator 2019.2
Time resolution is 1 ps
source sim_ALU.tcl
# set curr_wave [current_wave_config]
# if { [string length $curr_wave] == 0 } {
#   if { [llength [get_objects]] > 0} {
#     add_wave /
#     set_property needs_save false [current_wave_config]
#   } else {
#      send_msg_id Add_Wave-1 WARNING "No top level signals found. Simulator will start without a wave window. If you want to open a wave window go to 'File->New Waveform Configuration' or type 'create_wave_config' in the TCL console."
#   }
# }
# run 1000ns
INFO: [USF-XSim-96] XSim completed. Design snapshot 'sim_ALU_behav' loaded.
INFO: [USF-XSim-97] XSim simulation ran for 1000ns
close_sim
INFO: [Simtcl 6-16] Simulation closed
launch_simulation
Command: launch_simulation 
INFO: [Vivado 12-5682] Launching behavioral simulation in 'C:/XJTU COMPARCH/project_3/project_3.sim/sim_1/behav/xsim'
INFO: [SIM-utils-51] Simulation object is 'sim_1'
INFO: [SIM-utils-54] Inspecting design source files for 'sim_ALU' in fileset 'sim_1'...
INFO: [USF-XSim-97] Finding global include files...
INFO: [USF-XSim-98] Fetching design files from 'sim_1'...
INFO: [USF-XSim-2] XSim::Compile design
INFO: [USF-XSim-61] Executing 'COMPILE and ANALYZE' step in 'C:/XJTU COMPARCH/project_3/project_3.sim/sim_1/behav/xsim'
"xvlog --incr --relax -prj sim_ALU_vlog.prj"
INFO: [VRFC 10-2263] Analyzing Verilog file "C:/XJTU COMPARCH/project_3/project_3.srcs/sources_1/new/ADD.v" into library xil_defaultlib
INFO: [VRFC 10-311] analyzing module ADD
INFO: [VRFC 10-2458] undeclared symbol Fw, assumed default net type wire [C:/XJTU COMPARCH/project_3/project_3.srcs/sources_1/new/ADD.v:42]
INFO: [VRFC 10-2263] Analyzing Verilog file "C:/XJTU COMPARCH/project_3/project_3.srcs/sources_1/new/ALU.v" into library xil_defaultlib
INFO: [VRFC 10-311] analyzing module ALU
INFO: [VRFC 10-2263] Analyzing Verilog file "C:/XJTU COMPARCH/project_3/project_3.srcs/sources_1/new/ALU_8.v" into library xil_defaultlib
INFO: [VRFC 10-311] analyzing module ALU_8
INFO: [VRFC 10-2263] Analyzing Verilog file "C:/XJTU COMPARCH/project_3/project_3.srcs/sources_1/new/Decoder38.v" into library xil_defaultlib
INFO: [VRFC 10-311] analyzing module Decoder38
INFO: [VRFC 10-2263] Analyzing Verilog file "C:/XJTU COMPARCH/project_3/project_3.srcs/sources_1/new/SLL.v" into library xil_defaultlib
INFO: [VRFC 10-311] analyzing module SLL
INFO: [VRFC 10-2263] Analyzing Verilog file "C:/XJTU COMPARCH/project_3/project_3.srcs/sources_1/new/SLT.v" into library xil_defaultlib
INFO: [VRFC 10-311] analyzing module SLT
INFO: [VRFC 10-2263] Analyzing Verilog file "C:/XJTU COMPARCH/project_3/project_3.srcs/sources_1/new/SUB.v" into library xil_defaultlib
INFO: [VRFC 10-311] analyzing module SUB
INFO: [VRFC 10-2263] Analyzing Verilog file "C:/XJTU COMPARCH/project_3/project_3.srcs/sources_1/new/fulladder_1.v" into library xil_defaultlib
INFO: [VRFC 10-311] analyzing module fulladder_1
INFO: [VRFC 10-2263] Analyzing Verilog file "C:/XJTU COMPARCH/project_3/project_3.srcs/sources_1/new/fulladder_16.v" into library xil_defaultlib
INFO: [VRFC 10-311] analyzing module fulladder_16
INFO: [VRFC 10-2263] Analyzing Verilog file "C:/XJTU COMPARCH/project_3/project_3.srcs/sources_1/new/fulladder_32.v" into library xil_defaultlib
INFO: [VRFC 10-311] analyzing module fulladder_32
INFO: [VRFC 10-2263] Analyzing Verilog file "C:/XJTU COMPARCH/project_3/project_3.srcs/sources_1/new/fulladder_4.v" into library xil_defaultlib
INFO: [VRFC 10-311] analyzing module fulladder_4
INFO: [VRFC 10-2263] Analyzing Verilog file "C:/XJTU COMPARCH/project_3/project_3.srcs/sim_1/new/sim_ALU.v" into library xil_defaultlib
INFO: [VRFC 10-311] analyzing module sim_ALU
WARNING: [VRFC 10-526] concatenation with unsized literal; will interpret as 32 bits [C:/XJTU COMPARCH/project_3/project_3.srcs/sim_1/new/sim_ALU.v:37]
INFO: [USF-XSim-69] 'compile' step finished in '1' seconds
INFO: [USF-XSim-3] XSim::Elaborate design
INFO: [USF-XSim-61] Executing 'ELABORATE' step in 'C:/XJTU COMPARCH/project_3/project_3.sim/sim_1/behav/xsim'
"xelab -wto 16b8627c71ef4d079f8c706a6e47f435 --incr --debug typical --relax --mt 2 -L xil_defaultlib -L unisims_ver -L unimacro_ver -L secureip --snapshot sim_ALU_behav xil_defaultlib.sim_ALU xil_defaultlib.glbl -log elaborate.log"
Vivado Simulator 2019.2
Copyright 1986-1999, 2001-2019 Xilinx, Inc. All Rights Reserved.
Running: C:/Xilinx2019/Vivado/2019.2/bin/unwrapped/win64.o/xelab.exe -wto 16b8627c71ef4d079f8c706a6e47f435 --incr --debug typical --relax --mt 2 -L xil_defaultlib -L unisims_ver -L unimacro_ver -L secureip --snapshot sim_ALU_behav xil_defaultlib.sim_ALU xil_defaultlib.glbl -log elaborate.log 
Using 2 slave threads.
Starting static elaboration
Pass Through NonSizing Optimizer
WARNING: [VRFC 10-3091] actual bit length 1 differs from formal bit length 32 for port 'A' [C:/XJTU COMPARCH/project_3/project_3.srcs/sources_1/new/ALU_8.v:54]
WARNING: [VRFC 10-3091] actual bit length 32 differs from formal bit length 1 for port 'Cin' [C:/XJTU COMPARCH/project_3/project_3.srcs/sources_1/new/ADD.v:37]
WARNING: [VRFC 10-3091] actual bit length 1 differs from formal bit length 32 for port 'A' [C:/XJTU COMPARCH/project_3/project_3.srcs/sources_1/new/ALU_8.v:55]
WARNING: [VRFC 10-526] concatenation with unsized literal; will interpret as 32 bits [C:/XJTU COMPARCH/project_3/project_3.srcs/sim_1/new/sim_ALU.v:37]
Completed static elaboration
Starting simulation data flow analysis
Completed simulation data flow analysis
Time Resolution for simulation is 1ps
Compiling module xil_defaultlib.Decoder38
Compiling module xil_defaultlib.fulladder_1
Compiling module xil_defaultlib.fulladder_4
Compiling module xil_defaultlib.fulladder_16
Compiling module xil_defaultlib.fulladder_32
Compiling module xil_defaultlib.ADD
Compiling module xil_defaultlib.SUB
Compiling module xil_defaultlib.SLT
Compiling module xil_defaultlib.SLL
Compiling module xil_defaultlib.ALU_8
Compiling module xil_defaultlib.ALU
Compiling module xil_defaultlib.sim_ALU
Compiling module xil_defaultlib.glbl
Built simulation snapshot sim_ALU_behav
INFO: [USF-XSim-69] 'elaborate' step finished in '1' seconds
INFO: [USF-XSim-4] XSim::Simulate design
INFO: [USF-XSim-61] Executing 'SIMULATE' step in 'C:/XJTU COMPARCH/project_3/project_3.sim/sim_1/behav/xsim'
INFO: [USF-XSim-98] *** Running xsim
   with args "sim_ALU_behav -key {Behavioral:sim_1:Functional:sim_ALU} -tclbatch {sim_ALU.tcl} -log {simulate.log}"
INFO: [USF-XSim-8] Loading simulator feature
Vivado Simulator 2019.2
Time resolution is 1 ps
source sim_ALU.tcl
# set curr_wave [current_wave_config]
# if { [string length $curr_wave] == 0 } {
#   if { [llength [get_objects]] > 0} {
#     add_wave /
#     set_property needs_save false [current_wave_config]
#   } else {
#      send_msg_id Add_Wave-1 WARNING "No top level signals found. Simulator will start without a wave window. If you want to open a wave window go to 'File->New Waveform Configuration' or type 'create_wave_config' in the TCL console."
#   }
# }
# run 1000ns
INFO: [USF-XSim-96] XSim completed. Design snapshot 'sim_ALU_behav' loaded.
INFO: [USF-XSim-97] XSim simulation ran for 1000ns
close_sim
INFO: [Simtcl 6-16] Simulation closed
launch_simulation
Command: launch_simulation 
INFO: [Vivado 12-5682] Launching behavioral simulation in 'C:/XJTU COMPARCH/project_3/project_3.sim/sim_1/behav/xsim'
INFO: [SIM-utils-51] Simulation object is 'sim_1'
INFO: [SIM-utils-54] Inspecting design source files for 'sim_ALU' in fileset 'sim_1'...
INFO: [USF-XSim-97] Finding global include files...
INFO: [USF-XSim-98] Fetching design files from 'sim_1'...
INFO: [USF-XSim-2] XSim::Compile design
INFO: [USF-XSim-61] Executing 'COMPILE and ANALYZE' step in 'C:/XJTU COMPARCH/project_3/project_3.sim/sim_1/behav/xsim'
"xvlog --incr --relax -prj sim_ALU_vlog.prj"
INFO: [VRFC 10-2263] Analyzing Verilog file "C:/XJTU COMPARCH/project_3/project_3.srcs/sources_1/new/ADD.v" into library xil_defaultlib
INFO: [VRFC 10-311] analyzing module ADD
INFO: [VRFC 10-2458] undeclared symbol Fw, assumed default net type wire [C:/XJTU COMPARCH/project_3/project_3.srcs/sources_1/new/ADD.v:42]
INFO: [VRFC 10-2263] Analyzing Verilog file "C:/XJTU COMPARCH/project_3/project_3.srcs/sources_1/new/ALU.v" into library xil_defaultlib
INFO: [VRFC 10-311] analyzing module ALU
INFO: [VRFC 10-2263] Analyzing Verilog file "C:/XJTU COMPARCH/project_3/project_3.srcs/sources_1/new/ALU_8.v" into library xil_defaultlib
INFO: [VRFC 10-311] analyzing module ALU_8
INFO: [VRFC 10-2458] undeclared symbol Fa, assumed default net type wire [C:/XJTU COMPARCH/project_3/project_3.srcs/sources_1/new/ALU_8.v:43]
INFO: [VRFC 10-2263] Analyzing Verilog file "C:/XJTU COMPARCH/project_3/project_3.srcs/sources_1/new/Decoder38.v" into library xil_defaultlib
INFO: [VRFC 10-311] analyzing module Decoder38
INFO: [VRFC 10-2263] Analyzing Verilog file "C:/XJTU COMPARCH/project_3/project_3.srcs/sources_1/new/SLL.v" into library xil_defaultlib
INFO: [VRFC 10-311] analyzing module SLL
INFO: [VRFC 10-2263] Analyzing Verilog file "C:/XJTU COMPARCH/project_3/project_3.srcs/sources_1/new/SLT.v" into library xil_defaultlib
INFO: [VRFC 10-311] analyzing module SLT
INFO: [VRFC 10-2263] Analyzing Verilog file "C:/XJTU COMPARCH/project_3/project_3.srcs/sources_1/new/SUB.v" into library xil_defaultlib
INFO: [VRFC 10-311] analyzing module SUB
INFO: [VRFC 10-2263] Analyzing Verilog file "C:/XJTU COMPARCH/project_3/project_3.srcs/sources_1/new/fulladder_1.v" into library xil_defaultlib
INFO: [VRFC 10-311] analyzing module fulladder_1
INFO: [VRFC 10-2263] Analyzing Verilog file "C:/XJTU COMPARCH/project_3/project_3.srcs/sources_1/new/fulladder_16.v" into library xil_defaultlib
INFO: [VRFC 10-311] analyzing module fulladder_16
INFO: [VRFC 10-2263] Analyzing Verilog file "C:/XJTU COMPARCH/project_3/project_3.srcs/sources_1/new/fulladder_32.v" into library xil_defaultlib
INFO: [VRFC 10-311] analyzing module fulladder_32
INFO: [VRFC 10-2263] Analyzing Verilog file "C:/XJTU COMPARCH/project_3/project_3.srcs/sources_1/new/fulladder_4.v" into library xil_defaultlib
INFO: [VRFC 10-311] analyzing module fulladder_4
INFO: [VRFC 10-2263] Analyzing Verilog file "C:/XJTU COMPARCH/project_3/project_3.srcs/sim_1/new/sim_ALU.v" into library xil_defaultlib
INFO: [VRFC 10-311] analyzing module sim_ALU
WARNING: [VRFC 10-526] concatenation with unsized literal; will interpret as 32 bits [C:/XJTU COMPARCH/project_3/project_3.srcs/sim_1/new/sim_ALU.v:37]
INFO: [USF-XSim-69] 'compile' step finished in '1' seconds
INFO: [USF-XSim-3] XSim::Elaborate design
INFO: [USF-XSim-61] Executing 'ELABORATE' step in 'C:/XJTU COMPARCH/project_3/project_3.sim/sim_1/behav/xsim'
"xelab -wto 16b8627c71ef4d079f8c706a6e47f435 --incr --debug typical --relax --mt 2 -L xil_defaultlib -L unisims_ver -L unimacro_ver -L secureip --snapshot sim_ALU_behav xil_defaultlib.sim_ALU xil_defaultlib.glbl -log elaborate.log"
Vivado Simulator 2019.2
Copyright 1986-1999, 2001-2019 Xilinx, Inc. All Rights Reserved.
Running: C:/Xilinx2019/Vivado/2019.2/bin/unwrapped/win64.o/xelab.exe -wto 16b8627c71ef4d079f8c706a6e47f435 --incr --debug typical --relax --mt 2 -L xil_defaultlib -L unisims_ver -L unimacro_ver -L secureip --snapshot sim_ALU_behav xil_defaultlib.sim_ALU xil_defaultlib.glbl -log elaborate.log 
Using 2 slave threads.
Starting static elaboration
Pass Through NonSizing Optimizer
WARNING: [VRFC 10-3091] actual bit length 1 differs from formal bit length 32 for port 'A' [C:/XJTU COMPARCH/project_3/project_3.srcs/sources_1/new/ALU_8.v:56]
WARNING: [VRFC 10-3091] actual bit length 32 differs from formal bit length 1 for port 'Cin' [C:/XJTU COMPARCH/project_3/project_3.srcs/sources_1/new/ADD.v:37]
WARNING: [VRFC 10-3091] actual bit length 1 differs from formal bit length 32 for port 'A' [C:/XJTU COMPARCH/project_3/project_3.srcs/sources_1/new/ALU_8.v:57]
WARNING: [VRFC 10-526] concatenation with unsized literal; will interpret as 32 bits [C:/XJTU COMPARCH/project_3/project_3.srcs/sim_1/new/sim_ALU.v:37]
Completed static elaboration
Starting simulation data flow analysis
Completed simulation data flow analysis
Time Resolution for simulation is 1ps
Compiling module xil_defaultlib.Decoder38
Compiling module xil_defaultlib.fulladder_1
Compiling module xil_defaultlib.fulladder_4
Compiling module xil_defaultlib.fulladder_16
Compiling module xil_defaultlib.fulladder_32
Compiling module xil_defaultlib.ADD
Compiling module xil_defaultlib.SUB
Compiling module xil_defaultlib.SLT
Compiling module xil_defaultlib.SLL
Compiling module xil_defaultlib.ALU_8
Compiling module xil_defaultlib.ALU
Compiling module xil_defaultlib.sim_ALU
Compiling module xil_defaultlib.glbl
Built simulation snapshot sim_ALU_behav
INFO: [USF-XSim-69] 'elaborate' step finished in '1' seconds
INFO: [USF-XSim-4] XSim::Simulate design
INFO: [USF-XSim-61] Executing 'SIMULATE' step in 'C:/XJTU COMPARCH/project_3/project_3.sim/sim_1/behav/xsim'
INFO: [USF-XSim-98] *** Running xsim
   with args "sim_ALU_behav -key {Behavioral:sim_1:Functional:sim_ALU} -tclbatch {sim_ALU.tcl} -log {simulate.log}"
INFO: [USF-XSim-8] Loading simulator feature
Vivado Simulator 2019.2
Time resolution is 1 ps
source sim_ALU.tcl
# set curr_wave [current_wave_config]
# if { [string length $curr_wave] == 0 } {
#   if { [llength [get_objects]] > 0} {
#     add_wave /
#     set_property needs_save false [current_wave_config]
#   } else {
#      send_msg_id Add_Wave-1 WARNING "No top level signals found. Simulator will start without a wave window. If you want to open a wave window go to 'File->New Waveform Configuration' or type 'create_wave_config' in the TCL console."
#   }
# }
# run 1000ns
INFO: [USF-XSim-96] XSim completed. Design snapshot 'sim_ALU_behav' loaded.
INFO: [USF-XSim-97] XSim simulation ran for 1000ns
close_sim
INFO: [Simtcl 6-16] Simulation closed
reset_simulation -simset sim_1 -mode behavioral
INFO: [Vivado 12-2266] Removing simulation data...
INFO: [Vivado 12-2267] Reset complete
launch_simulation
Command: launch_simulation 
INFO: [Vivado 12-5682] Launching behavioral simulation in 'C:/XJTU COMPARCH/project_3/project_3.sim/sim_1/behav/xsim'
INFO: [SIM-utils-51] Simulation object is 'sim_1'
INFO: [SIM-utils-54] Inspecting design source files for 'sim_ALU' in fileset 'sim_1'...
INFO: [USF-XSim-97] Finding global include files...
INFO: [USF-XSim-98] Fetching design files from 'sim_1'...
INFO: [USF-XSim-2] XSim::Compile design
INFO: [USF-XSim-61] Executing 'COMPILE and ANALYZE' step in 'C:/XJTU COMPARCH/project_3/project_3.sim/sim_1/behav/xsim'
"xvlog --incr --relax -prj sim_ALU_vlog.prj"
INFO: [VRFC 10-2263] Analyzing Verilog file "C:/XJTU COMPARCH/project_3/project_3.srcs/sources_1/new/ADD.v" into library xil_defaultlib
INFO: [VRFC 10-311] analyzing module ADD
INFO: [VRFC 10-2458] undeclared symbol Fw, assumed default net type wire [C:/XJTU COMPARCH/project_3/project_3.srcs/sources_1/new/ADD.v:42]
INFO: [VRFC 10-2263] Analyzing Verilog file "C:/XJTU COMPARCH/project_3/project_3.srcs/sources_1/new/ALU.v" into library xil_defaultlib
INFO: [VRFC 10-311] analyzing module ALU
INFO: [VRFC 10-2263] Analyzing Verilog file "C:/XJTU COMPARCH/project_3/project_3.srcs/sources_1/new/ALU_8.v" into library xil_defaultlib
INFO: [VRFC 10-311] analyzing module ALU_8
INFO: [VRFC 10-2458] undeclared symbol Fa, assumed default net type wire [C:/XJTU COMPARCH/project_3/project_3.srcs/sources_1/new/ALU_8.v:43]
INFO: [VRFC 10-2263] Analyzing Verilog file "C:/XJTU COMPARCH/project_3/project_3.srcs/sources_1/new/Decoder38.v" into library xil_defaultlib
INFO: [VRFC 10-311] analyzing module Decoder38
INFO: [VRFC 10-2263] Analyzing Verilog file "C:/XJTU COMPARCH/project_3/project_3.srcs/sources_1/new/SLL.v" into library xil_defaultlib
INFO: [VRFC 10-311] analyzing module SLL
INFO: [VRFC 10-2263] Analyzing Verilog file "C:/XJTU COMPARCH/project_3/project_3.srcs/sources_1/new/SLT.v" into library xil_defaultlib
INFO: [VRFC 10-311] analyzing module SLT
INFO: [VRFC 10-2263] Analyzing Verilog file "C:/XJTU COMPARCH/project_3/project_3.srcs/sources_1/new/SUB.v" into library xil_defaultlib
INFO: [VRFC 10-311] analyzing module SUB
INFO: [VRFC 10-2263] Analyzing Verilog file "C:/XJTU COMPARCH/project_3/project_3.srcs/sources_1/new/fulladder_1.v" into library xil_defaultlib
INFO: [VRFC 10-311] analyzing module fulladder_1
INFO: [VRFC 10-2263] Analyzing Verilog file "C:/XJTU COMPARCH/project_3/project_3.srcs/sources_1/new/fulladder_16.v" into library xil_defaultlib
INFO: [VRFC 10-311] analyzing module fulladder_16
INFO: [VRFC 10-2263] Analyzing Verilog file "C:/XJTU COMPARCH/project_3/project_3.srcs/sources_1/new/fulladder_32.v" into library xil_defaultlib
INFO: [VRFC 10-311] analyzing module fulladder_32
INFO: [VRFC 10-2263] Analyzing Verilog file "C:/XJTU COMPARCH/project_3/project_3.srcs/sources_1/new/fulladder_4.v" into library xil_defaultlib
INFO: [VRFC 10-311] analyzing module fulladder_4
INFO: [VRFC 10-2263] Analyzing Verilog file "C:/XJTU COMPARCH/project_3/project_3.srcs/sim_1/new/sim_ALU.v" into library xil_defaultlib
INFO: [VRFC 10-311] analyzing module sim_ALU
INFO: [VRFC 10-2263] Analyzing Verilog file "C:/XJTU COMPARCH/project_3/project_3.sim/sim_1/behav/xsim/glbl.v" into library xil_defaultlib
INFO: [VRFC 10-311] analyzing module glbl
INFO: [USF-XSim-69] 'compile' step finished in '1' seconds
INFO: [USF-XSim-3] XSim::Elaborate design
INFO: [USF-XSim-61] Executing 'ELABORATE' step in 'C:/XJTU COMPARCH/project_3/project_3.sim/sim_1/behav/xsim'
"xelab -wto 16b8627c71ef4d079f8c706a6e47f435 --incr --debug typical --relax --mt 2 -L xil_defaultlib -L unisims_ver -L unimacro_ver -L secureip --snapshot sim_ALU_behav xil_defaultlib.sim_ALU xil_defaultlib.glbl -log elaborate.log"
Vivado Simulator 2019.2
Copyright 1986-1999, 2001-2019 Xilinx, Inc. All Rights Reserved.
Running: C:/Xilinx2019/Vivado/2019.2/bin/unwrapped/win64.o/xelab.exe -wto 16b8627c71ef4d079f8c706a6e47f435 --incr --debug typical --relax --mt 2 -L xil_defaultlib -L unisims_ver -L unimacro_ver -L secureip --snapshot sim_ALU_behav xil_defaultlib.sim_ALU xil_defaultlib.glbl -log elaborate.log 
Using 2 slave threads.
Starting static elaboration
Pass Through NonSizing Optimizer
WARNING: [VRFC 10-3091] actual bit length 1 differs from formal bit length 32 for port 'A' [C:/XJTU COMPARCH/project_3/project_3.srcs/sources_1/new/ALU_8.v:56]
WARNING: [VRFC 10-3091] actual bit length 32 differs from formal bit length 1 for port 'Cin' [C:/XJTU COMPARCH/project_3/project_3.srcs/sources_1/new/ADD.v:37]
WARNING: [VRFC 10-3091] actual bit length 1 differs from formal bit length 32 for port 'A' [C:/XJTU COMPARCH/project_3/project_3.srcs/sources_1/new/ALU_8.v:57]
Completed static elaboration
Starting simulation data flow analysis
Completed simulation data flow analysis
Time Resolution for simulation is 1ps
Compiling module xil_defaultlib.Decoder38
Compiling module xil_defaultlib.fulladder_1
Compiling module xil_defaultlib.fulladder_4
Compiling module xil_defaultlib.fulladder_16
Compiling module xil_defaultlib.fulladder_32
Compiling module xil_defaultlib.ADD
Compiling module xil_defaultlib.SUB
Compiling module xil_defaultlib.SLT
Compiling module xil_defaultlib.SLL
Compiling module xil_defaultlib.ALU_8
Compiling module xil_defaultlib.ALU
Compiling module xil_defaultlib.sim_ALU
Compiling module xil_defaultlib.glbl
Built simulation snapshot sim_ALU_behav

****** Webtalk v2019.2 (64-bit)
  **** SW Build 2708876 on Wed Nov  6 21:40:23 MST 2019
  **** IP Build 2700528 on Thu Nov  7 00:09:20 MST 2019
    ** Copyright 1986-2019 Xilinx, Inc. All Rights Reserved.

source C:/XJTU -notrace
couldn't read file "C:/XJTU": permission denied
INFO: [Common 17-206] Exiting Webtalk at Tue Oct 29 11:38:50 2024...
INFO: [USF-XSim-69] 'elaborate' step finished in '2' seconds
INFO: [USF-XSim-4] XSim::Simulate design
INFO: [USF-XSim-61] Executing 'SIMULATE' step in 'C:/XJTU COMPARCH/project_3/project_3.sim/sim_1/behav/xsim'
INFO: [USF-XSim-98] *** Running xsim
   with args "sim_ALU_behav -key {Behavioral:sim_1:Functional:sim_ALU} -tclbatch {sim_ALU.tcl} -log {simulate.log}"
INFO: [USF-XSim-8] Loading simulator feature
Vivado Simulator 2019.2
Time resolution is 1 ps
source sim_ALU.tcl
# set curr_wave [current_wave_config]
# if { [string length $curr_wave] == 0 } {
#   if { [llength [get_objects]] > 0} {
#     add_wave /
#     set_property needs_save false [current_wave_config]
#   } else {
#      send_msg_id Add_Wave-1 WARNING "No top level signals found. Simulator will start without a wave window. If you want to open a wave window go to 'File->New Waveform Configuration' or type 'create_wave_config' in the TCL console."
#   }
# }
# run 1000ns
INFO: [USF-XSim-96] XSim completed. Design snapshot 'sim_ALU_behav' loaded.
INFO: [USF-XSim-97] XSim simulation ran for 1000ns
launch_simulation: Time (s): cpu = 00:00:01 ; elapsed = 00:00:06 . Memory (MB): peak = 961.324 ; gain = 6.301
close_sim
INFO: [Simtcl 6-16] Simulation closed
launch_simulation
Command: launch_simulation 
INFO: [Vivado 12-5682] Launching behavioral simulation in 'C:/XJTU COMPARCH/project_3/project_3.sim/sim_1/behav/xsim'
INFO: [SIM-utils-51] Simulation object is 'sim_1'
INFO: [SIM-utils-54] Inspecting design source files for 'sim_ALU' in fileset 'sim_1'...
INFO: [USF-XSim-97] Finding global include files...
INFO: [USF-XSim-98] Fetching design files from 'sim_1'...
INFO: [USF-XSim-2] XSim::Compile design
INFO: [USF-XSim-61] Executing 'COMPILE and ANALYZE' step in 'C:/XJTU COMPARCH/project_3/project_3.sim/sim_1/behav/xsim'
"xvlog --incr --relax -prj sim_ALU_vlog.prj"
INFO: [VRFC 10-2263] Analyzing Verilog file "C:/XJTU COMPARCH/project_3/project_3.srcs/sources_1/new/ADD.v" into library xil_defaultlib
INFO: [VRFC 10-311] analyzing module ADD
INFO: [VRFC 10-2458] undeclared symbol Fw, assumed default net type wire [C:/XJTU COMPARCH/project_3/project_3.srcs/sources_1/new/ADD.v:42]
INFO: [VRFC 10-2263] Analyzing Verilog file "C:/XJTU COMPARCH/project_3/project_3.srcs/sources_1/new/ALU.v" into library xil_defaultlib
INFO: [VRFC 10-311] analyzing module ALU
INFO: [VRFC 10-2263] Analyzing Verilog file "C:/XJTU COMPARCH/project_3/project_3.srcs/sources_1/new/ALU_8.v" into library xil_defaultlib
INFO: [VRFC 10-311] analyzing module ALU_8
INFO: [VRFC 10-2458] undeclared symbol Fa, assumed default net type wire [C:/XJTU COMPARCH/project_3/project_3.srcs/sources_1/new/ALU_8.v:43]
INFO: [VRFC 10-2263] Analyzing Verilog file "C:/XJTU COMPARCH/project_3/project_3.srcs/sources_1/new/Decoder38.v" into library xil_defaultlib
INFO: [VRFC 10-311] analyzing module Decoder38
INFO: [VRFC 10-2263] Analyzing Verilog file "C:/XJTU COMPARCH/project_3/project_3.srcs/sources_1/new/SLL.v" into library xil_defaultlib
INFO: [VRFC 10-311] analyzing module SLL
INFO: [VRFC 10-2263] Analyzing Verilog file "C:/XJTU COMPARCH/project_3/project_3.srcs/sources_1/new/SLT.v" into library xil_defaultlib
INFO: [VRFC 10-311] analyzing module SLT
INFO: [VRFC 10-2263] Analyzing Verilog file "C:/XJTU COMPARCH/project_3/project_3.srcs/sources_1/new/SUB.v" into library xil_defaultlib
INFO: [VRFC 10-311] analyzing module SUB
INFO: [VRFC 10-2263] Analyzing Verilog file "C:/XJTU COMPARCH/project_3/project_3.srcs/sources_1/new/fulladder_1.v" into library xil_defaultlib
INFO: [VRFC 10-311] analyzing module fulladder_1
INFO: [VRFC 10-2263] Analyzing Verilog file "C:/XJTU COMPARCH/project_3/project_3.srcs/sources_1/new/fulladder_16.v" into library xil_defaultlib
INFO: [VRFC 10-311] analyzing module fulladder_16
INFO: [VRFC 10-2263] Analyzing Verilog file "C:/XJTU COMPARCH/project_3/project_3.srcs/sources_1/new/fulladder_32.v" into library xil_defaultlib
INFO: [VRFC 10-311] analyzing module fulladder_32
INFO: [VRFC 10-2263] Analyzing Verilog file "C:/XJTU COMPARCH/project_3/project_3.srcs/sources_1/new/fulladder_4.v" into library xil_defaultlib
INFO: [VRFC 10-311] analyzing module fulladder_4
INFO: [VRFC 10-2263] Analyzing Verilog file "C:/XJTU COMPARCH/project_3/project_3.srcs/sim_1/new/sim_ALU.v" into library xil_defaultlib
INFO: [VRFC 10-311] analyzing module sim_ALU
INFO: [USF-XSim-69] 'compile' step finished in '1' seconds
INFO: [USF-XSim-3] XSim::Elaborate design
INFO: [USF-XSim-61] Executing 'ELABORATE' step in 'C:/XJTU COMPARCH/project_3/project_3.sim/sim_1/behav/xsim'
"xelab -wto 16b8627c71ef4d079f8c706a6e47f435 --incr --debug typical --relax --mt 2 -L xil_defaultlib -L unisims_ver -L unimacro_ver -L secureip --snapshot sim_ALU_behav xil_defaultlib.sim_ALU xil_defaultlib.glbl -log elaborate.log"
Vivado Simulator 2019.2
Copyright 1986-1999, 2001-2019 Xilinx, Inc. All Rights Reserved.
Running: C:/Xilinx2019/Vivado/2019.2/bin/unwrapped/win64.o/xelab.exe -wto 16b8627c71ef4d079f8c706a6e47f435 --incr --debug typical --relax --mt 2 -L xil_defaultlib -L unisims_ver -L unimacro_ver -L secureip --snapshot sim_ALU_behav xil_defaultlib.sim_ALU xil_defaultlib.glbl -log elaborate.log 
Using 2 slave threads.
Starting static elaboration
Pass Through NonSizing Optimizer
WARNING: [VRFC 10-3091] actual bit length 1 differs from formal bit length 32 for port 'A' [C:/XJTU COMPARCH/project_3/project_3.srcs/sources_1/new/ALU_8.v:56]
WARNING: [VRFC 10-3091] actual bit length 32 differs from formal bit length 1 for port 'Cin' [C:/XJTU COMPARCH/project_3/project_3.srcs/sources_1/new/ADD.v:37]
WARNING: [VRFC 10-3091] actual bit length 1 differs from formal bit length 32 for port 'A' [C:/XJTU COMPARCH/project_3/project_3.srcs/sources_1/new/ALU_8.v:57]
Completed static elaboration
Starting simulation data flow analysis
Completed simulation data flow analysis
Time Resolution for simulation is 1ps
Compiling module xil_defaultlib.Decoder38
Compiling module xil_defaultlib.fulladder_1
Compiling module xil_defaultlib.fulladder_4
Compiling module xil_defaultlib.fulladder_16
Compiling module xil_defaultlib.fulladder_32
Compiling module xil_defaultlib.ADD
Compiling module xil_defaultlib.SUB
Compiling module xil_defaultlib.SLT
Compiling module xil_defaultlib.SLL
Compiling module xil_defaultlib.ALU_8
Compiling module xil_defaultlib.ALU
Compiling module xil_defaultlib.sim_ALU
Compiling module xil_defaultlib.glbl
Built simulation snapshot sim_ALU_behav
INFO: [USF-XSim-69] 'elaborate' step finished in '2' seconds
INFO: [USF-XSim-4] XSim::Simulate design
INFO: [USF-XSim-61] Executing 'SIMULATE' step in 'C:/XJTU COMPARCH/project_3/project_3.sim/sim_1/behav/xsim'
INFO: [USF-XSim-98] *** Running xsim
   with args "sim_ALU_behav -key {Behavioral:sim_1:Functional:sim_ALU} -tclbatch {sim_ALU.tcl} -log {simulate.log}"
INFO: [USF-XSim-8] Loading simulator feature
Vivado Simulator 2019.2
Time resolution is 1 ps
source sim_ALU.tcl
# set curr_wave [current_wave_config]
# if { [string length $curr_wave] == 0 } {
#   if { [llength [get_objects]] > 0} {
#     add_wave /
#     set_property needs_save false [current_wave_config]
#   } else {
#      send_msg_id Add_Wave-1 WARNING "No top level signals found. Simulator will start without a wave window. If you want to open a wave window go to 'File->New Waveform Configuration' or type 'create_wave_config' in the TCL console."
#   }
# }
# run 1000ns
INFO: [USF-XSim-96] XSim completed. Design snapshot 'sim_ALU_behav' loaded.
INFO: [USF-XSim-97] XSim simulation ran for 1000ns
close_sim
INFO: [Simtcl 6-16] Simulation closed
launch_simulation
Command: launch_simulation 
INFO: [Vivado 12-5682] Launching behavioral simulation in 'C:/XJTU COMPARCH/project_3/project_3.sim/sim_1/behav/xsim'
INFO: [SIM-utils-51] Simulation object is 'sim_1'
INFO: [SIM-utils-54] Inspecting design source files for 'sim_ALU' in fileset 'sim_1'...
INFO: [USF-XSim-97] Finding global include files...
INFO: [USF-XSim-98] Fetching design files from 'sim_1'...
INFO: [USF-XSim-2] XSim::Compile design
INFO: [USF-XSim-61] Executing 'COMPILE and ANALYZE' step in 'C:/XJTU COMPARCH/project_3/project_3.sim/sim_1/behav/xsim'
"xvlog --incr --relax -prj sim_ALU_vlog.prj"
INFO: [VRFC 10-2263] Analyzing Verilog file "C:/XJTU COMPARCH/project_3/project_3.srcs/sources_1/new/ADD.v" into library xil_defaultlib
INFO: [VRFC 10-311] analyzing module ADD
INFO: [VRFC 10-2458] undeclared symbol Fw, assumed default net type wire [C:/XJTU COMPARCH/project_3/project_3.srcs/sources_1/new/ADD.v:42]
INFO: [VRFC 10-2263] Analyzing Verilog file "C:/XJTU COMPARCH/project_3/project_3.srcs/sources_1/new/ALU.v" into library xil_defaultlib
INFO: [VRFC 10-311] analyzing module ALU
INFO: [VRFC 10-2263] Analyzing Verilog file "C:/XJTU COMPARCH/project_3/project_3.srcs/sources_1/new/ALU_8.v" into library xil_defaultlib
INFO: [VRFC 10-311] analyzing module ALU_8
INFO: [VRFC 10-2458] undeclared symbol Fa, assumed default net type wire [C:/XJTU COMPARCH/project_3/project_3.srcs/sources_1/new/ALU_8.v:43]
INFO: [VRFC 10-2263] Analyzing Verilog file "C:/XJTU COMPARCH/project_3/project_3.srcs/sources_1/new/Decoder38.v" into library xil_defaultlib
INFO: [VRFC 10-311] analyzing module Decoder38
INFO: [VRFC 10-2263] Analyzing Verilog file "C:/XJTU COMPARCH/project_3/project_3.srcs/sources_1/new/SLL.v" into library xil_defaultlib
INFO: [VRFC 10-311] analyzing module SLL
INFO: [VRFC 10-2263] Analyzing Verilog file "C:/XJTU COMPARCH/project_3/project_3.srcs/sources_1/new/SLT.v" into library xil_defaultlib
INFO: [VRFC 10-311] analyzing module SLT
INFO: [VRFC 10-2263] Analyzing Verilog file "C:/XJTU COMPARCH/project_3/project_3.srcs/sources_1/new/SUB.v" into library xil_defaultlib
INFO: [VRFC 10-311] analyzing module SUB
INFO: [VRFC 10-2263] Analyzing Verilog file "C:/XJTU COMPARCH/project_3/project_3.srcs/sources_1/new/fulladder_1.v" into library xil_defaultlib
INFO: [VRFC 10-311] analyzing module fulladder_1
INFO: [VRFC 10-2263] Analyzing Verilog file "C:/XJTU COMPARCH/project_3/project_3.srcs/sources_1/new/fulladder_16.v" into library xil_defaultlib
INFO: [VRFC 10-311] analyzing module fulladder_16
INFO: [VRFC 10-2263] Analyzing Verilog file "C:/XJTU COMPARCH/project_3/project_3.srcs/sources_1/new/fulladder_32.v" into library xil_defaultlib
INFO: [VRFC 10-311] analyzing module fulladder_32
INFO: [VRFC 10-2263] Analyzing Verilog file "C:/XJTU COMPARCH/project_3/project_3.srcs/sources_1/new/fulladder_4.v" into library xil_defaultlib
INFO: [VRFC 10-311] analyzing module fulladder_4
INFO: [VRFC 10-2263] Analyzing Verilog file "C:/XJTU COMPARCH/project_3/project_3.srcs/sim_1/new/sim_ALU.v" into library xil_defaultlib
INFO: [VRFC 10-311] analyzing module sim_ALU
INFO: [USF-XSim-69] 'compile' step finished in '1' seconds
INFO: [USF-XSim-3] XSim::Elaborate design
INFO: [USF-XSim-61] Executing 'ELABORATE' step in 'C:/XJTU COMPARCH/project_3/project_3.sim/sim_1/behav/xsim'
"xelab -wto 16b8627c71ef4d079f8c706a6e47f435 --incr --debug typical --relax --mt 2 -L xil_defaultlib -L unisims_ver -L unimacro_ver -L secureip --snapshot sim_ALU_behav xil_defaultlib.sim_ALU xil_defaultlib.glbl -log elaborate.log"
Vivado Simulator 2019.2
Copyright 1986-1999, 2001-2019 Xilinx, Inc. All Rights Reserved.
Running: C:/Xilinx2019/Vivado/2019.2/bin/unwrapped/win64.o/xelab.exe -wto 16b8627c71ef4d079f8c706a6e47f435 --incr --debug typical --relax --mt 2 -L xil_defaultlib -L unisims_ver -L unimacro_ver -L secureip --snapshot sim_ALU_behav xil_defaultlib.sim_ALU xil_defaultlib.glbl -log elaborate.log 
Using 2 slave threads.
Starting static elaboration
Pass Through NonSizing Optimizer
WARNING: [VRFC 10-3091] actual bit length 1 differs from formal bit length 32 for port 'A' [C:/XJTU COMPARCH/project_3/project_3.srcs/sources_1/new/ALU_8.v:56]
WARNING: [VRFC 10-3091] actual bit length 32 differs from formal bit length 1 for port 'Cin' [C:/XJTU COMPARCH/project_3/project_3.srcs/sources_1/new/ADD.v:37]
WARNING: [VRFC 10-3091] actual bit length 1 differs from formal bit length 32 for port 'A' [C:/XJTU COMPARCH/project_3/project_3.srcs/sources_1/new/ALU_8.v:57]
Completed static elaboration
Starting simulation data flow analysis
Completed simulation data flow analysis
Time Resolution for simulation is 1ps
Compiling module xil_defaultlib.Decoder38
Compiling module xil_defaultlib.fulladder_1
Compiling module xil_defaultlib.fulladder_4
Compiling module xil_defaultlib.fulladder_16
Compiling module xil_defaultlib.fulladder_32
Compiling module xil_defaultlib.ADD
Compiling module xil_defaultlib.SUB
Compiling module xil_defaultlib.SLT
Compiling module xil_defaultlib.SLL
Compiling module xil_defaultlib.ALU_8
Compiling module xil_defaultlib.ALU
Compiling module xil_defaultlib.sim_ALU
Compiling module xil_defaultlib.glbl
Built simulation snapshot sim_ALU_behav
INFO: [USF-XSim-69] 'elaborate' step finished in '2' seconds
INFO: [USF-XSim-4] XSim::Simulate design
INFO: [USF-XSim-61] Executing 'SIMULATE' step in 'C:/XJTU COMPARCH/project_3/project_3.sim/sim_1/behav/xsim'
INFO: [USF-XSim-98] *** Running xsim
   with args "sim_ALU_behav -key {Behavioral:sim_1:Functional:sim_ALU} -tclbatch {sim_ALU.tcl} -log {simulate.log}"
INFO: [USF-XSim-8] Loading simulator feature
Vivado Simulator 2019.2
Time resolution is 1 ps
source sim_ALU.tcl
# set curr_wave [current_wave_config]
# if { [string length $curr_wave] == 0 } {
#   if { [llength [get_objects]] > 0} {
#     add_wave /
#     set_property needs_save false [current_wave_config]
#   } else {
#      send_msg_id Add_Wave-1 WARNING "No top level signals found. Simulator will start without a wave window. If you want to open a wave window go to 'File->New Waveform Configuration' or type 'create_wave_config' in the TCL console."
#   }
# }
# run 1000ns
INFO: [USF-XSim-96] XSim completed. Design snapshot 'sim_ALU_behav' loaded.
INFO: [USF-XSim-97] XSim simulation ran for 1000ns
close_sim
INFO: [Simtcl 6-16] Simulation closed
launch_simulation
Command: launch_simulation 
INFO: [Vivado 12-5682] Launching behavioral simulation in 'C:/XJTU COMPARCH/project_3/project_3.sim/sim_1/behav/xsim'
INFO: [SIM-utils-51] Simulation object is 'sim_1'
INFO: [SIM-utils-54] Inspecting design source files for 'sim_ALU' in fileset 'sim_1'...
INFO: [USF-XSim-97] Finding global include files...
INFO: [USF-XSim-98] Fetching design files from 'sim_1'...
INFO: [USF-XSim-2] XSim::Compile design
INFO: [USF-XSim-61] Executing 'COMPILE and ANALYZE' step in 'C:/XJTU COMPARCH/project_3/project_3.sim/sim_1/behav/xsim'
"xvlog --incr --relax -prj sim_ALU_vlog.prj"
INFO: [VRFC 10-2263] Analyzing Verilog file "C:/XJTU COMPARCH/project_3/project_3.srcs/sources_1/new/ADD.v" into library xil_defaultlib
INFO: [VRFC 10-311] analyzing module ADD
INFO: [VRFC 10-2458] undeclared symbol Fw, assumed default net type wire [C:/XJTU COMPARCH/project_3/project_3.srcs/sources_1/new/ADD.v:42]
INFO: [VRFC 10-2263] Analyzing Verilog file "C:/XJTU COMPARCH/project_3/project_3.srcs/sources_1/new/ALU.v" into library xil_defaultlib
INFO: [VRFC 10-311] analyzing module ALU
INFO: [VRFC 10-2263] Analyzing Verilog file "C:/XJTU COMPARCH/project_3/project_3.srcs/sources_1/new/ALU_8.v" into library xil_defaultlib
INFO: [VRFC 10-311] analyzing module ALU_8
INFO: [VRFC 10-2458] undeclared symbol Fa, assumed default net type wire [C:/XJTU COMPARCH/project_3/project_3.srcs/sources_1/new/ALU_8.v:43]
INFO: [VRFC 10-2263] Analyzing Verilog file "C:/XJTU COMPARCH/project_3/project_3.srcs/sources_1/new/Decoder38.v" into library xil_defaultlib
INFO: [VRFC 10-311] analyzing module Decoder38
INFO: [VRFC 10-2263] Analyzing Verilog file "C:/XJTU COMPARCH/project_3/project_3.srcs/sources_1/new/SLL.v" into library xil_defaultlib
INFO: [VRFC 10-311] analyzing module SLL
INFO: [VRFC 10-2263] Analyzing Verilog file "C:/XJTU COMPARCH/project_3/project_3.srcs/sources_1/new/SLT.v" into library xil_defaultlib
INFO: [VRFC 10-311] analyzing module SLT
INFO: [VRFC 10-2263] Analyzing Verilog file "C:/XJTU COMPARCH/project_3/project_3.srcs/sources_1/new/SUB.v" into library xil_defaultlib
INFO: [VRFC 10-311] analyzing module SUB
INFO: [VRFC 10-2263] Analyzing Verilog file "C:/XJTU COMPARCH/project_3/project_3.srcs/sources_1/new/fulladder_1.v" into library xil_defaultlib
INFO: [VRFC 10-311] analyzing module fulladder_1
INFO: [VRFC 10-2263] Analyzing Verilog file "C:/XJTU COMPARCH/project_3/project_3.srcs/sources_1/new/fulladder_16.v" into library xil_defaultlib
INFO: [VRFC 10-311] analyzing module fulladder_16
INFO: [VRFC 10-2263] Analyzing Verilog file "C:/XJTU COMPARCH/project_3/project_3.srcs/sources_1/new/fulladder_32.v" into library xil_defaultlib
INFO: [VRFC 10-311] analyzing module fulladder_32
INFO: [VRFC 10-2263] Analyzing Verilog file "C:/XJTU COMPARCH/project_3/project_3.srcs/sources_1/new/fulladder_4.v" into library xil_defaultlib
INFO: [VRFC 10-311] analyzing module fulladder_4
INFO: [VRFC 10-2263] Analyzing Verilog file "C:/XJTU COMPARCH/project_3/project_3.srcs/sim_1/new/sim_ALU.v" into library xil_defaultlib
INFO: [VRFC 10-311] analyzing module sim_ALU
INFO: [USF-XSim-69] 'compile' step finished in '1' seconds
INFO: [USF-XSim-3] XSim::Elaborate design
INFO: [USF-XSim-61] Executing 'ELABORATE' step in 'C:/XJTU COMPARCH/project_3/project_3.sim/sim_1/behav/xsim'
"xelab -wto 16b8627c71ef4d079f8c706a6e47f435 --incr --debug typical --relax --mt 2 -L xil_defaultlib -L unisims_ver -L unimacro_ver -L secureip --snapshot sim_ALU_behav xil_defaultlib.sim_ALU xil_defaultlib.glbl -log elaborate.log"
Vivado Simulator 2019.2
Copyright 1986-1999, 2001-2019 Xilinx, Inc. All Rights Reserved.
Running: C:/Xilinx2019/Vivado/2019.2/bin/unwrapped/win64.o/xelab.exe -wto 16b8627c71ef4d079f8c706a6e47f435 --incr --debug typical --relax --mt 2 -L xil_defaultlib -L unisims_ver -L unimacro_ver -L secureip --snapshot sim_ALU_behav xil_defaultlib.sim_ALU xil_defaultlib.glbl -log elaborate.log 
Using 2 slave threads.
Starting static elaboration
Pass Through NonSizing Optimizer
WARNING: [VRFC 10-3091] actual bit length 1 differs from formal bit length 32 for port 'A' [C:/XJTU COMPARCH/project_3/project_3.srcs/sources_1/new/ALU_8.v:56]
WARNING: [VRFC 10-3091] actual bit length 32 differs from formal bit length 1 for port 'Cin' [C:/XJTU COMPARCH/project_3/project_3.srcs/sources_1/new/ADD.v:37]
WARNING: [VRFC 10-3091] actual bit length 1 differs from formal bit length 32 for port 'A' [C:/XJTU COMPARCH/project_3/project_3.srcs/sources_1/new/ALU_8.v:57]
Completed static elaboration
Starting simulation data flow analysis
Completed simulation data flow analysis
Time Resolution for simulation is 1ps
Compiling module xil_defaultlib.Decoder38
Compiling module xil_defaultlib.fulladder_1
Compiling module xil_defaultlib.fulladder_4
Compiling module xil_defaultlib.fulladder_16
Compiling module xil_defaultlib.fulladder_32
Compiling module xil_defaultlib.ADD
Compiling module xil_defaultlib.SUB
Compiling module xil_defaultlib.SLT
Compiling module xil_defaultlib.SLL
Compiling module xil_defaultlib.ALU_8
Compiling module xil_defaultlib.ALU
Compiling module xil_defaultlib.sim_ALU
Compiling module xil_defaultlib.glbl
Built simulation snapshot sim_ALU_behav
INFO: [USF-XSim-69] 'elaborate' step finished in '1' seconds
INFO: [USF-XSim-4] XSim::Simulate design
INFO: [USF-XSim-61] Executing 'SIMULATE' step in 'C:/XJTU COMPARCH/project_3/project_3.sim/sim_1/behav/xsim'
INFO: [USF-XSim-98] *** Running xsim
   with args "sim_ALU_behav -key {Behavioral:sim_1:Functional:sim_ALU} -tclbatch {sim_ALU.tcl} -log {simulate.log}"
INFO: [USF-XSim-8] Loading simulator feature
Vivado Simulator 2019.2
Time resolution is 1 ps
source sim_ALU.tcl
# set curr_wave [current_wave_config]
# if { [string length $curr_wave] == 0 } {
#   if { [llength [get_objects]] > 0} {
#     add_wave /
#     set_property needs_save false [current_wave_config]
#   } else {
#      send_msg_id Add_Wave-1 WARNING "No top level signals found. Simulator will start without a wave window. If you want to open a wave window go to 'File->New Waveform Configuration' or type 'create_wave_config' in the TCL console."
#   }
# }
# run 1000ns
INFO: [USF-XSim-96] XSim completed. Design snapshot 'sim_ALU_behav' loaded.
INFO: [USF-XSim-97] XSim simulation ran for 1000ns
close_sim
INFO: [Simtcl 6-16] Simulation closed
set_property top ALU_8 [current_fileset]
update_compile_order -fileset sources_1
launch_simulation
Command: launch_simulation 
INFO: [Vivado 12-5682] Launching behavioral simulation in 'C:/XJTU COMPARCH/project_3/project_3.sim/sim_1/behav/xsim'
INFO: [SIM-utils-51] Simulation object is 'sim_1'
INFO: [SIM-utils-54] Inspecting design source files for 'sim_ALU' in fileset 'sim_1'...
INFO: [USF-XSim-97] Finding global include files...
INFO: [USF-XSim-98] Fetching design files from 'sim_1'...
INFO: [USF-XSim-2] XSim::Compile design
INFO: [USF-XSim-61] Executing 'COMPILE and ANALYZE' step in 'C:/XJTU COMPARCH/project_3/project_3.sim/sim_1/behav/xsim'
"xvlog --incr --relax -prj sim_ALU_vlog.prj"
INFO: [VRFC 10-2263] Analyzing Verilog file "C:/XJTU COMPARCH/project_3/project_3.srcs/sources_1/new/ADD.v" into library xil_defaultlib
INFO: [VRFC 10-311] analyzing module ADD
INFO: [VRFC 10-2458] undeclared symbol Fw, assumed default net type wire [C:/XJTU COMPARCH/project_3/project_3.srcs/sources_1/new/ADD.v:42]
INFO: [VRFC 10-2263] Analyzing Verilog file "C:/XJTU COMPARCH/project_3/project_3.srcs/sources_1/new/ALU_8.v" into library xil_defaultlib
INFO: [VRFC 10-311] analyzing module ALU_8
INFO: [VRFC 10-2458] undeclared symbol Fa, assumed default net type wire [C:/XJTU COMPARCH/project_3/project_3.srcs/sources_1/new/ALU_8.v:42]
INFO: [VRFC 10-2458] undeclared symbol C, assumed default net type wire [C:/XJTU COMPARCH/project_3/project_3.srcs/sources_1/new/ALU_8.v:55]
INFO: [VRFC 10-2263] Analyzing Verilog file "C:/XJTU COMPARCH/project_3/project_3.srcs/sources_1/new/Decoder38.v" into library xil_defaultlib
INFO: [VRFC 10-311] analyzing module Decoder38
INFO: [VRFC 10-2263] Analyzing Verilog file "C:/XJTU COMPARCH/project_3/project_3.srcs/sources_1/new/SLL.v" into library xil_defaultlib
INFO: [VRFC 10-311] analyzing module SLL
INFO: [VRFC 10-2263] Analyzing Verilog file "C:/XJTU COMPARCH/project_3/project_3.srcs/sources_1/new/SLT.v" into library xil_defaultlib
INFO: [VRFC 10-311] analyzing module SLT
INFO: [VRFC 10-2263] Analyzing Verilog file "C:/XJTU COMPARCH/project_3/project_3.srcs/sources_1/new/SUB.v" into library xil_defaultlib
INFO: [VRFC 10-311] analyzing module SUB
INFO: [VRFC 10-2263] Analyzing Verilog file "C:/XJTU COMPARCH/project_3/project_3.srcs/sources_1/new/fulladder_1.v" into library xil_defaultlib
INFO: [VRFC 10-311] analyzing module fulladder_1
INFO: [VRFC 10-2263] Analyzing Verilog file "C:/XJTU COMPARCH/project_3/project_3.srcs/sources_1/new/fulladder_16.v" into library xil_defaultlib
INFO: [VRFC 10-311] analyzing module fulladder_16
INFO: [VRFC 10-2263] Analyzing Verilog file "C:/XJTU COMPARCH/project_3/project_3.srcs/sources_1/new/fulladder_32.v" into library xil_defaultlib
INFO: [VRFC 10-311] analyzing module fulladder_32
INFO: [VRFC 10-2263] Analyzing Verilog file "C:/XJTU COMPARCH/project_3/project_3.srcs/sources_1/new/fulladder_4.v" into library xil_defaultlib
INFO: [VRFC 10-311] analyzing module fulladder_4
INFO: [VRFC 10-2263] Analyzing Verilog file "C:/XJTU COMPARCH/project_3/project_3.srcs/sim_1/new/sim_ALU.v" into library xil_defaultlib
INFO: [VRFC 10-311] analyzing module sim_ALU
INFO: [USF-XSim-69] 'compile' step finished in '1' seconds
INFO: [USF-XSim-3] XSim::Elaborate design
INFO: [USF-XSim-61] Executing 'ELABORATE' step in 'C:/XJTU COMPARCH/project_3/project_3.sim/sim_1/behav/xsim'
"xelab -wto 16b8627c71ef4d079f8c706a6e47f435 --incr --debug typical --relax --mt 2 -L xil_defaultlib -L unisims_ver -L unimacro_ver -L secureip --snapshot sim_ALU_behav xil_defaultlib.sim_ALU xil_defaultlib.glbl -log elaborate.log"
Vivado Simulator 2019.2
Copyright 1986-1999, 2001-2019 Xilinx, Inc. All Rights Reserved.
Running: C:/Xilinx2019/Vivado/2019.2/bin/unwrapped/win64.o/xelab.exe -wto 16b8627c71ef4d079f8c706a6e47f435 --incr --debug typical --relax --mt 2 -L xil_defaultlib -L unisims_ver -L unimacro_ver -L secureip --snapshot sim_ALU_behav xil_defaultlib.sim_ALU xil_defaultlib.glbl -log elaborate.log 
Using 2 slave threads.
Starting static elaboration
Pass Through NonSizing Optimizer
WARNING: [VRFC 10-3091] actual bit length 1 differs from formal bit length 32 for port 'A' [C:/XJTU COMPARCH/project_3/project_3.srcs/sources_1/new/ALU_8.v:55]
WARNING: [VRFC 10-3091] actual bit length 32 differs from formal bit length 1 for port 'Cin' [C:/XJTU COMPARCH/project_3/project_3.srcs/sources_1/new/ADD.v:37]
WARNING: [VRFC 10-3091] actual bit length 1 differs from formal bit length 32 for port 'A' [C:/XJTU COMPARCH/project_3/project_3.srcs/sources_1/new/ALU_8.v:56]
Completed static elaboration
Starting simulation data flow analysis
Completed simulation data flow analysis
Time Resolution for simulation is 1ps
Compiling module xil_defaultlib.Decoder38
Compiling module xil_defaultlib.fulladder_1
Compiling module xil_defaultlib.fulladder_4
Compiling module xil_defaultlib.fulladder_16
Compiling module xil_defaultlib.fulladder_32
Compiling module xil_defaultlib.ADD
Compiling module xil_defaultlib.SUB
Compiling module xil_defaultlib.SLT
Compiling module xil_defaultlib.SLL
Compiling module xil_defaultlib.ALU_8
Compiling module xil_defaultlib.sim_ALU
Compiling module xil_defaultlib.glbl
Built simulation snapshot sim_ALU_behav
INFO: [USF-XSim-69] 'elaborate' step finished in '2' seconds
INFO: [USF-XSim-4] XSim::Simulate design
INFO: [USF-XSim-61] Executing 'SIMULATE' step in 'C:/XJTU COMPARCH/project_3/project_3.sim/sim_1/behav/xsim'
INFO: [USF-XSim-98] *** Running xsim
   with args "sim_ALU_behav -key {Behavioral:sim_1:Functional:sim_ALU} -tclbatch {sim_ALU.tcl} -log {simulate.log}"
INFO: [USF-XSim-8] Loading simulator feature
Vivado Simulator 2019.2
Time resolution is 1 ps
source sim_ALU.tcl
# set curr_wave [current_wave_config]
# if { [string length $curr_wave] == 0 } {
#   if { [llength [get_objects]] > 0} {
#     add_wave /
#     set_property needs_save false [current_wave_config]
#   } else {
#      send_msg_id Add_Wave-1 WARNING "No top level signals found. Simulator will start without a wave window. If you want to open a wave window go to 'File->New Waveform Configuration' or type 'create_wave_config' in the TCL console."
#   }
# }
# run 1000ns
INFO: [USF-XSim-96] XSim completed. Design snapshot 'sim_ALU_behav' loaded.
INFO: [USF-XSim-97] XSim simulation ran for 1000ns
close_sim
INFO: [Simtcl 6-16] Simulation closed
launch_simulation
Command: launch_simulation 
INFO: [Vivado 12-5682] Launching behavioral simulation in 'C:/XJTU COMPARCH/project_3/project_3.sim/sim_1/behav/xsim'
INFO: [SIM-utils-51] Simulation object is 'sim_1'
INFO: [SIM-utils-54] Inspecting design source files for 'sim_ALU' in fileset 'sim_1'...
INFO: [USF-XSim-97] Finding global include files...
INFO: [USF-XSim-98] Fetching design files from 'sim_1'...
INFO: [USF-XSim-2] XSim::Compile design
INFO: [USF-XSim-61] Executing 'COMPILE and ANALYZE' step in 'C:/XJTU COMPARCH/project_3/project_3.sim/sim_1/behav/xsim'
"xvlog --incr --relax -prj sim_ALU_vlog.prj"
INFO: [VRFC 10-2263] Analyzing Verilog file "C:/XJTU COMPARCH/project_3/project_3.srcs/sources_1/new/ALU.v" into library xil_defaultlib
INFO: [VRFC 10-311] analyzing module ALU
INFO: [VRFC 10-2263] Analyzing Verilog file "C:/XJTU COMPARCH/project_3/project_3.srcs/sim_1/new/sim_ALU.v" into library xil_defaultlib
INFO: [VRFC 10-311] analyzing module sim_ALU
INFO: [USF-XSim-69] 'compile' step finished in '1' seconds
INFO: [USF-XSim-3] XSim::Elaborate design
INFO: [USF-XSim-61] Executing 'ELABORATE' step in 'C:/XJTU COMPARCH/project_3/project_3.sim/sim_1/behav/xsim'
"xelab -wto 16b8627c71ef4d079f8c706a6e47f435 --incr --debug typical --relax --mt 2 -L xil_defaultlib -L unisims_ver -L unimacro_ver -L secureip --snapshot sim_ALU_behav xil_defaultlib.sim_ALU xil_defaultlib.glbl -log elaborate.log"
Vivado Simulator 2019.2
Copyright 1986-1999, 2001-2019 Xilinx, Inc. All Rights Reserved.
Running: C:/Xilinx2019/Vivado/2019.2/bin/unwrapped/win64.o/xelab.exe -wto 16b8627c71ef4d079f8c706a6e47f435 --incr --debug typical --relax --mt 2 -L xil_defaultlib -L unisims_ver -L unimacro_ver -L secureip --snapshot sim_ALU_behav xil_defaultlib.sim_ALU xil_defaultlib.glbl -log elaborate.log 
Using 2 slave threads.
Starting static elaboration
Pass Through NonSizing Optimizer
WARNING: [VRFC 10-3091] actual bit length 1 differs from formal bit length 32 for port 'A' [C:/XJTU COMPARCH/project_3/project_3.srcs/sources_1/new/ALU_8.v:55]
WARNING: [VRFC 10-3091] actual bit length 32 differs from formal bit length 1 for port 'Cin' [C:/XJTU COMPARCH/project_3/project_3.srcs/sources_1/new/ADD.v:37]
WARNING: [VRFC 10-3091] actual bit length 1 differs from formal bit length 32 for port 'A' [C:/XJTU COMPARCH/project_3/project_3.srcs/sources_1/new/ALU_8.v:56]
Completed static elaboration
Starting simulation data flow analysis
Completed simulation data flow analysis
Time Resolution for simulation is 1ps
Compiling module xil_defaultlib.Decoder38
Compiling module xil_defaultlib.fulladder_1
Compiling module xil_defaultlib.fulladder_4
Compiling module xil_defaultlib.fulladder_16
Compiling module xil_defaultlib.fulladder_32
Compiling module xil_defaultlib.ADD
Compiling module xil_defaultlib.SUB
Compiling module xil_defaultlib.SLT
Compiling module xil_defaultlib.SLL
Compiling module xil_defaultlib.ALU_8
Compiling module xil_defaultlib.ALU
Compiling module xil_defaultlib.sim_ALU
Compiling module xil_defaultlib.glbl
Built simulation snapshot sim_ALU_behav
INFO: [USF-XSim-69] 'elaborate' step finished in '1' seconds
INFO: [USF-XSim-4] XSim::Simulate design
INFO: [USF-XSim-61] Executing 'SIMULATE' step in 'C:/XJTU COMPARCH/project_3/project_3.sim/sim_1/behav/xsim'
INFO: [USF-XSim-98] *** Running xsim
   with args "sim_ALU_behav -key {Behavioral:sim_1:Functional:sim_ALU} -tclbatch {sim_ALU.tcl} -log {simulate.log}"
INFO: [USF-XSim-8] Loading simulator feature
Vivado Simulator 2019.2
Time resolution is 1 ps
source sim_ALU.tcl
# set curr_wave [current_wave_config]
# if { [string length $curr_wave] == 0 } {
#   if { [llength [get_objects]] > 0} {
#     add_wave /
#     set_property needs_save false [current_wave_config]
#   } else {
#      send_msg_id Add_Wave-1 WARNING "No top level signals found. Simulator will start without a wave window. If you want to open a wave window go to 'File->New Waveform Configuration' or type 'create_wave_config' in the TCL console."
#   }
# }
# run 1000ns
INFO: [USF-XSim-96] XSim completed. Design snapshot 'sim_ALU_behav' loaded.
INFO: [USF-XSim-97] XSim simulation ran for 1000ns
update_compile_order -fileset sources_1
close_sim
INFO: [Simtcl 6-16] Simulation closed
launch_simulation
Command: launch_simulation 
INFO: [Vivado 12-5682] Launching behavioral simulation in 'C:/XJTU COMPARCH/project_3/project_3.sim/sim_1/behav/xsim'
INFO: [SIM-utils-51] Simulation object is 'sim_1'
INFO: [SIM-utils-54] Inspecting design source files for 'sim_ALU' in fileset 'sim_1'...
INFO: [USF-XSim-97] Finding global include files...
INFO: [USF-XSim-98] Fetching design files from 'sim_1'...
INFO: [USF-XSim-2] XSim::Compile design
INFO: [USF-XSim-61] Executing 'COMPILE and ANALYZE' step in 'C:/XJTU COMPARCH/project_3/project_3.sim/sim_1/behav/xsim'
"xvlog --incr --relax -prj sim_ALU_vlog.prj"
INFO: [VRFC 10-2263] Analyzing Verilog file "C:/XJTU COMPARCH/project_3/project_3.srcs/sources_1/new/ADD.v" into library xil_defaultlib
INFO: [VRFC 10-311] analyzing module ADD
INFO: [VRFC 10-2458] undeclared symbol Fw, assumed default net type wire [C:/XJTU COMPARCH/project_3/project_3.srcs/sources_1/new/ADD.v:42]
INFO: [VRFC 10-2263] Analyzing Verilog file "C:/XJTU COMPARCH/project_3/project_3.srcs/sources_1/new/ALU.v" into library xil_defaultlib
INFO: [VRFC 10-311] analyzing module ALU
INFO: [VRFC 10-2263] Analyzing Verilog file "C:/XJTU COMPARCH/project_3/project_3.srcs/sources_1/new/ALU_8.v" into library xil_defaultlib
INFO: [VRFC 10-311] analyzing module ALU_8
INFO: [VRFC 10-2263] Analyzing Verilog file "C:/XJTU COMPARCH/project_3/project_3.srcs/sources_1/new/Decoder38.v" into library xil_defaultlib
INFO: [VRFC 10-311] analyzing module Decoder38
INFO: [VRFC 10-2263] Analyzing Verilog file "C:/XJTU COMPARCH/project_3/project_3.srcs/sources_1/new/SLL.v" into library xil_defaultlib
INFO: [VRFC 10-311] analyzing module SLL
INFO: [VRFC 10-2263] Analyzing Verilog file "C:/XJTU COMPARCH/project_3/project_3.srcs/sources_1/new/SLT.v" into library xil_defaultlib
INFO: [VRFC 10-311] analyzing module SLT
INFO: [VRFC 10-2263] Analyzing Verilog file "C:/XJTU COMPARCH/project_3/project_3.srcs/sources_1/new/SUB.v" into library xil_defaultlib
INFO: [VRFC 10-311] analyzing module SUB
INFO: [VRFC 10-2263] Analyzing Verilog file "C:/XJTU COMPARCH/project_3/project_3.srcs/sources_1/new/fulladder_1.v" into library xil_defaultlib
INFO: [VRFC 10-311] analyzing module fulladder_1
INFO: [VRFC 10-2263] Analyzing Verilog file "C:/XJTU COMPARCH/project_3/project_3.srcs/sources_1/new/fulladder_16.v" into library xil_defaultlib
INFO: [VRFC 10-311] analyzing module fulladder_16
INFO: [VRFC 10-2263] Analyzing Verilog file "C:/XJTU COMPARCH/project_3/project_3.srcs/sources_1/new/fulladder_32.v" into library xil_defaultlib
INFO: [VRFC 10-311] analyzing module fulladder_32
INFO: [VRFC 10-2263] Analyzing Verilog file "C:/XJTU COMPARCH/project_3/project_3.srcs/sources_1/new/fulladder_4.v" into library xil_defaultlib
INFO: [VRFC 10-311] analyzing module fulladder_4
INFO: [VRFC 10-2263] Analyzing Verilog file "C:/XJTU COMPARCH/project_3/project_3.srcs/sim_1/new/sim_ALU.v" into library xil_defaultlib
INFO: [VRFC 10-311] analyzing module sim_ALU
INFO: [USF-XSim-69] 'compile' step finished in '1' seconds
INFO: [USF-XSim-3] XSim::Elaborate design
INFO: [USF-XSim-61] Executing 'ELABORATE' step in 'C:/XJTU COMPARCH/project_3/project_3.sim/sim_1/behav/xsim'
"xelab -wto 16b8627c71ef4d079f8c706a6e47f435 --incr --debug typical --relax --mt 2 -L xil_defaultlib -L unisims_ver -L unimacro_ver -L secureip --snapshot sim_ALU_behav xil_defaultlib.sim_ALU xil_defaultlib.glbl -log elaborate.log"
Vivado Simulator 2019.2
Copyright 1986-1999, 2001-2019 Xilinx, Inc. All Rights Reserved.
Running: C:/Xilinx2019/Vivado/2019.2/bin/unwrapped/win64.o/xelab.exe -wto 16b8627c71ef4d079f8c706a6e47f435 --incr --debug typical --relax --mt 2 -L xil_defaultlib -L unisims_ver -L unimacro_ver -L secureip --snapshot sim_ALU_behav xil_defaultlib.sim_ALU xil_defaultlib.glbl -log elaborate.log 
Using 2 slave threads.
Starting static elaboration
Pass Through NonSizing Optimizer
WARNING: [VRFC 10-3091] actual bit length 1 differs from formal bit length 32 for port 'A' [C:/XJTU COMPARCH/project_3/project_3.srcs/sources_1/new/ALU_8.v:57]
WARNING: [VRFC 10-3091] actual bit length 32 differs from formal bit length 1 for port 'Cin' [C:/XJTU COMPARCH/project_3/project_3.srcs/sources_1/new/ADD.v:37]
WARNING: [VRFC 10-3091] actual bit length 1 differs from formal bit length 32 for port 'A' [C:/XJTU COMPARCH/project_3/project_3.srcs/sources_1/new/ALU_8.v:59]
Completed static elaboration
Starting simulation data flow analysis
Completed simulation data flow analysis
Time Resolution for simulation is 1ps
Compiling module xil_defaultlib.Decoder38
Compiling module xil_defaultlib.fulladder_1
Compiling module xil_defaultlib.fulladder_4
Compiling module xil_defaultlib.fulladder_16
Compiling module xil_defaultlib.fulladder_32
Compiling module xil_defaultlib.ADD
Compiling module xil_defaultlib.SUB
Compiling module xil_defaultlib.SLT
Compiling module xil_defaultlib.SLL
Compiling module xil_defaultlib.ALU_8
Compiling module xil_defaultlib.ALU
Compiling module xil_defaultlib.sim_ALU
Compiling module xil_defaultlib.glbl
Built simulation snapshot sim_ALU_behav
INFO: [USF-XSim-69] 'elaborate' step finished in '1' seconds
INFO: [USF-XSim-4] XSim::Simulate design
INFO: [USF-XSim-61] Executing 'SIMULATE' step in 'C:/XJTU COMPARCH/project_3/project_3.sim/sim_1/behav/xsim'
INFO: [USF-XSim-98] *** Running xsim
   with args "sim_ALU_behav -key {Behavioral:sim_1:Functional:sim_ALU} -tclbatch {sim_ALU.tcl} -log {simulate.log}"
INFO: [USF-XSim-8] Loading simulator feature
Vivado Simulator 2019.2
Time resolution is 1 ps
source sim_ALU.tcl
# set curr_wave [current_wave_config]
# if { [string length $curr_wave] == 0 } {
#   if { [llength [get_objects]] > 0} {
#     add_wave /
#     set_property needs_save false [current_wave_config]
#   } else {
#      send_msg_id Add_Wave-1 WARNING "No top level signals found. Simulator will start without a wave window. If you want to open a wave window go to 'File->New Waveform Configuration' or type 'create_wave_config' in the TCL console."
#   }
# }
# run 1000ns
INFO: [USF-XSim-96] XSim completed. Design snapshot 'sim_ALU_behav' loaded.
INFO: [USF-XSim-97] XSim simulation ran for 1000ns
update_compile_order -fileset sources_1
close_sim
INFO: [Simtcl 6-16] Simulation closed
update_compile_order -fileset sources_1
launch_simulation
Command: launch_simulation 
INFO: [Vivado 12-5682] Launching behavioral simulation in 'C:/XJTU COMPARCH/project_3/project_3.sim/sim_1/behav/xsim'
INFO: [SIM-utils-51] Simulation object is 'sim_1'
INFO: [SIM-utils-54] Inspecting design source files for 'sim_ALU' in fileset 'sim_1'...
INFO: [USF-XSim-97] Finding global include files...
INFO: [USF-XSim-98] Fetching design files from 'sim_1'...
INFO: [USF-XSim-2] XSim::Compile design
INFO: [USF-XSim-61] Executing 'COMPILE and ANALYZE' step in 'C:/XJTU COMPARCH/project_3/project_3.sim/sim_1/behav/xsim'
"xvlog --incr --relax -prj sim_ALU_vlog.prj"
INFO: [VRFC 10-2263] Analyzing Verilog file "C:/XJTU COMPARCH/project_3/project_3.srcs/sources_1/new/ADD.v" into library xil_defaultlib
INFO: [VRFC 10-311] analyzing module ADD
INFO: [VRFC 10-2458] undeclared symbol Fw, assumed default net type wire [C:/XJTU COMPARCH/project_3/project_3.srcs/sources_1/new/ADD.v:42]
INFO: [VRFC 10-2263] Analyzing Verilog file "C:/XJTU COMPARCH/project_3/project_3.srcs/sources_1/new/ALU.v" into library xil_defaultlib
INFO: [VRFC 10-311] analyzing module ALU
INFO: [VRFC 10-2263] Analyzing Verilog file "C:/XJTU COMPARCH/project_3/project_3.srcs/sources_1/new/ALU_8.v" into library xil_defaultlib
INFO: [VRFC 10-311] analyzing module ALU_8
INFO: [VRFC 10-2263] Analyzing Verilog file "C:/XJTU COMPARCH/project_3/project_3.srcs/sources_1/new/Decoder38.v" into library xil_defaultlib
INFO: [VRFC 10-311] analyzing module Decoder38
INFO: [VRFC 10-2263] Analyzing Verilog file "C:/XJTU COMPARCH/project_3/project_3.srcs/sources_1/new/SLL.v" into library xil_defaultlib
INFO: [VRFC 10-311] analyzing module SLL
INFO: [VRFC 10-2263] Analyzing Verilog file "C:/XJTU COMPARCH/project_3/project_3.srcs/sources_1/new/SLT.v" into library xil_defaultlib
INFO: [VRFC 10-311] analyzing module SLT
INFO: [VRFC 10-2263] Analyzing Verilog file "C:/XJTU COMPARCH/project_3/project_3.srcs/sources_1/new/SUB.v" into library xil_defaultlib
INFO: [VRFC 10-311] analyzing module SUB
INFO: [VRFC 10-2263] Analyzing Verilog file "C:/XJTU COMPARCH/project_3/project_3.srcs/sources_1/new/fulladder_lookahead.v" into library xil_defaultlib
INFO: [VRFC 10-311] analyzing module fulladder_lookahead
INFO: [VRFC 10-2263] Analyzing Verilog file "C:/XJTU COMPARCH/project_3/project_3.srcs/sim_1/new/sim_ALU.v" into library xil_defaultlib
INFO: [VRFC 10-311] analyzing module sim_ALU
INFO: [USF-XSim-69] 'compile' step finished in '1' seconds
INFO: [USF-XSim-3] XSim::Elaborate design
INFO: [USF-XSim-61] Executing 'ELABORATE' step in 'C:/XJTU COMPARCH/project_3/project_3.sim/sim_1/behav/xsim'
"xelab -wto 16b8627c71ef4d079f8c706a6e47f435 --incr --debug typical --relax --mt 2 -L xil_defaultlib -L unisims_ver -L unimacro_ver -L secureip --snapshot sim_ALU_behav xil_defaultlib.sim_ALU xil_defaultlib.glbl -log elaborate.log"
Vivado Simulator 2019.2
Copyright 1986-1999, 2001-2019 Xilinx, Inc. All Rights Reserved.
Running: C:/Xilinx2019/Vivado/2019.2/bin/unwrapped/win64.o/xelab.exe -wto 16b8627c71ef4d079f8c706a6e47f435 --incr --debug typical --relax --mt 2 -L xil_defaultlib -L unisims_ver -L unimacro_ver -L secureip --snapshot sim_ALU_behav xil_defaultlib.sim_ALU xil_defaultlib.glbl -log elaborate.log 
Using 2 slave threads.
Starting static elaboration
Pass Through NonSizing Optimizer
WARNING: [VRFC 10-3091] actual bit length 1 differs from formal bit length 32 for port 'A' [C:/XJTU COMPARCH/project_3/project_3.srcs/sources_1/new/ALU_8.v:55]
WARNING: [VRFC 10-3091] actual bit length 32 differs from formal bit length 1 for port 'Cin' [C:/XJTU COMPARCH/project_3/project_3.srcs/sources_1/new/ADD.v:37]
WARNING: [VRFC 10-3091] actual bit length 1 differs from formal bit length 32 for port 'A' [C:/XJTU COMPARCH/project_3/project_3.srcs/sources_1/new/ALU_8.v:56]
Completed static elaboration
Starting simulation data flow analysis
Completed simulation data flow analysis
Time Resolution for simulation is 1ps
Compiling module xil_defaultlib.Decoder38
Compiling module xil_defaultlib.fulladder_lookahead
Compiling module xil_defaultlib.ADD
Compiling module xil_defaultlib.SUB
Compiling module xil_defaultlib.SLT
Compiling module xil_defaultlib.SLL
Compiling module xil_defaultlib.ALU_8
Compiling module xil_defaultlib.ALU
Compiling module xil_defaultlib.sim_ALU
Compiling module xil_defaultlib.glbl
Built simulation snapshot sim_ALU_behav
INFO: [USF-XSim-69] 'elaborate' step finished in '1' seconds
INFO: [USF-XSim-4] XSim::Simulate design
INFO: [USF-XSim-61] Executing 'SIMULATE' step in 'C:/XJTU COMPARCH/project_3/project_3.sim/sim_1/behav/xsim'
INFO: [USF-XSim-98] *** Running xsim
   with args "sim_ALU_behav -key {Behavioral:sim_1:Functional:sim_ALU} -tclbatch {sim_ALU.tcl} -log {simulate.log}"
INFO: [USF-XSim-8] Loading simulator feature
Vivado Simulator 2019.2
Time resolution is 1 ps
source sim_ALU.tcl
# set curr_wave [current_wave_config]
# if { [string length $curr_wave] == 0 } {
#   if { [llength [get_objects]] > 0} {
#     add_wave /
#     set_property needs_save false [current_wave_config]
#   } else {
#      send_msg_id Add_Wave-1 WARNING "No top level signals found. Simulator will start without a wave window. If you want to open a wave window go to 'File->New Waveform Configuration' or type 'create_wave_config' in the TCL console."
#   }
# }
# run 1000ns
INFO: [USF-XSim-96] XSim completed. Design snapshot 'sim_ALU_behav' loaded.
INFO: [USF-XSim-97] XSim simulation ran for 1000ns
close_sim
INFO: [Simtcl 6-16] Simulation closed
update_compile_order -fileset sources_1
launch_simulation
Command: launch_simulation 
INFO: [Vivado 12-5682] Launching behavioral simulation in 'C:/XJTU COMPARCH/project_3/project_3.sim/sim_1/behav/xsim'
INFO: [SIM-utils-51] Simulation object is 'sim_1'
INFO: [SIM-utils-54] Inspecting design source files for 'sim_ALU' in fileset 'sim_1'...
INFO: [USF-XSim-97] Finding global include files...
INFO: [USF-XSim-98] Fetching design files from 'sim_1'...
INFO: [USF-XSim-2] XSim::Compile design
INFO: [USF-XSim-61] Executing 'COMPILE and ANALYZE' step in 'C:/XJTU COMPARCH/project_3/project_3.sim/sim_1/behav/xsim'
"xvlog --incr --relax -prj sim_ALU_vlog.prj"
INFO: [VRFC 10-2263] Analyzing Verilog file "C:/XJTU COMPARCH/project_3/project_3.srcs/sources_1/new/ADD.v" into library xil_defaultlib
INFO: [VRFC 10-311] analyzing module ADD
INFO: [VRFC 10-2458] undeclared symbol Fw, assumed default net type wire [C:/XJTU COMPARCH/project_3/project_3.srcs/sources_1/new/ADD.v:42]
INFO: [VRFC 10-2263] Analyzing Verilog file "C:/XJTU COMPARCH/project_3/project_3.srcs/sources_1/new/ALU.v" into library xil_defaultlib
INFO: [VRFC 10-311] analyzing module ALU
INFO: [VRFC 10-2263] Analyzing Verilog file "C:/XJTU COMPARCH/project_3/project_3.srcs/sources_1/new/ALU_8.v" into library xil_defaultlib
INFO: [VRFC 10-311] analyzing module ALU_8
INFO: [VRFC 10-2263] Analyzing Verilog file "C:/XJTU COMPARCH/project_3/project_3.srcs/sources_1/new/Decoder38.v" into library xil_defaultlib
INFO: [VRFC 10-311] analyzing module Decoder38
INFO: [VRFC 10-2263] Analyzing Verilog file "C:/XJTU COMPARCH/project_3/project_3.srcs/sources_1/new/SLL.v" into library xil_defaultlib
INFO: [VRFC 10-311] analyzing module SLL
INFO: [VRFC 10-2263] Analyzing Verilog file "C:/XJTU COMPARCH/project_3/project_3.srcs/sources_1/new/SLT.v" into library xil_defaultlib
INFO: [VRFC 10-311] analyzing module SLT
INFO: [VRFC 10-2263] Analyzing Verilog file "C:/XJTU COMPARCH/project_3/project_3.srcs/sources_1/new/SUB.v" into library xil_defaultlib
INFO: [VRFC 10-311] analyzing module SUB
INFO: [VRFC 10-2263] Analyzing Verilog file "C:/XJTU COMPARCH/project_3/project_3.srcs/sources_1/new/fulladder_1.v" into library xil_defaultlib
INFO: [VRFC 10-311] analyzing module fulladder_1
INFO: [VRFC 10-2263] Analyzing Verilog file "C:/XJTU COMPARCH/project_3/project_3.srcs/sources_1/new/fulladder_16.v" into library xil_defaultlib
INFO: [VRFC 10-311] analyzing module fulladder_16
INFO: [VRFC 10-2263] Analyzing Verilog file "C:/XJTU COMPARCH/project_3/project_3.srcs/sources_1/new/fulladder_32.v" into library xil_defaultlib
INFO: [VRFC 10-311] analyzing module fulladder_32
INFO: [VRFC 10-2263] Analyzing Verilog file "C:/XJTU COMPARCH/project_3/project_3.srcs/sources_1/new/fulladder_4.v" into library xil_defaultlib
INFO: [VRFC 10-311] analyzing module fulladder_4
INFO: [VRFC 10-2263] Analyzing Verilog file "C:/XJTU COMPARCH/project_3/project_3.srcs/sim_1/new/sim_ALU.v" into library xil_defaultlib
INFO: [VRFC 10-311] analyzing module sim_ALU
INFO: [USF-XSim-69] 'compile' step finished in '1' seconds
INFO: [USF-XSim-3] XSim::Elaborate design
INFO: [USF-XSim-61] Executing 'ELABORATE' step in 'C:/XJTU COMPARCH/project_3/project_3.sim/sim_1/behav/xsim'
"xelab -wto 16b8627c71ef4d079f8c706a6e47f435 --incr --debug typical --relax --mt 2 -L xil_defaultlib -L unisims_ver -L unimacro_ver -L secureip --snapshot sim_ALU_behav xil_defaultlib.sim_ALU xil_defaultlib.glbl -log elaborate.log"
Vivado Simulator 2019.2
Copyright 1986-1999, 2001-2019 Xilinx, Inc. All Rights Reserved.
Running: C:/Xilinx2019/Vivado/2019.2/bin/unwrapped/win64.o/xelab.exe -wto 16b8627c71ef4d079f8c706a6e47f435 --incr --debug typical --relax --mt 2 -L xil_defaultlib -L unisims_ver -L unimacro_ver -L secureip --snapshot sim_ALU_behav xil_defaultlib.sim_ALU xil_defaultlib.glbl -log elaborate.log 
Using 2 slave threads.
Starting static elaboration
Pass Through NonSizing Optimizer
WARNING: [VRFC 10-3091] actual bit length 1 differs from formal bit length 32 for port 'A' [C:/XJTU COMPARCH/project_3/project_3.srcs/sources_1/new/ALU_8.v:55]
WARNING: [VRFC 10-3091] actual bit length 32 differs from formal bit length 1 for port 'Cin' [C:/XJTU COMPARCH/project_3/project_3.srcs/sources_1/new/ADD.v:37]
WARNING: [VRFC 10-3091] actual bit length 1 differs from formal bit length 32 for port 'A' [C:/XJTU COMPARCH/project_3/project_3.srcs/sources_1/new/ALU_8.v:56]
Completed static elaboration
Starting simulation data flow analysis
Completed simulation data flow analysis
Time Resolution for simulation is 1ps
Compiling module xil_defaultlib.Decoder38
Compiling module xil_defaultlib.fulladder_1
Compiling module xil_defaultlib.fulladder_4
Compiling module xil_defaultlib.fulladder_16
Compiling module xil_defaultlib.fulladder_32
Compiling module xil_defaultlib.ADD
Compiling module xil_defaultlib.SUB
Compiling module xil_defaultlib.SLT
Compiling module xil_defaultlib.SLL
Compiling module xil_defaultlib.ALU_8
Compiling module xil_defaultlib.ALU
Compiling module xil_defaultlib.sim_ALU
Compiling module xil_defaultlib.glbl
Built simulation snapshot sim_ALU_behav
INFO: [USF-XSim-69] 'elaborate' step finished in '1' seconds
INFO: [USF-XSim-4] XSim::Simulate design
INFO: [USF-XSim-61] Executing 'SIMULATE' step in 'C:/XJTU COMPARCH/project_3/project_3.sim/sim_1/behav/xsim'
INFO: [USF-XSim-98] *** Running xsim
   with args "sim_ALU_behav -key {Behavioral:sim_1:Functional:sim_ALU} -tclbatch {sim_ALU.tcl} -log {simulate.log}"
INFO: [USF-XSim-8] Loading simulator feature
Vivado Simulator 2019.2
Time resolution is 1 ps
source sim_ALU.tcl
# set curr_wave [current_wave_config]
# if { [string length $curr_wave] == 0 } {
#   if { [llength [get_objects]] > 0} {
#     add_wave /
#     set_property needs_save false [current_wave_config]
#   } else {
#      send_msg_id Add_Wave-1 WARNING "No top level signals found. Simulator will start without a wave window. If you want to open a wave window go to 'File->New Waveform Configuration' or type 'create_wave_config' in the TCL console."
#   }
# }
# run 1000ns
INFO: [USF-XSim-96] XSim completed. Design snapshot 'sim_ALU_behav' loaded.
INFO: [USF-XSim-97] XSim simulation ran for 1000ns
launch_simulation: Time (s): cpu = 00:00:01 ; elapsed = 00:00:05 . Memory (MB): peak = 1093.180 ; gain = 3.734
close_sim
INFO: [Simtcl 6-16] Simulation closed
launch_simulation
Command: launch_simulation 
INFO: [Vivado 12-5682] Launching behavioral simulation in 'C:/XJTU COMPARCH/project_3/project_3.sim/sim_1/behav/xsim'
INFO: [SIM-utils-51] Simulation object is 'sim_1'
INFO: [SIM-utils-54] Inspecting design source files for 'sim_ALU' in fileset 'sim_1'...
INFO: [USF-XSim-97] Finding global include files...
INFO: [USF-XSim-98] Fetching design files from 'sim_1'...
INFO: [USF-XSim-2] XSim::Compile design
INFO: [USF-XSim-61] Executing 'COMPILE and ANALYZE' step in 'C:/XJTU COMPARCH/project_3/project_3.sim/sim_1/behav/xsim'
"xvlog --incr --relax -prj sim_ALU_vlog.prj"
INFO: [VRFC 10-2263] Analyzing Verilog file "C:/XJTU COMPARCH/project_3/project_3.srcs/sources_1/new/ADD.v" into library xil_defaultlib
INFO: [VRFC 10-311] analyzing module ADD
INFO: [VRFC 10-2458] undeclared symbol Fw, assumed default net type wire [C:/XJTU COMPARCH/project_3/project_3.srcs/sources_1/new/ADD.v:42]
INFO: [VRFC 10-2263] Analyzing Verilog file "C:/XJTU COMPARCH/project_3/project_3.srcs/sources_1/new/ALU.v" into library xil_defaultlib
INFO: [VRFC 10-311] analyzing module ALU
INFO: [VRFC 10-2263] Analyzing Verilog file "C:/XJTU COMPARCH/project_3/project_3.srcs/sources_1/new/ALU_8.v" into library xil_defaultlib
INFO: [VRFC 10-311] analyzing module ALU_8
INFO: [VRFC 10-2263] Analyzing Verilog file "C:/XJTU COMPARCH/project_3/project_3.srcs/sources_1/new/Decoder38.v" into library xil_defaultlib
INFO: [VRFC 10-311] analyzing module Decoder38
INFO: [VRFC 10-2263] Analyzing Verilog file "C:/XJTU COMPARCH/project_3/project_3.srcs/sources_1/new/SLL.v" into library xil_defaultlib
INFO: [VRFC 10-311] analyzing module SLL
INFO: [VRFC 10-2263] Analyzing Verilog file "C:/XJTU COMPARCH/project_3/project_3.srcs/sources_1/new/SLT.v" into library xil_defaultlib
INFO: [VRFC 10-311] analyzing module SLT
INFO: [VRFC 10-2263] Analyzing Verilog file "C:/XJTU COMPARCH/project_3/project_3.srcs/sources_1/new/SUB.v" into library xil_defaultlib
INFO: [VRFC 10-311] analyzing module SUB
INFO: [VRFC 10-2263] Analyzing Verilog file "C:/XJTU COMPARCH/project_3/project_3.srcs/sources_1/new/fulladder_1.v" into library xil_defaultlib
INFO: [VRFC 10-311] analyzing module fulladder_1
INFO: [VRFC 10-2263] Analyzing Verilog file "C:/XJTU COMPARCH/project_3/project_3.srcs/sources_1/new/fulladder_16.v" into library xil_defaultlib
INFO: [VRFC 10-311] analyzing module fulladder_16
INFO: [VRFC 10-2263] Analyzing Verilog file "C:/XJTU COMPARCH/project_3/project_3.srcs/sources_1/new/fulladder_32.v" into library xil_defaultlib
INFO: [VRFC 10-311] analyzing module fulladder_32
INFO: [VRFC 10-2263] Analyzing Verilog file "C:/XJTU COMPARCH/project_3/project_3.srcs/sources_1/new/fulladder_4.v" into library xil_defaultlib
INFO: [VRFC 10-311] analyzing module fulladder_4
INFO: [VRFC 10-2263] Analyzing Verilog file "C:/XJTU COMPARCH/project_3/project_3.srcs/sim_1/new/sim_ALU.v" into library xil_defaultlib
INFO: [VRFC 10-311] analyzing module sim_ALU
INFO: [USF-XSim-69] 'compile' step finished in '1' seconds
INFO: [USF-XSim-3] XSim::Elaborate design
INFO: [USF-XSim-61] Executing 'ELABORATE' step in 'C:/XJTU COMPARCH/project_3/project_3.sim/sim_1/behav/xsim'
"xelab -wto 16b8627c71ef4d079f8c706a6e47f435 --incr --debug typical --relax --mt 2 -L xil_defaultlib -L unisims_ver -L unimacro_ver -L secureip --snapshot sim_ALU_behav xil_defaultlib.sim_ALU xil_defaultlib.glbl -log elaborate.log"
Vivado Simulator 2019.2
Copyright 1986-1999, 2001-2019 Xilinx, Inc. All Rights Reserved.
Running: C:/Xilinx2019/Vivado/2019.2/bin/unwrapped/win64.o/xelab.exe -wto 16b8627c71ef4d079f8c706a6e47f435 --incr --debug typical --relax --mt 2 -L xil_defaultlib -L unisims_ver -L unimacro_ver -L secureip --snapshot sim_ALU_behav xil_defaultlib.sim_ALU xil_defaultlib.glbl -log elaborate.log 
Using 2 slave threads.
Starting static elaboration
Pass Through NonSizing Optimizer
WARNING: [VRFC 10-3091] actual bit length 32 differs from formal bit length 1 for port 'Cin' [C:/XJTU COMPARCH/project_3/project_3.srcs/sources_1/new/ADD.v:37]
Completed static elaboration
Starting simulation data flow analysis
Completed simulation data flow analysis
Time Resolution for simulation is 1ps
Compiling module xil_defaultlib.Decoder38
Compiling module xil_defaultlib.fulladder_1
Compiling module xil_defaultlib.fulladder_4
Compiling module xil_defaultlib.fulladder_16
Compiling module xil_defaultlib.fulladder_32
Compiling module xil_defaultlib.ADD
Compiling module xil_defaultlib.SUB
Compiling module xil_defaultlib.SLT
Compiling module xil_defaultlib.SLL
Compiling module xil_defaultlib.ALU_8
Compiling module xil_defaultlib.ALU
Compiling module xil_defaultlib.sim_ALU
Compiling module xil_defaultlib.glbl
Built simulation snapshot sim_ALU_behav
INFO: [USF-XSim-69] 'elaborate' step finished in '1' seconds
INFO: [USF-XSim-4] XSim::Simulate design
INFO: [USF-XSim-61] Executing 'SIMULATE' step in 'C:/XJTU COMPARCH/project_3/project_3.sim/sim_1/behav/xsim'
INFO: [USF-XSim-98] *** Running xsim
   with args "sim_ALU_behav -key {Behavioral:sim_1:Functional:sim_ALU} -tclbatch {sim_ALU.tcl} -log {simulate.log}"
INFO: [USF-XSim-8] Loading simulator feature
Vivado Simulator 2019.2
Time resolution is 1 ps
source sim_ALU.tcl
# set curr_wave [current_wave_config]
# if { [string length $curr_wave] == 0 } {
#   if { [llength [get_objects]] > 0} {
#     add_wave /
#     set_property needs_save false [current_wave_config]
#   } else {
#      send_msg_id Add_Wave-1 WARNING "No top level signals found. Simulator will start without a wave window. If you want to open a wave window go to 'File->New Waveform Configuration' or type 'create_wave_config' in the TCL console."
#   }
# }
# run 1000ns
INFO: [USF-XSim-96] XSim completed. Design snapshot 'sim_ALU_behav' loaded.
INFO: [USF-XSim-97] XSim simulation ran for 1000ns
close_sim
INFO: [Simtcl 6-16] Simulation closed
update_compile_order -fileset sources_1
launch_simulation
Command: launch_simulation 
INFO: [Vivado 12-5682] Launching behavioral simulation in 'C:/XJTU COMPARCH/project_3/project_3.sim/sim_1/behav/xsim'
INFO: [SIM-utils-51] Simulation object is 'sim_1'
INFO: [SIM-utils-54] Inspecting design source files for 'sim_ALU' in fileset 'sim_1'...
INFO: [USF-XSim-97] Finding global include files...
INFO: [USF-XSim-98] Fetching design files from 'sim_1'...
INFO: [USF-XSim-2] XSim::Compile design
INFO: [USF-XSim-61] Executing 'COMPILE and ANALYZE' step in 'C:/XJTU COMPARCH/project_3/project_3.sim/sim_1/behav/xsim'
"xvlog --incr --relax -prj sim_ALU_vlog.prj"
INFO: [VRFC 10-2263] Analyzing Verilog file "C:/XJTU COMPARCH/project_3/project_3.srcs/sources_1/new/ADD.v" into library xil_defaultlib
INFO: [VRFC 10-311] analyzing module ADD
INFO: [VRFC 10-2263] Analyzing Verilog file "C:/XJTU COMPARCH/project_3/project_3.srcs/sources_1/new/ALU.v" into library xil_defaultlib
INFO: [VRFC 10-311] analyzing module ALU
INFO: [VRFC 10-2263] Analyzing Verilog file "C:/XJTU COMPARCH/project_3/project_3.srcs/sources_1/new/ALU_8.v" into library xil_defaultlib
INFO: [VRFC 10-311] analyzing module ALU_8
INFO: [VRFC 10-2263] Analyzing Verilog file "C:/XJTU COMPARCH/project_3/project_3.srcs/sources_1/new/Decoder38.v" into library xil_defaultlib
INFO: [VRFC 10-311] analyzing module Decoder38
INFO: [VRFC 10-2263] Analyzing Verilog file "C:/XJTU COMPARCH/project_3/project_3.srcs/sources_1/new/SLL.v" into library xil_defaultlib
INFO: [VRFC 10-311] analyzing module SLL
INFO: [VRFC 10-2263] Analyzing Verilog file "C:/XJTU COMPARCH/project_3/project_3.srcs/sources_1/new/SLT.v" into library xil_defaultlib
INFO: [VRFC 10-311] analyzing module SLT
INFO: [VRFC 10-2263] Analyzing Verilog file "C:/XJTU COMPARCH/project_3/project_3.srcs/sources_1/new/SUB.v" into library xil_defaultlib
INFO: [VRFC 10-311] analyzing module SUB
INFO: [VRFC 10-2263] Analyzing Verilog file "C:/XJTU COMPARCH/project_3/project_3.srcs/sources_1/new/fulladder_lookahead.v" into library xil_defaultlib
INFO: [VRFC 10-311] analyzing module fulladder_lookahead
INFO: [VRFC 10-2263] Analyzing Verilog file "C:/XJTU COMPARCH/project_3/project_3.srcs/sim_1/new/sim_ALU.v" into library xil_defaultlib
INFO: [VRFC 10-311] analyzing module sim_ALU
INFO: [USF-XSim-69] 'compile' step finished in '1' seconds
INFO: [USF-XSim-3] XSim::Elaborate design
INFO: [USF-XSim-61] Executing 'ELABORATE' step in 'C:/XJTU COMPARCH/project_3/project_3.sim/sim_1/behav/xsim'
"xelab -wto 16b8627c71ef4d079f8c706a6e47f435 --incr --debug typical --relax --mt 2 -L xil_defaultlib -L unisims_ver -L unimacro_ver -L secureip --snapshot sim_ALU_behav xil_defaultlib.sim_ALU xil_defaultlib.glbl -log elaborate.log"
Vivado Simulator 2019.2
Copyright 1986-1999, 2001-2019 Xilinx, Inc. All Rights Reserved.
Running: C:/Xilinx2019/Vivado/2019.2/bin/unwrapped/win64.o/xelab.exe -wto 16b8627c71ef4d079f8c706a6e47f435 --incr --debug typical --relax --mt 2 -L xil_defaultlib -L unisims_ver -L unimacro_ver -L secureip --snapshot sim_ALU_behav xil_defaultlib.sim_ALU xil_defaultlib.glbl -log elaborate.log 
Using 2 slave threads.
Starting static elaboration
Pass Through NonSizing Optimizer
WARNING: [VRFC 10-3091] actual bit length 32 differs from formal bit length 1 for port 'Cin' [C:/XJTU COMPARCH/project_3/project_3.srcs/sources_1/new/ADD.v:37]
Completed static elaboration
Starting simulation data flow analysis
Completed simulation data flow analysis
Time Resolution for simulation is 1ps
Compiling module xil_defaultlib.Decoder38
Compiling module xil_defaultlib.fulladder_lookahead
Compiling module xil_defaultlib.ADD
Compiling module xil_defaultlib.SUB
Compiling module xil_defaultlib.SLT
Compiling module xil_defaultlib.SLL
Compiling module xil_defaultlib.ALU_8
Compiling module xil_defaultlib.ALU
Compiling module xil_defaultlib.sim_ALU
Compiling module xil_defaultlib.glbl
Built simulation snapshot sim_ALU_behav
INFO: [USF-XSim-69] 'elaborate' step finished in '1' seconds
INFO: [USF-XSim-4] XSim::Simulate design
INFO: [USF-XSim-61] Executing 'SIMULATE' step in 'C:/XJTU COMPARCH/project_3/project_3.sim/sim_1/behav/xsim'
INFO: [USF-XSim-98] *** Running xsim
   with args "sim_ALU_behav -key {Behavioral:sim_1:Functional:sim_ALU} -tclbatch {sim_ALU.tcl} -log {simulate.log}"
INFO: [USF-XSim-8] Loading simulator feature
Vivado Simulator 2019.2
Time resolution is 1 ps
source sim_ALU.tcl
# set curr_wave [current_wave_config]
# if { [string length $curr_wave] == 0 } {
#   if { [llength [get_objects]] > 0} {
#     add_wave /
#     set_property needs_save false [current_wave_config]
#   } else {
#      send_msg_id Add_Wave-1 WARNING "No top level signals found. Simulator will start without a wave window. If you want to open a wave window go to 'File->New Waveform Configuration' or type 'create_wave_config' in the TCL console."
#   }
# }
# run 1000ns
INFO: [USF-XSim-96] XSim completed. Design snapshot 'sim_ALU_behav' loaded.
INFO: [USF-XSim-97] XSim simulation ran for 1000ns
close_sim
INFO: [Simtcl 6-16] Simulation closed
launch_simulation
Command: launch_simulation 
INFO: [Vivado 12-5682] Launching behavioral simulation in 'C:/XJTU COMPARCH/project_3/project_3.sim/sim_1/behav/xsim'
INFO: [SIM-utils-51] Simulation object is 'sim_1'
INFO: [SIM-utils-54] Inspecting design source files for 'sim_ALU' in fileset 'sim_1'...
INFO: [USF-XSim-97] Finding global include files...
INFO: [USF-XSim-98] Fetching design files from 'sim_1'...
INFO: [USF-XSim-2] XSim::Compile design
INFO: [USF-XSim-61] Executing 'COMPILE and ANALYZE' step in 'C:/XJTU COMPARCH/project_3/project_3.sim/sim_1/behav/xsim'
"xvlog --incr --relax -prj sim_ALU_vlog.prj"
INFO: [VRFC 10-2263] Analyzing Verilog file "C:/XJTU COMPARCH/project_3/project_3.srcs/sources_1/new/ADD.v" into library xil_defaultlib
INFO: [VRFC 10-311] analyzing module ADD
INFO: [VRFC 10-2263] Analyzing Verilog file "C:/XJTU COMPARCH/project_3/project_3.srcs/sources_1/new/ALU.v" into library xil_defaultlib
INFO: [VRFC 10-311] analyzing module ALU
INFO: [VRFC 10-2263] Analyzing Verilog file "C:/XJTU COMPARCH/project_3/project_3.srcs/sources_1/new/ALU_8.v" into library xil_defaultlib
INFO: [VRFC 10-311] analyzing module ALU_8
INFO: [VRFC 10-2263] Analyzing Verilog file "C:/XJTU COMPARCH/project_3/project_3.srcs/sources_1/new/Decoder38.v" into library xil_defaultlib
INFO: [VRFC 10-311] analyzing module Decoder38
INFO: [VRFC 10-2263] Analyzing Verilog file "C:/XJTU COMPARCH/project_3/project_3.srcs/sources_1/new/SLL.v" into library xil_defaultlib
INFO: [VRFC 10-311] analyzing module SLL
INFO: [VRFC 10-2263] Analyzing Verilog file "C:/XJTU COMPARCH/project_3/project_3.srcs/sources_1/new/SLT.v" into library xil_defaultlib
INFO: [VRFC 10-311] analyzing module SLT
INFO: [VRFC 10-2263] Analyzing Verilog file "C:/XJTU COMPARCH/project_3/project_3.srcs/sources_1/new/SUB.v" into library xil_defaultlib
INFO: [VRFC 10-311] analyzing module SUB
INFO: [VRFC 10-2263] Analyzing Verilog file "C:/XJTU COMPARCH/project_3/project_3.srcs/sources_1/new/fulladder_lookahead.v" into library xil_defaultlib
INFO: [VRFC 10-311] analyzing module fulladder_lookahead
INFO: [VRFC 10-2263] Analyzing Verilog file "C:/XJTU COMPARCH/project_3/project_3.srcs/sim_1/new/sim_ALU.v" into library xil_defaultlib
INFO: [VRFC 10-311] analyzing module sim_ALU
INFO: [USF-XSim-69] 'compile' step finished in '1' seconds
INFO: [USF-XSim-3] XSim::Elaborate design
INFO: [USF-XSim-61] Executing 'ELABORATE' step in 'C:/XJTU COMPARCH/project_3/project_3.sim/sim_1/behav/xsim'
"xelab -wto 16b8627c71ef4d079f8c706a6e47f435 --incr --debug typical --relax --mt 2 -L xil_defaultlib -L unisims_ver -L unimacro_ver -L secureip --snapshot sim_ALU_behav xil_defaultlib.sim_ALU xil_defaultlib.glbl -log elaborate.log"
Vivado Simulator 2019.2
Copyright 1986-1999, 2001-2019 Xilinx, Inc. All Rights Reserved.
Running: C:/Xilinx2019/Vivado/2019.2/bin/unwrapped/win64.o/xelab.exe -wto 16b8627c71ef4d079f8c706a6e47f435 --incr --debug typical --relax --mt 2 -L xil_defaultlib -L unisims_ver -L unimacro_ver -L secureip --snapshot sim_ALU_behav xil_defaultlib.sim_ALU xil_defaultlib.glbl -log elaborate.log 
Using 2 slave threads.
Starting static elaboration
Pass Through NonSizing Optimizer
WARNING: [VRFC 10-3091] actual bit length 32 differs from formal bit length 1 for port 'Cin' [C:/XJTU COMPARCH/project_3/project_3.srcs/sources_1/new/ADD.v:37]
Completed static elaboration
Starting simulation data flow analysis
Completed simulation data flow analysis
Time Resolution for simulation is 1ps
Compiling module xil_defaultlib.Decoder38
Compiling module xil_defaultlib.fulladder_lookahead
Compiling module xil_defaultlib.ADD
Compiling module xil_defaultlib.SUB
Compiling module xil_defaultlib.SLT
Compiling module xil_defaultlib.SLL
Compiling module xil_defaultlib.ALU_8
Compiling module xil_defaultlib.ALU
Compiling module xil_defaultlib.sim_ALU
Compiling module xil_defaultlib.glbl
Built simulation snapshot sim_ALU_behav
INFO: [USF-XSim-69] 'elaborate' step finished in '1' seconds
INFO: [USF-XSim-4] XSim::Simulate design
INFO: [USF-XSim-61] Executing 'SIMULATE' step in 'C:/XJTU COMPARCH/project_3/project_3.sim/sim_1/behav/xsim'
INFO: [USF-XSim-98] *** Running xsim
   with args "sim_ALU_behav -key {Behavioral:sim_1:Functional:sim_ALU} -tclbatch {sim_ALU.tcl} -log {simulate.log}"
INFO: [USF-XSim-8] Loading simulator feature
Vivado Simulator 2019.2
Time resolution is 1 ps
source sim_ALU.tcl
# set curr_wave [current_wave_config]
# if { [string length $curr_wave] == 0 } {
#   if { [llength [get_objects]] > 0} {
#     add_wave /
#     set_property needs_save false [current_wave_config]
#   } else {
#      send_msg_id Add_Wave-1 WARNING "No top level signals found. Simulator will start without a wave window. If you want to open a wave window go to 'File->New Waveform Configuration' or type 'create_wave_config' in the TCL console."
#   }
# }
# run 1000ns
INFO: [USF-XSim-96] XSim completed. Design snapshot 'sim_ALU_behav' loaded.
INFO: [USF-XSim-97] XSim simulation ran for 1000ns
launch_simulation: Time (s): cpu = 00:00:01 ; elapsed = 00:00:05 . Memory (MB): peak = 1253.129 ; gain = 8.207
close_sim
INFO: [Simtcl 6-16] Simulation closed
launch_simulation
Command: launch_simulation 
INFO: [Vivado 12-5682] Launching behavioral simulation in 'C:/XJTU COMPARCH/project_3/project_3.sim/sim_1/behav/xsim'
INFO: [SIM-utils-51] Simulation object is 'sim_1'
INFO: [SIM-utils-54] Inspecting design source files for 'sim_ALU' in fileset 'sim_1'...
INFO: [USF-XSim-97] Finding global include files...
INFO: [USF-XSim-98] Fetching design files from 'sim_1'...
INFO: [USF-XSim-2] XSim::Compile design
INFO: [USF-XSim-61] Executing 'COMPILE and ANALYZE' step in 'C:/XJTU COMPARCH/project_3/project_3.sim/sim_1/behav/xsim'
"xvlog --incr --relax -prj sim_ALU_vlog.prj"
INFO: [VRFC 10-2263] Analyzing Verilog file "C:/XJTU COMPARCH/project_3/project_3.srcs/sources_1/new/ADD.v" into library xil_defaultlib
INFO: [VRFC 10-311] analyzing module ADD
INFO: [VRFC 10-2263] Analyzing Verilog file "C:/XJTU COMPARCH/project_3/project_3.srcs/sources_1/new/ALU.v" into library xil_defaultlib
INFO: [VRFC 10-311] analyzing module ALU
INFO: [VRFC 10-2263] Analyzing Verilog file "C:/XJTU COMPARCH/project_3/project_3.srcs/sources_1/new/ALU_8.v" into library xil_defaultlib
INFO: [VRFC 10-311] analyzing module ALU_8
INFO: [VRFC 10-2263] Analyzing Verilog file "C:/XJTU COMPARCH/project_3/project_3.srcs/sources_1/new/Decoder38.v" into library xil_defaultlib
INFO: [VRFC 10-311] analyzing module Decoder38
INFO: [VRFC 10-2263] Analyzing Verilog file "C:/XJTU COMPARCH/project_3/project_3.srcs/sources_1/new/SLL.v" into library xil_defaultlib
INFO: [VRFC 10-311] analyzing module SLL
INFO: [VRFC 10-2263] Analyzing Verilog file "C:/XJTU COMPARCH/project_3/project_3.srcs/sources_1/new/SLT.v" into library xil_defaultlib
INFO: [VRFC 10-311] analyzing module SLT
INFO: [VRFC 10-2263] Analyzing Verilog file "C:/XJTU COMPARCH/project_3/project_3.srcs/sources_1/new/SUB.v" into library xil_defaultlib
INFO: [VRFC 10-311] analyzing module SUB
INFO: [VRFC 10-2263] Analyzing Verilog file "C:/XJTU COMPARCH/project_3/project_3.srcs/sources_1/new/fulladder_lookahead.v" into library xil_defaultlib
INFO: [VRFC 10-311] analyzing module fulladder_lookahead
INFO: [VRFC 10-2263] Analyzing Verilog file "C:/XJTU COMPARCH/project_3/project_3.srcs/sim_1/new/sim_ALU.v" into library xil_defaultlib
INFO: [VRFC 10-311] analyzing module sim_ALU
INFO: [USF-XSim-69] 'compile' step finished in '1' seconds
INFO: [USF-XSim-3] XSim::Elaborate design
INFO: [USF-XSim-61] Executing 'ELABORATE' step in 'C:/XJTU COMPARCH/project_3/project_3.sim/sim_1/behav/xsim'
"xelab -wto 16b8627c71ef4d079f8c706a6e47f435 --incr --debug typical --relax --mt 2 -L xil_defaultlib -L unisims_ver -L unimacro_ver -L secureip --snapshot sim_ALU_behav xil_defaultlib.sim_ALU xil_defaultlib.glbl -log elaborate.log"
Vivado Simulator 2019.2
Copyright 1986-1999, 2001-2019 Xilinx, Inc. All Rights Reserved.
Running: C:/Xilinx2019/Vivado/2019.2/bin/unwrapped/win64.o/xelab.exe -wto 16b8627c71ef4d079f8c706a6e47f435 --incr --debug typical --relax --mt 2 -L xil_defaultlib -L unisims_ver -L unimacro_ver -L secureip --snapshot sim_ALU_behav xil_defaultlib.sim_ALU xil_defaultlib.glbl -log elaborate.log 
Using 2 slave threads.
Starting static elaboration
Pass Through NonSizing Optimizer
WARNING: [VRFC 10-3091] actual bit length 32 differs from formal bit length 1 for port 'Cin' [C:/XJTU COMPARCH/project_3/project_3.srcs/sources_1/new/ADD.v:37]
Completed static elaboration
Starting simulation data flow analysis
Completed simulation data flow analysis
Time Resolution for simulation is 1ps
Compiling module xil_defaultlib.Decoder38
Compiling module xil_defaultlib.fulladder_lookahead
Compiling module xil_defaultlib.ADD
Compiling module xil_defaultlib.SUB
Compiling module xil_defaultlib.SLT
Compiling module xil_defaultlib.SLL
Compiling module xil_defaultlib.ALU_8
Compiling module xil_defaultlib.ALU
Compiling module xil_defaultlib.sim_ALU
Compiling module xil_defaultlib.glbl
Built simulation snapshot sim_ALU_behav
INFO: [USF-XSim-69] 'elaborate' step finished in '1' seconds
INFO: [USF-XSim-4] XSim::Simulate design
INFO: [USF-XSim-61] Executing 'SIMULATE' step in 'C:/XJTU COMPARCH/project_3/project_3.sim/sim_1/behav/xsim'
INFO: [USF-XSim-98] *** Running xsim
   with args "sim_ALU_behav -key {Behavioral:sim_1:Functional:sim_ALU} -tclbatch {sim_ALU.tcl} -log {simulate.log}"
INFO: [USF-XSim-8] Loading simulator feature
Vivado Simulator 2019.2
Time resolution is 1 ps
source sim_ALU.tcl
# set curr_wave [current_wave_config]
# if { [string length $curr_wave] == 0 } {
#   if { [llength [get_objects]] > 0} {
#     add_wave /
#     set_property needs_save false [current_wave_config]
#   } else {
#      send_msg_id Add_Wave-1 WARNING "No top level signals found. Simulator will start without a wave window. If you want to open a wave window go to 'File->New Waveform Configuration' or type 'create_wave_config' in the TCL console."
#   }
# }
# run 1000ns
INFO: [USF-XSim-96] XSim completed. Design snapshot 'sim_ALU_behav' loaded.
INFO: [USF-XSim-97] XSim simulation ran for 1000ns
launch_simulation: Time (s): cpu = 00:00:00 ; elapsed = 00:00:05 . Memory (MB): peak = 1253.129 ; gain = 0.000
close_sim
INFO: [Simtcl 6-16] Simulation closed
launch_simulation
Command: launch_simulation 
INFO: [Vivado 12-5682] Launching behavioral simulation in 'C:/XJTU COMPARCH/project_3/project_3.sim/sim_1/behav/xsim'
INFO: [SIM-utils-51] Simulation object is 'sim_1'
INFO: [SIM-utils-54] Inspecting design source files for 'sim_ALU' in fileset 'sim_1'...
INFO: [USF-XSim-97] Finding global include files...
INFO: [USF-XSim-98] Fetching design files from 'sim_1'...
INFO: [USF-XSim-2] XSim::Compile design
INFO: [USF-XSim-61] Executing 'COMPILE and ANALYZE' step in 'C:/XJTU COMPARCH/project_3/project_3.sim/sim_1/behav/xsim'
"xvlog --incr --relax -prj sim_ALU_vlog.prj"
INFO: [VRFC 10-2263] Analyzing Verilog file "C:/XJTU COMPARCH/project_3/project_3.srcs/sources_1/new/ADD.v" into library xil_defaultlib
INFO: [VRFC 10-311] analyzing module ADD
INFO: [VRFC 10-2263] Analyzing Verilog file "C:/XJTU COMPARCH/project_3/project_3.srcs/sources_1/new/ALU.v" into library xil_defaultlib
INFO: [VRFC 10-311] analyzing module ALU
INFO: [VRFC 10-2263] Analyzing Verilog file "C:/XJTU COMPARCH/project_3/project_3.srcs/sources_1/new/ALU_8.v" into library xil_defaultlib
INFO: [VRFC 10-311] analyzing module ALU_8
INFO: [VRFC 10-2263] Analyzing Verilog file "C:/XJTU COMPARCH/project_3/project_3.srcs/sources_1/new/Decoder38.v" into library xil_defaultlib
INFO: [VRFC 10-311] analyzing module Decoder38
INFO: [VRFC 10-2263] Analyzing Verilog file "C:/XJTU COMPARCH/project_3/project_3.srcs/sources_1/new/SLL.v" into library xil_defaultlib
INFO: [VRFC 10-311] analyzing module SLL
INFO: [VRFC 10-2263] Analyzing Verilog file "C:/XJTU COMPARCH/project_3/project_3.srcs/sources_1/new/SLT.v" into library xil_defaultlib
INFO: [VRFC 10-311] analyzing module SLT
INFO: [VRFC 10-2263] Analyzing Verilog file "C:/XJTU COMPARCH/project_3/project_3.srcs/sources_1/new/SUB.v" into library xil_defaultlib
INFO: [VRFC 10-311] analyzing module SUB
INFO: [VRFC 10-2263] Analyzing Verilog file "C:/XJTU COMPARCH/project_3/project_3.srcs/sources_1/new/fulladder_lookahead.v" into library xil_defaultlib
INFO: [VRFC 10-311] analyzing module fulladder_lookahead
INFO: [VRFC 10-2263] Analyzing Verilog file "C:/XJTU COMPARCH/project_3/project_3.srcs/sim_1/new/sim_ALU.v" into library xil_defaultlib
INFO: [VRFC 10-311] analyzing module sim_ALU
INFO: [USF-XSim-69] 'compile' step finished in '1' seconds
INFO: [USF-XSim-3] XSim::Elaborate design
INFO: [USF-XSim-61] Executing 'ELABORATE' step in 'C:/XJTU COMPARCH/project_3/project_3.sim/sim_1/behav/xsim'
"xelab -wto 16b8627c71ef4d079f8c706a6e47f435 --incr --debug typical --relax --mt 2 -L xil_defaultlib -L unisims_ver -L unimacro_ver -L secureip --snapshot sim_ALU_behav xil_defaultlib.sim_ALU xil_defaultlib.glbl -log elaborate.log"
Vivado Simulator 2019.2
Copyright 1986-1999, 2001-2019 Xilinx, Inc. All Rights Reserved.
Running: C:/Xilinx2019/Vivado/2019.2/bin/unwrapped/win64.o/xelab.exe -wto 16b8627c71ef4d079f8c706a6e47f435 --incr --debug typical --relax --mt 2 -L xil_defaultlib -L unisims_ver -L unimacro_ver -L secureip --snapshot sim_ALU_behav xil_defaultlib.sim_ALU xil_defaultlib.glbl -log elaborate.log 
Using 2 slave threads.
Starting static elaboration
Pass Through NonSizing Optimizer
WARNING: [VRFC 10-3091] actual bit length 32 differs from formal bit length 1 for port 'Cin' [C:/XJTU COMPARCH/project_3/project_3.srcs/sources_1/new/ADD.v:37]
Completed static elaboration
Starting simulation data flow analysis
Completed simulation data flow analysis
Time Resolution for simulation is 1ps
Compiling module xil_defaultlib.Decoder38
Compiling module xil_defaultlib.fulladder_lookahead
Compiling module xil_defaultlib.ADD
Compiling module xil_defaultlib.SUB
Compiling module xil_defaultlib.SLT
Compiling module xil_defaultlib.SLL
Compiling module xil_defaultlib.ALU_8
Compiling module xil_defaultlib.ALU
Compiling module xil_defaultlib.sim_ALU
Compiling module xil_defaultlib.glbl
Built simulation snapshot sim_ALU_behav
INFO: [USF-XSim-69] 'elaborate' step finished in '2' seconds
INFO: [USF-XSim-4] XSim::Simulate design
INFO: [USF-XSim-61] Executing 'SIMULATE' step in 'C:/XJTU COMPARCH/project_3/project_3.sim/sim_1/behav/xsim'
INFO: [USF-XSim-98] *** Running xsim
   with args "sim_ALU_behav -key {Behavioral:sim_1:Functional:sim_ALU} -tclbatch {sim_ALU.tcl} -log {simulate.log}"
INFO: [USF-XSim-8] Loading simulator feature
Vivado Simulator 2019.2
Time resolution is 1 ps
source sim_ALU.tcl
# set curr_wave [current_wave_config]
# if { [string length $curr_wave] == 0 } {
#   if { [llength [get_objects]] > 0} {
#     add_wave /
#     set_property needs_save false [current_wave_config]
#   } else {
#      send_msg_id Add_Wave-1 WARNING "No top level signals found. Simulator will start without a wave window. If you want to open a wave window go to 'File->New Waveform Configuration' or type 'create_wave_config' in the TCL console."
#   }
# }
# run 1000ns
INFO: [USF-XSim-96] XSim completed. Design snapshot 'sim_ALU_behav' loaded.
INFO: [USF-XSim-97] XSim simulation ran for 1000ns
launch_simulation: Time (s): cpu = 00:00:01 ; elapsed = 00:00:05 . Memory (MB): peak = 1295.027 ; gain = 0.000
close_sim
INFO: [Simtcl 6-16] Simulation closed
launch_simulation
Command: launch_simulation 
INFO: [Vivado 12-5682] Launching behavioral simulation in 'C:/XJTU COMPARCH/project_3/project_3.sim/sim_1/behav/xsim'
INFO: [SIM-utils-51] Simulation object is 'sim_1'
INFO: [SIM-utils-54] Inspecting design source files for 'sim_ALU' in fileset 'sim_1'...
INFO: [USF-XSim-97] Finding global include files...
INFO: [USF-XSim-98] Fetching design files from 'sim_1'...
INFO: [USF-XSim-2] XSim::Compile design
INFO: [USF-XSim-61] Executing 'COMPILE and ANALYZE' step in 'C:/XJTU COMPARCH/project_3/project_3.sim/sim_1/behav/xsim'
"xvlog --incr --relax -prj sim_ALU_vlog.prj"
INFO: [VRFC 10-2263] Analyzing Verilog file "C:/XJTU COMPARCH/project_3/project_3.srcs/sources_1/new/ADD.v" into library xil_defaultlib
INFO: [VRFC 10-311] analyzing module ADD
INFO: [VRFC 10-2263] Analyzing Verilog file "C:/XJTU COMPARCH/project_3/project_3.srcs/sources_1/new/ALU.v" into library xil_defaultlib
INFO: [VRFC 10-311] analyzing module ALU
INFO: [VRFC 10-2263] Analyzing Verilog file "C:/XJTU COMPARCH/project_3/project_3.srcs/sources_1/new/ALU_8.v" into library xil_defaultlib
INFO: [VRFC 10-311] analyzing module ALU_8
INFO: [VRFC 10-2263] Analyzing Verilog file "C:/XJTU COMPARCH/project_3/project_3.srcs/sources_1/new/Decoder38.v" into library xil_defaultlib
INFO: [VRFC 10-311] analyzing module Decoder38
INFO: [VRFC 10-2263] Analyzing Verilog file "C:/XJTU COMPARCH/project_3/project_3.srcs/sources_1/new/SLL.v" into library xil_defaultlib
INFO: [VRFC 10-311] analyzing module SLL
INFO: [VRFC 10-2263] Analyzing Verilog file "C:/XJTU COMPARCH/project_3/project_3.srcs/sources_1/new/SLT.v" into library xil_defaultlib
INFO: [VRFC 10-311] analyzing module SLT
INFO: [VRFC 10-2263] Analyzing Verilog file "C:/XJTU COMPARCH/project_3/project_3.srcs/sources_1/new/SUB.v" into library xil_defaultlib
INFO: [VRFC 10-311] analyzing module SUB
INFO: [VRFC 10-2263] Analyzing Verilog file "C:/XJTU COMPARCH/project_3/project_3.srcs/sources_1/new/fulladder_lookahead.v" into library xil_defaultlib
INFO: [VRFC 10-311] analyzing module fulladder_lookahead
INFO: [VRFC 10-2263] Analyzing Verilog file "C:/XJTU COMPARCH/project_3/project_3.srcs/sim_1/new/sim_ALU.v" into library xil_defaultlib
INFO: [VRFC 10-311] analyzing module sim_ALU
INFO: [USF-XSim-69] 'compile' step finished in '1' seconds
INFO: [USF-XSim-3] XSim::Elaborate design
INFO: [USF-XSim-61] Executing 'ELABORATE' step in 'C:/XJTU COMPARCH/project_3/project_3.sim/sim_1/behav/xsim'
"xelab -wto 16b8627c71ef4d079f8c706a6e47f435 --incr --debug typical --relax --mt 2 -L xil_defaultlib -L unisims_ver -L unimacro_ver -L secureip --snapshot sim_ALU_behav xil_defaultlib.sim_ALU xil_defaultlib.glbl -log elaborate.log"
Vivado Simulator 2019.2
Copyright 1986-1999, 2001-2019 Xilinx, Inc. All Rights Reserved.
Running: C:/Xilinx2019/Vivado/2019.2/bin/unwrapped/win64.o/xelab.exe -wto 16b8627c71ef4d079f8c706a6e47f435 --incr --debug typical --relax --mt 2 -L xil_defaultlib -L unisims_ver -L unimacro_ver -L secureip --snapshot sim_ALU_behav xil_defaultlib.sim_ALU xil_defaultlib.glbl -log elaborate.log 
Using 2 slave threads.
Starting static elaboration
Pass Through NonSizing Optimizer
WARNING: [VRFC 10-3091] actual bit length 32 differs from formal bit length 1 for port 'Cin' [C:/XJTU COMPARCH/project_3/project_3.srcs/sources_1/new/ADD.v:37]
Completed static elaboration
Starting simulation data flow analysis
Completed simulation data flow analysis
Time Resolution for simulation is 1ps
Compiling module xil_defaultlib.Decoder38
Compiling module xil_defaultlib.fulladder_lookahead
Compiling module xil_defaultlib.ADD
Compiling module xil_defaultlib.SUB
Compiling module xil_defaultlib.SLT
Compiling module xil_defaultlib.SLL
Compiling module xil_defaultlib.ALU_8
Compiling module xil_defaultlib.ALU
Compiling module xil_defaultlib.sim_ALU
Compiling module xil_defaultlib.glbl
Built simulation snapshot sim_ALU_behav
INFO: [USF-XSim-69] 'elaborate' step finished in '2' seconds
INFO: [USF-XSim-4] XSim::Simulate design
INFO: [USF-XSim-61] Executing 'SIMULATE' step in 'C:/XJTU COMPARCH/project_3/project_3.sim/sim_1/behav/xsim'
INFO: [USF-XSim-98] *** Running xsim
   with args "sim_ALU_behav -key {Behavioral:sim_1:Functional:sim_ALU} -tclbatch {sim_ALU.tcl} -log {simulate.log}"
INFO: [USF-XSim-8] Loading simulator feature
Vivado Simulator 2019.2
Time resolution is 1 ps
source sim_ALU.tcl
# set curr_wave [current_wave_config]
# if { [string length $curr_wave] == 0 } {
#   if { [llength [get_objects]] > 0} {
#     add_wave /
#     set_property needs_save false [current_wave_config]
#   } else {
#      send_msg_id Add_Wave-1 WARNING "No top level signals found. Simulator will start without a wave window. If you want to open a wave window go to 'File->New Waveform Configuration' or type 'create_wave_config' in the TCL console."
#   }
# }
# run 1000ns
INFO: [USF-XSim-96] XSim completed. Design snapshot 'sim_ALU_behav' loaded.
INFO: [USF-XSim-97] XSim simulation ran for 1000ns
close_sim
INFO: [Simtcl 6-16] Simulation closed
launch_simulation
Command: launch_simulation 
INFO: [Vivado 12-5682] Launching behavioral simulation in 'C:/XJTU COMPARCH/project_3/project_3.sim/sim_1/behav/xsim'
INFO: [SIM-utils-51] Simulation object is 'sim_1'
INFO: [SIM-utils-54] Inspecting design source files for 'sim_ALU' in fileset 'sim_1'...
INFO: [USF-XSim-97] Finding global include files...
INFO: [USF-XSim-98] Fetching design files from 'sim_1'...
INFO: [USF-XSim-2] XSim::Compile design
INFO: [USF-XSim-61] Executing 'COMPILE and ANALYZE' step in 'C:/XJTU COMPARCH/project_3/project_3.sim/sim_1/behav/xsim'
"xvlog --incr --relax -prj sim_ALU_vlog.prj"
INFO: [VRFC 10-2263] Analyzing Verilog file "C:/XJTU COMPARCH/project_3/project_3.srcs/sources_1/new/ADD.v" into library xil_defaultlib
INFO: [VRFC 10-311] analyzing module ADD
INFO: [VRFC 10-2263] Analyzing Verilog file "C:/XJTU COMPARCH/project_3/project_3.srcs/sources_1/new/ALU.v" into library xil_defaultlib
INFO: [VRFC 10-311] analyzing module ALU
INFO: [VRFC 10-2263] Analyzing Verilog file "C:/XJTU COMPARCH/project_3/project_3.srcs/sources_1/new/ALU_8.v" into library xil_defaultlib
INFO: [VRFC 10-311] analyzing module ALU_8
INFO: [VRFC 10-2263] Analyzing Verilog file "C:/XJTU COMPARCH/project_3/project_3.srcs/sources_1/new/Decoder38.v" into library xil_defaultlib
INFO: [VRFC 10-311] analyzing module Decoder38
INFO: [VRFC 10-2263] Analyzing Verilog file "C:/XJTU COMPARCH/project_3/project_3.srcs/sources_1/new/SLL.v" into library xil_defaultlib
INFO: [VRFC 10-311] analyzing module SLL
INFO: [VRFC 10-2263] Analyzing Verilog file "C:/XJTU COMPARCH/project_3/project_3.srcs/sources_1/new/SLT.v" into library xil_defaultlib
INFO: [VRFC 10-311] analyzing module SLT
INFO: [VRFC 10-2263] Analyzing Verilog file "C:/XJTU COMPARCH/project_3/project_3.srcs/sources_1/new/SUB.v" into library xil_defaultlib
INFO: [VRFC 10-311] analyzing module SUB
INFO: [VRFC 10-2263] Analyzing Verilog file "C:/XJTU COMPARCH/project_3/project_3.srcs/sources_1/new/fulladder_lookahead.v" into library xil_defaultlib
INFO: [VRFC 10-311] analyzing module fulladder_lookahead
INFO: [VRFC 10-2263] Analyzing Verilog file "C:/XJTU COMPARCH/project_3/project_3.srcs/sim_1/new/sim_ALU.v" into library xil_defaultlib
INFO: [VRFC 10-311] analyzing module sim_ALU
INFO: [USF-XSim-69] 'compile' step finished in '1' seconds
INFO: [USF-XSim-3] XSim::Elaborate design
INFO: [USF-XSim-61] Executing 'ELABORATE' step in 'C:/XJTU COMPARCH/project_3/project_3.sim/sim_1/behav/xsim'
"xelab -wto 16b8627c71ef4d079f8c706a6e47f435 --incr --debug typical --relax --mt 2 -L xil_defaultlib -L unisims_ver -L unimacro_ver -L secureip --snapshot sim_ALU_behav xil_defaultlib.sim_ALU xil_defaultlib.glbl -log elaborate.log"
Vivado Simulator 2019.2
Copyright 1986-1999, 2001-2019 Xilinx, Inc. All Rights Reserved.
Running: C:/Xilinx2019/Vivado/2019.2/bin/unwrapped/win64.o/xelab.exe -wto 16b8627c71ef4d079f8c706a6e47f435 --incr --debug typical --relax --mt 2 -L xil_defaultlib -L unisims_ver -L unimacro_ver -L secureip --snapshot sim_ALU_behav xil_defaultlib.sim_ALU xil_defaultlib.glbl -log elaborate.log 
Using 2 slave threads.
Starting static elaboration
Pass Through NonSizing Optimizer
WARNING: [VRFC 10-3091] actual bit length 32 differs from formal bit length 1 for port 'Cin' [C:/XJTU COMPARCH/project_3/project_3.srcs/sources_1/new/ADD.v:37]
Completed static elaboration
Starting simulation data flow analysis
Completed simulation data flow analysis
Time Resolution for simulation is 1ps
Compiling module xil_defaultlib.Decoder38
Compiling module xil_defaultlib.fulladder_lookahead
Compiling module xil_defaultlib.ADD
Compiling module xil_defaultlib.SUB
Compiling module xil_defaultlib.SLT
Compiling module xil_defaultlib.SLL
Compiling module xil_defaultlib.ALU_8
Compiling module xil_defaultlib.ALU
Compiling module xil_defaultlib.sim_ALU
Compiling module xil_defaultlib.glbl
Built simulation snapshot sim_ALU_behav
INFO: [USF-XSim-69] 'elaborate' step finished in '1' seconds
INFO: [USF-XSim-4] XSim::Simulate design
INFO: [USF-XSim-61] Executing 'SIMULATE' step in 'C:/XJTU COMPARCH/project_3/project_3.sim/sim_1/behav/xsim'
INFO: [USF-XSim-98] *** Running xsim
   with args "sim_ALU_behav -key {Behavioral:sim_1:Functional:sim_ALU} -tclbatch {sim_ALU.tcl} -log {simulate.log}"
INFO: [USF-XSim-8] Loading simulator feature
Vivado Simulator 2019.2
Time resolution is 1 ps
source sim_ALU.tcl
# set curr_wave [current_wave_config]
# if { [string length $curr_wave] == 0 } {
#   if { [llength [get_objects]] > 0} {
#     add_wave /
#     set_property needs_save false [current_wave_config]
#   } else {
#      send_msg_id Add_Wave-1 WARNING "No top level signals found. Simulator will start without a wave window. If you want to open a wave window go to 'File->New Waveform Configuration' or type 'create_wave_config' in the TCL console."
#   }
# }
# run 1000ns
INFO: [USF-XSim-96] XSim completed. Design snapshot 'sim_ALU_behav' loaded.
INFO: [USF-XSim-97] XSim simulation ran for 1000ns
close_sim
INFO: [Simtcl 6-16] Simulation closed
exit
INFO: [Common 17-206] Exiting Vivado at Tue Oct 29 12:25:41 2024...
